Global_Customer_ID,Customer ID,Age,Gender,Item Purchased,Category,Purchase Amount (Toman),Location,Size,Color,Season,Review Rating,Subscription Status,Shipping Type,Discount Applied,Promo Code Used,Previous Purchases,Payment Method,Frequency of Purchases,Customer_Key,Purchase_Date,Is_Campaign_Day,Campaign_Name,before,during,after
1,1,55,Male,Baguette,Bakery,2650000,Karaj,L,Gray,Winter,3.1,Yes,Express,Yes,Yes,14,0,Fortnightly,Male_Kentucky_55,7/10/2023,TRUE,Summer Sale Iran,0,1,0
2,2,19,Male,Laundry Detergent,Household,3200000,Arak,L,Maroon,Winter,3.1,Yes,Express,Yes,Yes,2,1,Fortnightly,Male_Maine_19,11/24/2023,TRUE,Yalda Festival,1,1,0
3,3,50,Male,Toothpaste,Personal Care,3650000,Tabriz,S,Maroon,Spring,3.1,Yes,Free Shipping,Yes,Yes,23,0,Weekly,Male_Massachusetts_50,10/27/2023,FALSE,,0,0,0
4,4,21,Male,Sunflower Oil,Grocery,4500000,Arak,M,Maroon,Spring,3.5,Yes,Next Day Air,Yes,Yes,49,0,Weekly,Male_Rhode Island_21,4/29/2023,FALSE,,0,0,0
5,5,45,Male,Dishwashing Liquid,Household,2450000,Bandar Abbas,M,Turquoise,Spring,2.7,Yes,Free Shipping,Yes,Yes,31,0,Annually,Male_Oregon_45,3/24/2023,TRUE,Festival Norooz,0,2,1
6,6,46,Male,Cheddar Cheese,Dairy,1000000,Qazvin,M,White,Summer,2.9,Yes,Standard,Yes,Yes,14,0,Weekly,Male_Wyoming_46,5/25/2023,FALSE,,0,0,0
7,7,63,Male,Baguette,Bakery,4250000,Urmia,M,Gray,Fall,3.2,Yes,Free Shipping,Yes,Yes,49,1,Quarterly,Male_Montana_63,3/22/2023,TRUE,Festival Norooz,0,1,0
8,8,27,Male,Frozen Chicken,Frozen,1700000,Urmia,L,Charcoal,Winter,3.2,Yes,Free Shipping,Yes,Yes,19,0,Weekly,Male_Louisiana_27,3/20/2023,TRUE,Festival Norooz,0,1,1
9,9,26,Male,Mineral Water 1.5L,Beverages,4850000,Mashhad,L,Silver,Summer,2.6,Yes,Express,Yes,Yes,8,0,Annually,Male_West Virginia_26,7/2/2023,FALSE,,0,0,0
10,10,57,Male,Sunflower Oil,Grocery,1550000,Bandar Abbas,M,Pink,Spring,4.8,Yes,2-Day Shipping,Yes,Yes,4,1,Quarterly,Male_Missouri_57,11/29/2023,TRUE,Yalda Festival,1,1,0
11,11,53,Male,Mixed Nuts,Snacks,1700000,Urmia,L,Purple,Fall,4.1,Yes,Store Pickup,Yes,Yes,26,0,Bi-Weekly,Male_Arkansas_53,11/25/2023,TRUE,Yalda Festival,1,2,0
12,12,30,Male,Orange Juice,Beverages,3400000,Arak,S,Olive,Winter,4.9,Yes,Store Pickup,Yes,Yes,10,0,Fortnightly,Male_Hawaii_30,7/14/2023,TRUE,Summer Sale Iran,0,1,0
13,13,61,Male,Dishwashing Liquid,Household,3600000,Sari,M,Gold,Winter,4.5,Yes,Express,Yes,Yes,37,0,Fortnightly,Male_Delaware_61,7/13/2023,TRUE,Summer Sale Iran,0,1,1
14,14,65,Male,Sugar 1kg,Grocery,2550000,Tabriz,M,Violet,Spring,4.7,Yes,Express,Yes,Yes,31,0,Weekly,Male_New Hampshire_65,11/8/2023,FALSE,,0,0,0
15,15,64,Male,Rice 10kg,Grocery,2650000,Mashhad,L,Teal,Winter,4.7,Yes,Free Shipping,Yes,Yes,34,0,Weekly,Male_New York_64,5/21/2023,FALSE,,0,0,0
16,16,64,Male,Toothpaste,Personal Care,4050000,Rasht,M,Teal,Winter,2.8,Yes,Store Pickup,Yes,Yes,8,0,Monthly,Male_Rhode Island_64,4/5/2023,FALSE,,0,0,0
17,17,25,Male,Fresh Bread,Bakery,1800000,Karaj,S,Gray,Spring,4.1,Yes,Next Day Air,Yes,Yes,44,0,Bi-Weekly,Male_Alabama_25,7/17/2023,TRUE,Summer Sale Iran,0,1,1
18,18,53,Male,Cheddar Cheese,Dairy,1900000,Rasht,XL,Lavender,Winter,4.7,Yes,2-Day Shipping,Yes,Yes,36,0,Quarterly,Male_Mississippi_53,7/13/2023,TRUE,Summer Sale Iran,1,1,0
19,19,52,Male,Laundry Detergent,Household,2400000,Urmia,S,Black,Summer,4.6,Yes,Free Shipping,Yes,Yes,17,1,Weekly,Male_Montana_52,6/15/2023,FALSE,,0,0,0
20,20,66,Male,Sunflower Oil,Grocery,4500000,Tehran,M,Green,Summer,3.3,Yes,Standard,Yes,Yes,46,0,Bi-Weekly,Male_Rhode Island_66,11/4/2023,FALSE,,0,0,0
21,21,21,Male,Sunflower Oil,Grocery,2550000,Karaj,M,Black,Winter,2.8,Yes,Express,Yes,Yes,50,1,Every 3 Months,Male_Louisiana_21,11/21/2023,TRUE,Yalda Festival,0,1,0
22,22,31,Male,Rice 10kg,Grocery,3100000,Arak,M,Charcoal,Winter,4.1,Yes,Store Pickup,Yes,Yes,22,0,Quarterly,Male_North Carolina_31,7/14/2023,TRUE,Summer Sale Iran,0,1,0
23,23,56,Male,Cheddar Cheese,Dairy,1850000,Qazvin,M,Peach,Summer,3.2,Yes,Store Pickup,Yes,Yes,32,0,Annually,Male_California_56,9/30/2023,FALSE,,0,0,0
24,24,31,Male,Cola 1.5L,Beverages,4400000,Arak,XL,White,Winter,4.4,Yes,Express,Yes,Yes,40,0,Weekly,Male_Oklahoma_31,10/12/2023,FALSE,,0,0,0
25,25,18,Male,Cola 1.5L,Beverages,1100000,Sari,M,Green,Fall,2.9,Yes,Store Pickup,Yes,Yes,16,0,Weekly,Male_Florida_18,11/22/2023,TRUE,Yalda Festival,0,1,0
26,26,18,Male,Tea Box,Grocery,1250000,Isfahan,M,Silver,Summer,3.6,Yes,Express,Yes,Yes,14,0,Annually,Male_Texas_18,11/24/2023,TRUE,Yalda Festival,1,1,0
27,27,38,Male,Orange Juice,Beverages,1000000,Tehran,M,Red,Spring,3.6,Yes,Next Day Air,Yes,Yes,13,0,Annually,Male_Nevada_38,3/26/2023,TRUE,Festival Norooz,0,2,1
28,28,56,Male,Cheddar Cheese,Dairy,2800000,Tehran,L,Cyan,Summer,5,Yes,Next Day Air,Yes,Yes,7,0,Every 3 Months,Male_Kentucky_56,3/5/2023,FALSE,,0,0,0
29,29,54,Male,Rice 10kg,Grocery,4700000,Sari,M,Gray,Fall,4.4,Yes,Free Shipping,Yes,Yes,41,0,Every 3 Months,Male_North Carolina_54,7/13/2023,TRUE,Summer Sale Iran,0,1,0
30,30,31,Male,Sugar 1kg,Grocery,2400000,Shiraz,S,Black,Fall,4.1,Yes,Store Pickup,Yes,Yes,14,0,Weekly,Male_Wyoming_31,1/25/2023,FALSE,,0,0,0
31,31,57,Male,Cheddar Cheese,Dairy,1550000,Qom,L,Black,Winter,4.7,Yes,Standard,Yes,Yes,16,0,Monthly,Male_North Carolina_57,7/1/2023,FALSE,,0,0,0
32,32,33,Male,Cheddar Cheese,Dairy,3950000,Sari,L,Brown,Winter,4.7,Yes,Store Pickup,Yes,Yes,45,0,Monthly,Male_West Virginia_33,3/20/2023,TRUE,Festival Norooz,0,1,0
33,33,36,Male,Mixed Nuts,Snacks,3350000,Kerman,M,Silver,Summer,4.9,Yes,Free Shipping,Yes,Yes,37,0,Annually,Male_Kansas_36,7/19/2023,TRUE,Summer Sale Iran,0,1,0
34,34,54,Male,Cheddar Cheese,Dairy,1900000,Qazvin,L,Green,Summer,3.3,Yes,Store Pickup,Yes,Yes,45,1,Quarterly,Male_Colorado_54,11/30/2023,TRUE,Yalda Festival,0,1,0
35,35,36,Male,Chocolate Bar,Snacks,4550000,Karaj,L,Violet,Spring,4.6,Yes,2-Day Shipping,Yes,Yes,38,0,Quarterly,Male_North Dakota_36,11/29/2023,TRUE,Yalda Festival,2,1,0
36,36,54,Male,Cola 1.5L,Beverages,1650000,Kerman,M,Cyan,Summer,4,Yes,2-Day Shipping,Yes,Yes,48,0,Bi-Weekly,Male_Massachusetts_54,11/29/2023,TRUE,Yalda Festival,2,1,0
37,37,35,Male,Yogurt Bucket,Dairy,3450000,Kermanshah,M,Maroon,Winter,4.6,Yes,Free Shipping,Yes,Yes,44,0,Fortnightly,Male_Illinois_35,10/24/2023,FALSE,,0,0,0
38,38,35,Male,Sugar 1kg,Grocery,2250000,Hamedan,S,Cyan,Summer,2.8,Yes,Store Pickup,Yes,Yes,10,0,Weekly,Male_Indiana_35,7/15/2023,TRUE,Summer Sale Iran,0,1,1
39,39,29,Male,Mineral Water 1.5L,Beverages,1850000,Kermanshah,M,Red,Winter,3.7,Yes,2-Day Shipping,Yes,Yes,44,0,Every 3 Months,Male_Florida_29,7/13/2023,TRUE,Summer Sale Iran,0,2,0
40,40,70,Male,Mineral Water 1.5L,Beverages,3000000,Sari,S,Turquoise,Summer,4.2,Yes,Express,Yes,Yes,18,0,Monthly,Male_Arizona_70,7/19/2023,TRUE,Summer Sale Iran,0,1,0
41,41,69,Male,Cheddar Cheese,Dairy,3800000,Tehran,L,Beige,Winter,4.6,Yes,Next Day Air,Yes,Yes,31,0,Quarterly,Male_Louisiana_69,7/14/2023,TRUE,Summer Sale Iran,1,1,0
42,42,67,Male,Laundry Detergent,Household,1950000,Rasht,M,Orange,Spring,4.5,Yes,Standard,Yes,Yes,40,0,Annually,Male_Alaska_67,11/23/2023,TRUE,Yalda Festival,1,1,0
43,43,20,Male,Pasta Pack,Grocery,5000000,Hamedan,M,Beige,Spring,4.1,Yes,Free Shipping,Yes,Yes,15,0,Annually,Male_Tennessee_20,11/30/2023,TRUE,Yalda Festival,2,1,0
44,44,25,Male,Chocolate Bar,Snacks,3450000,Qazvin,L,Lavender,Fall,3.7,Yes,Store Pickup,Yes,Yes,19,0,Fortnightly,Male_Ohio_25,2/11/2023,FALSE,,0,0,0
45,45,39,Male,Sugar 1kg,Grocery,2650000,Mashhad,S,Silver,Summer,4.6,Yes,Free Shipping,Yes,Yes,45,0,Weekly,Male_Kentucky_39,9/28/2023,FALSE,,0,0,0
46,46,50,Male,Pasta Pack,Grocery,1050000,Hamedan,XL,Indigo,Fall,2.9,Yes,2-Day Shipping,Yes,Yes,25,0,Annually,Male_Tennessee_50,11/21/2023,TRUE,Yalda Festival,0,1,0
47,47,57,Male,Pasta Pack,Grocery,2150000,Karaj,L,White,Summer,2.9,Yes,Store Pickup,Yes,Yes,45,1,Quarterly,Male_California_57,8/8/2023,FALSE,,0,0,0
48,48,55,Male,Frozen Pizza,Frozen,2700000,Sari,M,Charcoal,Winter,4.5,Yes,Free Shipping,Yes,Yes,36,1,Weekly,Male_Montana_55,3/20/2023,TRUE,Festival Norooz,0,1,0
49,49,42,Male,Fresh Bread,Bakery,2750000,Urmia,M,Orange,Summer,2.7,Yes,Store Pickup,Yes,Yes,38,1,Monthly,Male_Nevada_42,11/27/2023,TRUE,Yalda Festival,1,1,0
50,50,68,Male,Frozen Pizza,Frozen,1500000,Qom,S,Indigo,Spring,4.6,Yes,Next Day Air,Yes,Yes,34,0,Bi-Weekly,Male_New Jersey_68,3/27/2023,TRUE,Festival Norooz,0,1,0
51,51,49,Male,Yogurt Bucket,Dairy,1400000,Yazd,M,Red,Spring,3.7,Yes,Store Pickup,Yes,Yes,39,0,Bi-Weekly,Male_Maryland_49,7/11/2023,TRUE,Summer Sale Iran,2,1,0
52,52,59,Male,Fresh Bread,Bakery,2950000,Bandar Abbas,XL,Gray,Winter,4.7,Yes,2-Day Shipping,Yes,Yes,7,0,Quarterly,Male_Vermont_59,11/19/2023,FALSE,,0,0,0
53,53,42,Male,Milk 1L,Dairy,1000000,Isfahan,M,Green,Summer,2.6,Yes,Free Shipping,Yes,Yes,26,0,Weekly,Male_Alaska_42,11/28/2023,TRUE,Yalda Festival,2,1,0
54,54,29,Male,Paper Towel Pack,Household,1200000,Arak,S,Peach,Winter,3.9,Yes,Next Day Air,Yes,Yes,35,0,Weekly,Male_Mississippi_29,3/23/2023,TRUE,Festival Norooz,1,1,0
55,55,47,Male,Sunflower Oil,Grocery,4700000,Tabriz,M,Brown,Summer,4.2,Yes,Next Day Air,Yes,Yes,35,0,Bi-Weekly,Male_New Mexico_47,3/26/2023,TRUE,Festival Norooz,0,1,0
56,56,40,Male,Sunflower Oil,Grocery,1400000,Arak,M,Lavender,Winter,3,Yes,2-Day Shipping,Yes,Yes,49,0,Annually,Male_South Carolina_40,7/11/2023,TRUE,Summer Sale Iran,1,1,0
57,57,41,Male,Frozen Chicken,Frozen,3650000,Karaj,XL,Brown,Summer,4.7,Yes,Store Pickup,Yes,Yes,46,0,Weekly,Male_Mississippi_41,10/12/2023,FALSE,,0,0,0
58,58,21,Male,Shampoo,Personal Care,3200000,Karaj,M,White,Summer,4.4,Yes,Store Pickup,Yes,Yes,17,0,Fortnightly,Male_West Virginia_21,3/24/2023,TRUE,Festival Norooz,0,2,1
59,59,69,Male,Dishwashing Liquid,Household,2700000,Kerman,M,Charcoal,Summer,4.2,Yes,Free Shipping,Yes,Yes,29,0,Monthly,Male_Missouri_69,3/24/2023,TRUE,Festival Norooz,0,1,2
60,60,63,Male,Frozen Pizza,Frozen,3950000,Isfahan,L,Yellow,Spring,4.6,Yes,Standard,Yes,Yes,4,0,Weekly,Male_Louisiana_63,7/17/2023,TRUE,Summer Sale Iran,1,1,2
61,61,50,Male,Frozen Pizza,Frozen,1850000,Qom,L,Brown,Summer,4,Yes,Express,Yes,Yes,17,1,Weekly,Male_Idaho_50,4/15/2023,FALSE,,0,0,0
62,62,55,Male,Yogurt Bucket,Dairy,3400000,Kerman,M,Orange,Winter,4.7,Yes,Store Pickup,Yes,Yes,21,0,Every 3 Months,Male_Texas_55,11/26/2023,TRUE,Yalda Festival,0,1,1
63,63,30,Male,Milk 1L,Dairy,1050000,Kerman,S,Magenta,Spring,3.8,Yes,Free Shipping,Yes,Yes,31,0,Fortnightly,Male_Mississippi_30,3/26/2023,TRUE,Festival Norooz,0,1,0
64,64,33,Male,Sugar 1kg,Grocery,3950000,Urmia,L,Lavender,Winter,2.7,Yes,2-Day Shipping,Yes,Yes,43,0,Weekly,Male_Arizona_33,3/19/2023,FALSE,,0,0,0
65,65,65,Male,Fresh Bread,Bakery,4150000,Shiraz,S,Green,Fall,4.8,Yes,Standard,Yes,Yes,18,0,Fortnightly,Male_Alabama_65,11/23/2023,TRUE,Yalda Festival,1,3,0
66,66,65,Male,Rice 10kg,Grocery,1800000,Mashhad,M,Purple,Spring,4.8,Yes,2-Day Shipping,Yes,Yes,44,0,Every 3 Months,Male_New Jersey_65,2/7/2023,FALSE,,0,0,0
67,67,31,Male,Laundry Detergent,Household,4700000,Qazvin,S,Magenta,Winter,4.7,Yes,2-Day Shipping,Yes,Yes,3,0,Every 3 Months,Male_Pennsylvania_31,5/27/2023,FALSE,,0,0,0
68,68,45,Male,Mixed Nuts,Snacks,1650000,Sari,L,Gray,Winter,4.4,Yes,Store Pickup,Yes,Yes,49,0,Monthly,Male_Connecticut_45,3/27/2023,TRUE,Festival Norooz,0,1,0
69,69,57,Male,Potato Chips,Snacks,2300000,Rasht,L,Silver,Summer,3.9,Yes,Next Day Air,Yes,Yes,21,1,Every 3 Months,Male_Utah_57,11/24/2023,TRUE,Yalda Festival,1,1,0
70,70,48,Male,Rice 10kg,Grocery,3500000,Bandar Abbas,S,Cyan,Summer,4.4,Yes,Express,Yes,Yes,5,1,Weekly,Male_Tennessee_48,7/19/2023,TRUE,Summer Sale Iran,1,2,0
71,71,22,Male,Toothpaste,Personal Care,1450000,Sari,M,Magenta,Fall,4.2,Yes,Express,Yes,Yes,32,0,Every 3 Months,Male_Alabama_22,11/24/2023,TRUE,Yalda Festival,0,1,0
72,72,36,Male,Chocolate Bar,Snacks,2400000,Urmia,L,Gold,Summer,2.9,Yes,Express,Yes,Yes,34,0,Annually,Male_Virginia_36,11/30/2023,TRUE,Yalda Festival,0,2,0
73,73,18,Male,Dishwashing Liquid,Household,1300000,Hamedan,M,Olive,Winter,2.9,Yes,Store Pickup,Yes,Yes,21,0,Every 3 Months,Male_Georgia_18,11/25/2023,TRUE,Yalda Festival,1,1,0
74,74,48,Male,Sugar 1kg,Grocery,4250000,Yazd,M,Teal,Spring,2.7,Yes,Free Shipping,Yes,Yes,43,0,Bi-Weekly,Male_Hawaii_48,5/1/2023,FALSE,,0,0,0
75,75,49,Male,Mineral Water 1.5L,Beverages,2900000,Sari,L,Violet,Spring,4.5,Yes,Express,Yes,Yes,3,1,Monthly,Male_Indiana_49,7/19/2023,TRUE,Summer Sale Iran,1,1,2
76,76,64,Male,Cola 1.5L,Beverages,4250000,Tabriz,M,Blue,Summer,2.7,Yes,Free Shipping,Yes,Yes,21,0,Annually,Male_Utah_64,4/4/2023,FALSE,,0,0,0
77,77,50,Male,Shampoo,Personal Care,2150000,Kerman,S,Teal,Summer,4.2,Yes,Free Shipping,Yes,Yes,32,0,Monthly,Male_Delaware_50,11/28/2023,TRUE,Yalda Festival,1,1,0
78,78,22,Male,Milk 1L,Dairy,2650000,Qazvin,L,Gold,Summer,3.3,Yes,Next Day Air,Yes,Yes,36,0,Fortnightly,Male_Delaware_22,3/23/2023,TRUE,Festival Norooz,0,1,0
79,79,50,Male,Chocolate Bar,Snacks,4550000,Tabriz,M,Maroon,Spring,4.7,Yes,Free Shipping,Yes,Yes,50,0,Fortnightly,Male_Nebraska_50,7/12/2023,TRUE,Summer Sale Iran,1,1,1
80,80,38,Male,Laundry Detergent,Household,4800000,Sari,M,Olive,Winter,2.6,Yes,2-Day Shipping,Yes,Yes,43,0,Every 3 Months,Male_Iowa_38,11/28/2023,TRUE,Yalda Festival,2,1,0
81,81,19,Male,Fresh Bread,Bakery,3600000,Karaj,XL,Blue,Summer,3.3,Yes,Store Pickup,Yes,Yes,24,0,Every 3 Months,Male_New York_19,11/25/2023,TRUE,Yalda Festival,1,2,0
82,82,67,Male,Milk 1L,Dairy,4800000,Sari,L,Maroon,Summer,2.6,Yes,Express,Yes,Yes,36,0,Every 3 Months,Male_Virginia_67,6/20/2023,FALSE,,0,0,0
83,83,19,Male,Cola 1.5L,Beverages,1400000,Qazvin,S,Olive,Spring,4,Yes,2-Day Shipping,Yes,Yes,21,0,Every 3 Months,Male_Georgia_19,9/21/2023,FALSE,,0,0,0
84,84,36,Male,Orange Juice,Beverages,2000000,Ahvaz,M,Turquoise,Summer,4.1,Yes,Standard,Yes,Yes,34,0,Weekly,Male_Texas_36,7/16/2023,TRUE,Summer Sale Iran,0,1,1
85,85,52,Male,Orange Juice,Beverages,1600000,Qazvin,S,Peach,Spring,4.4,Yes,Standard,Yes,Yes,42,0,Every 3 Months,Male_Arizona_52,12/1/2023,FALSE,,0,0,0
86,86,53,Male,Tea Box,Grocery,4750000,Sari,M,Charcoal,Winter,4.5,Yes,Next Day Air,Yes,Yes,2,0,Bi-Weekly,Male_New Mexico_53,5/20/2023,FALSE,,0,0,0
87,87,24,Male,Shampoo,Personal Care,2050000,Hamedan,L,Pink,Spring,3.7,Yes,2-Day Shipping,Yes,Yes,47,1,Bi-Weekly,Male_Nevada_24,7/1/2023,FALSE,,0,0,0
88,88,52,Male,Cheddar Cheese,Dairy,2650000,Ahvaz,M,Green,Fall,3.7,Yes,2-Day Shipping,Yes,Yes,44,0,Fortnightly,Male_Ohio_52,5/5/2023,FALSE,,0,0,0
89,89,33,Male,Body Wash,Personal Care,2350000,Bandar Abbas,M,Orange,Fall,3.5,Yes,Free Shipping,Yes,Yes,35,0,Monthly,Male_Wyoming_33,7/12/2023,TRUE,Summer Sale Iran,0,1,0
90,90,47,Male,Fresh Bread,Bakery,4150000,Isfahan,XL,Pink,Fall,3.6,Yes,Next Day Air,Yes,Yes,15,1,Quarterly,Male_California_47,3/27/2023,TRUE,Festival Norooz,0,1,1
91,91,25,Male,Frozen Chicken,Frozen,2400000,Bandar Abbas,L,Violet,Summer,2.9,Yes,Express,Yes,Yes,29,0,Monthly,Male_South Carolina_25,3/2/2023,FALSE,,0,0,0
92,92,44,Male,Frozen Pizza,Frozen,4950000,Isfahan,S,Green,Winter,4.6,Yes,Standard,Yes,Yes,18,0,Every 3 Months,Male_South Carolina_44,3/20/2023,TRUE,Festival Norooz,0,1,0
93,93,61,Male,Mixed Nuts,Snacks,4350000,Qazvin,M,Olive,Winter,4.4,Yes,2-Day Shipping,Yes,Yes,13,0,Every 3 Months,Male_Texas_61,7/10/2023,TRUE,Summer Sale Iran,2,1,0
94,94,37,Male,Milk 1L,Dairy,3100000,Rasht,M,Purple,Fall,4.5,Yes,Standard,Yes,Yes,46,0,Weekly,Male_Florida_37,10/14/2023,FALSE,,0,0,0
95,95,58,Male,Mineral Water 1.5L,Beverages,3800000,Shiraz,S,Silver,Spring,4.6,Yes,Free Shipping,Yes,Yes,28,0,Weekly,Male_Nevada_58,7/10/2023,TRUE,Summer Sale Iran,0,1,0
96,96,37,Male,Mixed Nuts,Snacks,5000000,Sari,L,Pink,Fall,3.8,Yes,Free Shipping,Yes,Yes,48,0,Monthly,Male_Missouri_37,3/25/2023,TRUE,Festival Norooz,0,1,0
97,97,32,Male,Mixed Nuts,Snacks,3650000,Yazd,S,Gold,Spring,3.6,Yes,Express,Yes,Yes,43,0,Every 3 Months,Male_Delaware_32,8/27/2023,FALSE,,0,0,0
98,98,21,Male,Chocolate Bar,Snacks,4600000,Qazvin,M,Teal,Winter,4.8,Yes,Store Pickup,Yes,Yes,37,1,Annually,Male_Virginia_21,7/25/2023,FALSE,,0,0,0
99,99,20,Male,Fresh Bread,Bakery,3350000,Tabriz,XL,Teal,Spring,2.6,Yes,Next Day Air,Yes,Yes,20,0,Annually,Male_New York_20,7/12/2023,TRUE,Summer Sale Iran,0,1,0
100,100,26,Male,Toothpaste,Personal Care,2000000,Kermanshah,XL,Indigo,Summer,3.7,Yes,Express,Yes,Yes,33,0,Quarterly,Male_Missouri_26,3/29/2023,TRUE,Festival Norooz,0,1,0
101,101,62,Male,Chocolate Bar,Snacks,4900000,Sari,M,Maroon,Fall,2.7,Yes,Express,Yes,Yes,31,1,Fortnightly,Male_South Dakota_62,3/24/2023,TRUE,Festival Norooz,0,1,1
102,102,27,Male,Frozen Pizza,Frozen,4250000,Bandar Abbas,XL,White,Spring,4.6,Yes,Express,Yes,Yes,50,0,Bi-Weekly,Male_North Dakota_27,1/7/2023,FALSE,,0,0,0
103,103,51,Male,Mineral Water 1.5L,Beverages,3350000,Tabriz,L,Violet,Winter,4.8,Yes,Next Day Air,Yes,Yes,35,0,Quarterly,Male_Oklahoma_51,11/28/2023,TRUE,Yalda Festival,2,2,0
104,104,54,Male,Sunflower Oil,Grocery,4450000,Ahvaz,L,Red,Winter,4,Yes,Next Day Air,Yes,Yes,22,0,Bi-Weekly,Male_West Virginia_54,5/3/2023,FALSE,,0,0,0
105,105,55,Male,Body Wash,Personal Care,1200000,Kermanshah,L,Pink,Spring,4.4,Yes,2-Day Shipping,Yes,Yes,1,0,Monthly,Male_New Hampshire_55,1/15/2023,FALSE,,0,0,0
106,106,69,Male,Paper Towel Pack,Household,4800000,Mashhad,M,Charcoal,Fall,3.6,Yes,Next Day Air,Yes,Yes,4,0,Annually,Male_New York_69,8/29/2023,FALSE,,0,0,0
107,107,64,Male,Dishwashing Liquid,Household,1750000,Bandar Abbas,L,White,Summer,3.7,Yes,Standard,Yes,Yes,31,0,Monthly,Male_Minnesota_64,2/2/2023,FALSE,,0,0,0
108,108,28,Male,Cheddar Cheese,Dairy,3350000,Rasht,L,Olive,Winter,3.1,Yes,Next Day Air,Yes,Yes,46,0,Fortnightly,Male_Maryland_28,6/11/2023,FALSE,,0,0,0
109,109,70,Male,Body Wash,Personal Care,3950000,Mashhad,L,Purple,Spring,3.4,Yes,Next Day Air,Yes,Yes,32,0,Bi-Weekly,Male_Montana_70,11/20/2023,TRUE,Yalda Festival,0,1,0
110,110,58,Male,Baguette,Bakery,4250000,Shiraz,M,Violet,Spring,2.6,Yes,Next Day Air,Yes,Yes,43,0,Fortnightly,Male_Alabama_58,11/16/2023,FALSE,,0,0,0
111,111,56,Male,Potato Chips,Snacks,1300000,Arak,M,Black,Summer,4,Yes,Standard,Yes,Yes,26,0,Fortnightly,Male_New York_56,11/27/2023,TRUE,Yalda Festival,2,1,0
112,112,26,Male,Mineral Water 1.5L,Beverages,3750000,Tabriz,L,Purple,Summer,5,Yes,Free Shipping,Yes,Yes,9,0,Annually,Male_Massachusetts_26,7/20/2023,TRUE,Summer Sale Iran,0,1,0
94,113,37,Male,Rice 10kg,Grocery,3250000,Urmia,M,Red,Spring,4.3,Yes,Free Shipping,Yes,Yes,28,0,Bi-Weekly,Male_Florida_37,4/2/2023,FALSE,,0,0,0
113,114,44,Male,Mineral Water 1.5L,Beverages,2700000,Kermanshah,L,Maroon,Winter,3.1,Yes,Next Day Air,Yes,Yes,20,0,Quarterly,Male_New Jersey_44,8/12/2023,FALSE,,0,0,0
114,115,70,Male,Sunflower Oil,Grocery,4750000,Qazvin,S,Blue,Summer,3.7,Yes,Store Pickup,Yes,Yes,9,1,Weekly,Male_Massachusetts_70,3/24/2023,TRUE,Festival Norooz,0,2,2
115,116,53,Male,Rice 10kg,Grocery,4700000,Shiraz,M,Gray,Spring,3.8,Yes,Standard,Yes,Yes,48,0,Every 3 Months,Male_Wyoming_53,11/29/2023,TRUE,Yalda Festival,0,1,1
116,117,55,Male,Shampoo,Personal Care,4300000,Shiraz,S,Blue,Spring,3.4,Yes,Free Shipping,Yes,Yes,12,0,Annually,Male_Virginia_55,3/27/2023,TRUE,Festival Norooz,1,1,1
117,118,50,Male,Cola 1.5L,Beverages,1600000,Arak,L,Yellow,Summer,4.6,Yes,Express,Yes,Yes,29,1,Fortnightly,Male_South Dakota_50,11/24/2023,TRUE,Yalda Festival,1,1,0
118,119,50,Male,Sugar 1kg,Grocery,2250000,Ahvaz,L,Orange,Fall,4.8,Yes,2-Day Shipping,Yes,Yes,27,1,Bi-Weekly,Male_Kentucky_50,12/26/2023,FALSE,,0,0,0
119,120,38,Male,Milk 1L,Dairy,3800000,Arak,M,Orange,Fall,4.3,Yes,Express,Yes,Yes,44,1,Annually,Male_Wyoming_38,12/15/2023,FALSE,,0,0,0
120,121,64,Male,Chocolate Bar,Snacks,4200000,Tabriz,L,Red,Summer,4,Yes,Express,Yes,Yes,32,0,Annually,Male_West Virginia_64,3/22/2023,TRUE,Festival Norooz,1,1,0
121,122,19,Male,Pasta Pack,Grocery,3600000,Sari,M,Olive,Winter,4.2,Yes,Standard,Yes,Yes,11,1,Fortnightly,Male_Virginia_19,7/19/2023,TRUE,Summer Sale Iran,0,1,0
122,123,40,Male,Cola 1.5L,Beverages,2000000,Qom,L,Brown,Spring,4.8,Yes,2-Day Shipping,Yes,Yes,44,1,Fortnightly,Male_Washington_40,9/30/2023,FALSE,,0,0,0
123,124,57,Male,Cheddar Cheese,Dairy,4450000,Rasht,L,Brown,Fall,3.1,Yes,Free Shipping,Yes,Yes,46,1,Weekly,Male_Louisiana_57,3/23/2023,TRUE,Festival Norooz,0,1,0
124,125,44,Male,Baguette,Bakery,4300000,Hamedan,M,Gray,Spring,3.1,Yes,Next Day Air,Yes,Yes,50,0,Annually,Male_Nevada_44,7/16/2023,TRUE,Summer Sale Iran,0,1,0
125,126,49,Male,Orange Juice,Beverages,2700000,Hamedan,M,Indigo,Winter,3.6,Yes,Next Day Air,Yes,Yes,45,0,Every 3 Months,Male_California_49,6/16/2023,FALSE,,0,0,0
126,127,43,Male,Toothpaste,Personal Care,1800000,Qom,L,Pink,Spring,3.9,Yes,Store Pickup,Yes,Yes,48,1,Every 3 Months,Male_Mississippi_43,7/14/2023,TRUE,Summer Sale Iran,1,2,0
127,128,24,Male,Body Wash,Personal Care,4450000,Rasht,M,Gray,Winter,4.8,Yes,Next Day Air,Yes,Yes,26,0,Weekly,Male_Mississippi_24,7/10/2023,TRUE,Summer Sale Iran,0,1,0
128,129,20,Male,Mixed Nuts,Snacks,1600000,Sari,M,Gold,Spring,4.7,Yes,Standard,Yes,Yes,21,0,Fortnightly,Male_California_20,3/25/2023,TRUE,Festival Norooz,0,1,0
129,130,24,Male,Yogurt Bucket,Dairy,3350000,Isfahan,XL,Olive,Summer,4.2,Yes,2-Day Shipping,Yes,Yes,49,0,Bi-Weekly,Male_Pennsylvania_24,3/30/2023,TRUE,Festival Norooz,0,1,1
130,131,44,Male,Mineral Water 1.5L,Beverages,1950000,Arak,L,Violet,Fall,3.7,Yes,Next Day Air,Yes,Yes,13,0,Fortnightly,Male_Kentucky_44,3/29/2023,TRUE,Festival Norooz,0,1,0
131,132,28,Male,Shampoo,Personal Care,1450000,Yazd,L,Indigo,Summer,3.9,Yes,Standard,Yes,Yes,46,0,Weekly,Male_Maine_28,1/6/2023,FALSE,,0,0,0
132,133,30,Male,Chocolate Bar,Snacks,2900000,Rasht,M,Orange,Fall,4.7,Yes,2-Day Shipping,Yes,Yes,42,0,Weekly,Male_New Mexico_30,3/20/2023,TRUE,Festival Norooz,2,1,2
19,134,52,Male,Cheddar Cheese,Dairy,3250000,Yazd,M,Violet,Winter,2.5,Yes,Next Day Air,Yes,Yes,25,0,Annually,Male_Montana_52,2/4/2023,FALSE,,0,0,0
133,135,43,Male,Toothpaste,Personal Care,4700000,Tabriz,L,Gray,Fall,4.9,Yes,Store Pickup,Yes,Yes,25,1,Monthly,Male_Texas_43,11/28/2023,TRUE,Yalda Festival,1,1,0
134,136,43,Male,Baguette,Bakery,4050000,Arak,M,Purple,Fall,4.1,Yes,Express,Yes,Yes,12,0,Quarterly,Male_Kansas_43,3/6/2023,FALSE,,0,0,0
135,137,39,Male,Pasta Pack,Grocery,4300000,Kermanshah,M,White,Winter,3.3,Yes,Free Shipping,Yes,Yes,4,0,Quarterly,Male_South Carolina_39,3/25/2023,TRUE,Festival Norooz,0,1,0
136,138,68,Male,Yogurt Bucket,Dairy,2150000,Ahvaz,M,Turquoise,Spring,4.7,Yes,Free Shipping,Yes,Yes,38,0,Weekly,Male_Colorado_68,11/28/2023,TRUE,Yalda Festival,0,1,0
137,139,68,Male,Rice 10kg,Grocery,1450000,Shiraz,M,Maroon,Winter,4.4,Yes,Store Pickup,Yes,Yes,42,0,Weekly,Male_Georgia_68,11/28/2023,TRUE,Yalda Festival,0,3,0
138,140,49,Male,Laundry Detergent,Household,4750000,Hamedan,M,White,Fall,3.8,Yes,Store Pickup,Yes,Yes,30,0,Annually,Male_Florida_49,2/11/2023,FALSE,,0,0,0
139,141,63,Male,Cheddar Cheese,Dairy,1400000,Ahvaz,L,Yellow,Fall,3.9,Yes,2-Day Shipping,Yes,Yes,50,0,Weekly,Male_North Carolina_63,7/16/2023,TRUE,Summer Sale Iran,0,1,1
140,142,56,Male,Pasta Pack,Grocery,2300000,Karaj,M,Turquoise,Fall,4.9,Yes,Free Shipping,Yes,Yes,45,0,Weekly,Male_Virginia_56,7/10/2023,TRUE,Summer Sale Iran,0,1,0
141,143,37,Male,Paper Towel Pack,Household,2900000,Tabriz,L,Violet,Fall,3.1,Yes,Free Shipping,Yes,Yes,33,0,Fortnightly,Male_Nebraska_37,11/30/2023,TRUE,Yalda Festival,0,1,0
142,144,30,Male,Sugar 1kg,Grocery,2400000,Tabriz,M,Beige,Fall,2.7,Yes,Store Pickup,Yes,Yes,25,0,Quarterly,Male_Missouri_30,11/13/2023,FALSE,,0,0,0
143,145,19,Male,Laundry Detergent,Household,2150000,Shiraz,M,Silver,Fall,3.2,Yes,Express,Yes,Yes,25,1,Monthly,Male_New Jersey_19,12/4/2023,FALSE,,0,0,0
144,146,24,Male,Cheddar Cheese,Dairy,4750000,Karaj,M,Teal,Fall,4.5,Yes,Standard,Yes,Yes,44,0,Quarterly,Male_Missouri_24,8/27/2023,FALSE,,0,0,0
145,147,52,Male,Dishwashing Liquid,Household,1500000,Shiraz,S,Black,Fall,4,Yes,Standard,Yes,Yes,21,0,Fortnightly,Male_Colorado_52,4/11/2023,FALSE,,0,0,0
146,148,63,Male,Tea Box,Grocery,3200000,Rasht,M,Purple,Summer,3.5,Yes,2-Day Shipping,Yes,Yes,31,0,Fortnightly,Male_Idaho_63,12/4/2023,FALSE,,0,0,0
147,149,37,Male,Laundry Detergent,Household,4500000,Mashhad,M,Gray,Fall,2.6,Yes,Store Pickup,Yes,Yes,47,0,Annually,Male_Wyoming_37,11/24/2023,TRUE,Yalda Festival,1,1,0
148,150,38,Male,Body Wash,Personal Care,3800000,Qom,M,White,Summer,3.2,Yes,Free Shipping,Yes,Yes,14,0,Monthly,Male_Delaware_38,2/26/2023,FALSE,,0,0,0
149,151,35,Male,Potato Chips,Snacks,4800000,Kermanshah,L,Cyan,Fall,4.9,Yes,Standard,Yes,Yes,17,0,Every 3 Months,Male_California_35,3/1/2023,FALSE,,0,0,0
150,152,28,Male,Rice 10kg,Grocery,2350000,Rasht,L,Turquoise,Fall,4.5,Yes,Next Day Air,Yes,Yes,3,0,Annually,Male_North Dakota_28,11/22/2023,TRUE,Yalda Festival,0,1,0
151,153,30,Male,Body Wash,Personal Care,4250000,Urmia,S,Brown,Summer,4.3,Yes,Express,Yes,Yes,42,0,Annually,Male_South Carolina_30,7/18/2023,TRUE,Summer Sale Iran,0,1,0
152,154,69,Male,Pasta Pack,Grocery,2750000,Isfahan,M,Maroon,Winter,3.2,Yes,Standard,Yes,Yes,22,0,Annually,Male_North Carolina_69,4/3/2023,FALSE,,0,0,0
153,155,41,Male,Frozen Pizza,Frozen,4900000,Shiraz,M,Charcoal,Fall,3.6,Yes,Next Day Air,Yes,Yes,21,0,Quarterly,Male_Oklahoma_41,3/21/2023,TRUE,Festival Norooz,2,2,1
154,156,63,Male,Shampoo,Personal Care,3850000,Arak,S,Olive,Spring,4.3,Yes,Free Shipping,Yes,Yes,21,0,Quarterly,Male_Maine_63,7/13/2023,TRUE,Summer Sale Iran,0,2,1
155,157,35,Male,Yogurt Bucket,Dairy,1300000,Ahvaz,M,Lavender,Fall,4,Yes,Standard,Yes,Yes,40,0,Annually,Male_Missouri_35,7/18/2023,TRUE,Summer Sale Iran,1,2,1
156,158,36,Male,Mineral Water 1.5L,Beverages,3400000,Yazd,S,Yellow,Fall,3,Yes,Next Day Air,Yes,Yes,1,0,Fortnightly,Male_Vermont_36,7/16/2023,TRUE,Summer Sale Iran,0,1,1
157,159,25,Male,Body Wash,Personal Care,3650000,Qazvin,XL,Teal,Fall,4.1,Yes,Standard,Yes,Yes,50,0,Monthly,Male_Connecticut_25,11/30/2023,TRUE,Yalda Festival,3,1,0
158,160,58,Male,Fresh Bread,Bakery,1350000,Bandar Abbas,M,Charcoal,Fall,3.8,Yes,Store Pickup,Yes,Yes,39,0,Every 3 Months,Male_New Hampshire_58,6/6/2023,FALSE,,0,0,0
159,161,27,Male,Mineral Water 1.5L,Beverages,1150000,Qom,M,Orange,Summer,4.6,Yes,Free Shipping,Yes,Yes,34,0,Monthly,Male_Texas_27,11/20/2023,TRUE,Yalda Festival,2,1,0
160,162,65,Male,Shampoo,Personal Care,2450000,Karaj,M,Olive,Fall,3,Yes,Express,Yes,Yes,29,0,Fortnightly,Male_North Dakota_65,6/12/2023,FALSE,,0,0,0
161,163,54,Male,Pasta Pack,Grocery,3700000,Arak,M,Turquoise,Summer,3,Yes,Store Pickup,Yes,Yes,31,0,Bi-Weekly,Male_California_54,3/30/2023,TRUE,Festival Norooz,0,1,2
162,164,54,Male,Baguette,Bakery,3350000,Tabriz,M,Purple,Summer,3.4,Yes,Standard,Yes,Yes,8,0,Weekly,Male_Virginia_54,11/21/2023,TRUE,Yalda Festival,0,1,0
163,165,59,Male,Potato Chips,Snacks,3250000,Sari,S,Purple,Spring,2.6,Yes,Free Shipping,Yes,Yes,5,0,Fortnightly,Male_Delaware_59,7/20/2023,TRUE,Summer Sale Iran,0,1,0
164,166,42,Male,Chocolate Bar,Snacks,3000000,Karaj,S,Yellow,Winter,2.8,Yes,Store Pickup,Yes,Yes,7,1,Monthly,Male_Kentucky_42,10/20/2023,FALSE,,0,0,0
165,167,46,Male,Shampoo,Personal Care,1550000,Kerman,XL,Indigo,Fall,4,Yes,Store Pickup,Yes,Yes,30,1,Monthly,Male_Delaware_46,4/14/2023,FALSE,,0,0,0
166,168,33,Male,Sugar 1kg,Grocery,1350000,Mashhad,M,Green,Fall,4,Yes,Express,Yes,Yes,14,0,Every 3 Months,Male_Arkansas_33,11/29/2023,TRUE,Yalda Festival,0,1,0
167,169,34,Male,Mixed Nuts,Snacks,4000000,Qazvin,M,Magenta,Summer,3,Yes,Express,Yes,Yes,5,1,Fortnightly,Male_Louisiana_34,11/28/2023,TRUE,Yalda Festival,2,1,0
168,170,27,Male,Pasta Pack,Grocery,1500000,Kerman,S,Gold,Summer,3.3,Yes,Standard,Yes,Yes,3,0,Every 3 Months,Male_Nevada_27,3/20/2023,TRUE,Festival Norooz,0,1,0
169,171,52,Male,Orange Juice,Beverages,1250000,Yazd,M,Maroon,Fall,2.6,Yes,Store Pickup,Yes,Yes,46,0,Bi-Weekly,Male_Wyoming_52,12/18/2023,FALSE,,0,0,0
170,172,29,Male,Mixed Nuts,Snacks,1750000,Sari,M,Blue,Summer,3.6,Yes,Store Pickup,Yes,Yes,4,0,Weekly,Male_Virginia_29,6/2/2023,FALSE,,0,0,0
171,173,54,Male,Baguette,Bakery,3350000,Tabriz,M,Violet,Summer,3.9,Yes,Next Day Air,Yes,Yes,42,0,Bi-Weekly,Male_Nebraska_54,3/23/2023,TRUE,Festival Norooz,0,1,3
172,174,25,Male,Rice 10kg,Grocery,2300000,Mashhad,M,Turquoise,Fall,3.4,Yes,Standard,Yes,Yes,30,1,Annually,Male_Hawaii_25,11/21/2023,TRUE,Yalda Festival,0,1,0
173,175,41,Male,Yogurt Bucket,Dairy,1750000,Kermanshah,L,Brown,Winter,3.5,Yes,Express,Yes,Yes,37,0,Annually,Male_Vermont_41,7/11/2023,TRUE,Summer Sale Iran,0,2,1
174,176,53,Male,Frozen Chicken,Frozen,4300000,Kermanshah,L,Violet,Fall,2.8,Yes,Next Day Air,Yes,Yes,2,0,Annually,Male_Oklahoma_53,11/18/2023,FALSE,,0,0,0
175,177,53,Male,Sunflower Oil,Grocery,4050000,Bandar Abbas,L,Black,Spring,2.7,Yes,Next Day Air,Yes,Yes,30,0,Quarterly,Male_New Hampshire_53,3/2/2023,FALSE,,0,0,0
176,178,21,Male,Potato Chips,Snacks,2100000,Rasht,L,Magenta,Fall,3.7,Yes,Next Day Air,Yes,Yes,47,0,Monthly,Male_Kansas_21,11/21/2023,TRUE,Yalda Festival,0,1,0
177,179,61,Male,Cola 1.5L,Beverages,2150000,Tehran,L,Lavender,Fall,4.3,Yes,2-Day Shipping,Yes,Yes,21,0,Quarterly,Male_Idaho_61,11/28/2023,TRUE,Yalda Festival,0,2,0
178,180,64,Male,Mixed Nuts,Snacks,1550000,Bandar Abbas,M,Violet,Fall,4.9,Yes,Store Pickup,Yes,Yes,9,0,Fortnightly,Male_Illinois_64,11/20/2023,TRUE,Yalda Festival,2,1,1
179,181,51,Male,Body Wash,Personal Care,4050000,Kermanshah,L,Green,Fall,3.3,Yes,Store Pickup,Yes,Yes,12,0,Fortnightly,Male_South Dakota_51,7/15/2023,TRUE,Summer Sale Iran,0,1,0
180,182,32,Male,Yogurt Bucket,Dairy,3050000,Arak,M,Beige,Summer,4.7,Yes,Next Day Air,Yes,Yes,4,0,Weekly,Male_Massachusetts_32,11/22/2023,TRUE,Yalda Festival,0,1,0
181,183,38,Male,Mixed Nuts,Snacks,4800000,Yazd,XL,Purple,Summer,2.8,Yes,Store Pickup,Yes,Yes,10,0,Annually,Male_Alabama_38,3/20/2023,TRUE,Festival Norooz,0,1,0
182,184,58,Male,Frozen Pizza,Frozen,1450000,Isfahan,XL,Beige,Spring,3.6,Yes,2-Day Shipping,Yes,Yes,26,0,Weekly,Male_Ohio_58,3/30/2023,TRUE,Festival Norooz,0,2,0
183,185,32,Male,Shampoo,Personal Care,1650000,Karaj,L,Cyan,Spring,3,Yes,Express,Yes,Yes,40,1,Fortnightly,Male_Hawaii_32,7/13/2023,TRUE,Summer Sale Iran,1,2,1
184,186,46,Male,Paper Towel Pack,Household,1600000,Tehran,XL,Silver,Summer,4.5,Yes,Store Pickup,Yes,Yes,34,0,Fortnightly,Male_Wisconsin_46,9/22/2023,FALSE,,0,0,0
185,187,39,Male,Dishwashing Liquid,Household,2800000,Shiraz,S,Lavender,Summer,2.9,Yes,Standard,Yes,Yes,31,0,Annually,Male_Minnesota_39,3/24/2023,TRUE,Festival Norooz,0,1,0
83,188,19,Male,Cheddar Cheese,Dairy,4700000,Isfahan,S,Purple,Spring,3.3,Yes,Store Pickup,Yes,Yes,1,0,Bi-Weekly,Male_Georgia_19,3/30/2023,TRUE,Festival Norooz,0,1,2
186,189,50,Male,Tea Box,Grocery,2650000,Rasht,M,Pink,Spring,3.1,Yes,Express,Yes,Yes,5,0,Bi-Weekly,Male_Arkansas_50,12/3/2023,FALSE,,0,0,0
187,190,36,Male,Mineral Water 1.5L,Beverages,4100000,Qazvin,M,Maroon,Fall,4.4,Yes,Next Day Air,Yes,Yes,4,0,Weekly,Male_West Virginia_36,3/24/2023,TRUE,Festival Norooz,0,1,1
188,191,65,Male,Frozen Chicken,Frozen,3500000,Isfahan,XL,Beige,Fall,3,Yes,Free Shipping,Yes,Yes,48,0,Quarterly,Male_Indiana_65,3/20/2023,TRUE,Festival Norooz,0,1,3
76,192,64,Male,Sunflower Oil,Grocery,3800000,Sari,M,Gray,Fall,3.9,Yes,Free Shipping,Yes,Yes,29,1,Every 3 Months,Male_Utah_64,3/30/2023,TRUE,Festival Norooz,0,2,1
189,193,46,Male,Baguette,Bakery,1450000,Kermanshah,L,Turquoise,Summer,2.9,Yes,Express,Yes,Yes,12,0,Bi-Weekly,Male_Nebraska_46,1/16/2023,FALSE,,0,0,0
35,194,36,Male,Baguette,Bakery,5000000,Yazd,S,Silver,Fall,3,Yes,Standard,Yes,Yes,29,0,Annually,Male_North Dakota_36,7/20/2023,TRUE,Summer Sale Iran,1,1,1
190,195,51,Male,Yogurt Bucket,Dairy,4700000,Yazd,M,Olive,Spring,3.1,Yes,Express,Yes,Yes,15,0,Quarterly,Male_Missouri_51,11/21/2023,TRUE,Yalda Festival,0,1,0
191,196,51,Male,Fresh Bread,Bakery,1250000,Arak,M,Magenta,Fall,4.3,Yes,Free Shipping,Yes,Yes,34,0,Monthly,Male_New York_51,3/23/2023,TRUE,Festival Norooz,0,1,0
192,197,38,Male,Toothpaste,Personal Care,4400000,Karaj,M,Lavender,Summer,3.9,Yes,Next Day Air,Yes,Yes,41,0,Fortnightly,Male_Washington_38,3/28/2023,TRUE,Festival Norooz,0,1,1
193,198,59,Male,Cheddar Cheese,Dairy,3900000,Hamedan,M,Black,Fall,3.2,Yes,2-Day Shipping,Yes,Yes,41,0,Monthly,Male_South Carolina_59,8/12/2023,FALSE,,0,0,0
69,199,57,Male,Body Wash,Personal Care,2250000,Yazd,M,Turquoise,Winter,4.8,Yes,Standard,Yes,Yes,39,0,Fortnightly,Male_Utah_57,1/9/2023,FALSE,,0,0,0
194,200,54,Male,Toothpaste,Personal Care,3650000,Isfahan,XL,Green,Summer,3.8,Yes,Express,Yes,Yes,32,1,Weekly,Male_Idaho_54,3/22/2023,TRUE,Festival Norooz,0,1,1
195,201,25,Male,Sugar 1kg,Grocery,3050000,Karaj,S,Teal,Summer,3.3,Yes,Next Day Air,Yes,Yes,29,0,Monthly,Male_Pennsylvania_25,11/24/2023,TRUE,Yalda Festival,1,1,0
59,202,69,Male,Laundry Detergent,Household,1100000,Kerman,S,Beige,Fall,4.3,Yes,Free Shipping,Yes,Yes,15,0,Annually,Male_Missouri_69,11/27/2023,TRUE,Yalda Festival,2,1,0
196,203,57,Male,Milk 1L,Dairy,1900000,Qazvin,L,Magenta,Spring,2.7,Yes,Express,Yes,Yes,33,0,Annually,Male_Nebraska_57,8/21/2023,FALSE,,0,0,0
197,204,70,Male,Cola 1.5L,Beverages,1900000,Kerman,S,Yellow,Fall,3.2,Yes,Next Day Air,Yes,Yes,18,0,Weekly,Male_Indiana_70,11/29/2023,TRUE,Yalda Festival,4,1,0
198,205,24,Male,Chocolate Bar,Snacks,5000000,Arak,M,Yellow,Fall,4,Yes,Store Pickup,Yes,Yes,35,1,Bi-Weekly,Male_Arizona_24,1/23/2023,FALSE,,0,0,0
199,206,67,Male,Cola 1.5L,Beverages,3200000,Qazvin,M,Silver,Winter,3,Yes,Standard,Yes,Yes,25,0,Weekly,Male_Hawaii_67,11/25/2023,TRUE,Yalda Festival,2,1,0
200,207,24,Male,Frozen Pizza,Frozen,2750000,Urmia,L,Silver,Summer,4.2,Yes,Free Shipping,Yes,Yes,6,0,Fortnightly,Male_Wisconsin_24,7/23/2023,FALSE,,0,0,0
201,208,62,Male,Rice 10kg,Grocery,4550000,Mashhad,M,Silver,Summer,2.9,Yes,Express,Yes,Yes,17,0,Bi-Weekly,Male_Rhode Island_62,3/28/2023,TRUE,Festival Norooz,0,1,0
202,209,57,Male,Orange Juice,Beverages,1900000,Qom,M,Gold,Spring,4.1,Yes,Store Pickup,Yes,Yes,17,0,Monthly,Male_Wisconsin_57,3/22/2023,TRUE,Festival Norooz,1,2,0
203,210,55,Male,Mineral Water 1.5L,Beverages,4850000,Urmia,S,Olive,Winter,3.2,Yes,Store Pickup,Yes,Yes,44,1,Every 3 Months,Male_Minnesota_55,7/13/2023,TRUE,Summer Sale Iran,0,1,1
204,211,45,Male,Dishwashing Liquid,Household,1100000,Karaj,L,Teal,Fall,3,Yes,2-Day Shipping,Yes,Yes,6,0,Fortnightly,Male_Vermont_45,7/12/2023,TRUE,Summer Sale Iran,0,1,0
205,212,69,Male,Orange Juice,Beverages,4600000,Hamedan,L,Maroon,Fall,4.2,Yes,2-Day Shipping,Yes,Yes,45,0,Fortnightly,Male_South Dakota_69,11/27/2023,TRUE,Yalda Festival,0,2,0
82,213,67,Male,Yogurt Bucket,Dairy,4200000,Ahvaz,L,Blue,Fall,4.2,Yes,Express,Yes,Yes,7,0,Annually,Male_Virginia_67,3/31/2023,TRUE,Festival Norooz,0,1,1
206,214,30,Male,Frozen Pizza,Frozen,4650000,Hamedan,L,Peach,Fall,4.4,Yes,Store Pickup,Yes,Yes,11,0,Every 3 Months,Male_Nevada_30,7/13/2023,TRUE,Summer Sale Iran,0,1,1
207,215,24,Male,Yogurt Bucket,Dairy,2500000,Hamedan,L,Blue,Summer,4.2,Yes,Next Day Air,Yes,Yes,41,1,Every 3 Months,Male_Hawaii_24,3/24/2023,TRUE,Festival Norooz,0,1,0
208,216,62,Male,Mixed Nuts,Snacks,3200000,Kermanshah,S,Orange,Spring,2.8,Yes,2-Day Shipping,Yes,Yes,24,0,Bi-Weekly,Male_New Jersey_62,11/29/2023,TRUE,Yalda Festival,1,2,0
209,217,43,Male,Shampoo,Personal Care,3050000,Bandar Abbas,L,Yellow,Spring,3.7,Yes,Free Shipping,Yes,Yes,21,0,Weekly,Male_Massachusetts_43,1/2/2023,FALSE,,0,0,0
210,218,35,Male,Frozen Chicken,Frozen,2400000,Urmia,M,Purple,Winter,3.5,Yes,Next Day Air,Yes,Yes,24,0,Annually,Male_Oklahoma_35,3/24/2023,TRUE,Festival Norooz,1,1,2
211,219,28,Male,Pasta Pack,Grocery,2250000,Qom,S,Magenta,Spring,2.9,Yes,Store Pickup,Yes,Yes,8,0,Quarterly,Male_California_28,11/26/2023,TRUE,Yalda Festival,2,1,0
212,220,32,Male,Sugar 1kg,Grocery,4400000,Isfahan,M,Cyan,Spring,3,Yes,Free Shipping,Yes,Yes,12,1,Fortnightly,Male_Nevada_32,7/19/2023,TRUE,Summer Sale Iran,1,1,0
213,221,39,Male,Rice 10kg,Grocery,2850000,Urmia,S,Indigo,Spring,3.7,Yes,Express,Yes,Yes,48,0,Fortnightly,Male_Arizona_39,9/21/2023,FALSE,,0,0,0
214,222,28,Male,Tea Box,Grocery,3400000,Tehran,XL,Magenta,Summer,4.4,Yes,Store Pickup,Yes,Yes,6,0,Quarterly,Male_North Carolina_28,12/2/2023,FALSE,,0,0,0
215,223,47,Male,Paper Towel Pack,Household,4700000,Mashhad,XL,Gray,Spring,4.5,Yes,2-Day Shipping,Yes,Yes,14,0,Fortnightly,Male_New York_47,7/10/2023,TRUE,Summer Sale Iran,1,1,1
216,224,20,Male,Potato Chips,Snacks,2050000,Kermanshah,M,Turquoise,Spring,4.8,Yes,Free Shipping,Yes,Yes,34,0,Annually,Male_Wyoming_20,3/29/2023,TRUE,Festival Norooz,0,1,0
217,225,63,Male,Pasta Pack,Grocery,4150000,Karaj,S,Beige,Summer,2.9,Yes,Free Shipping,Yes,Yes,12,1,Every 3 Months,Male_South Dakota_63,9/24/2023,FALSE,,0,0,0
218,226,25,Male,Mineral Water 1.5L,Beverages,1100000,Tabriz,M,Olive,Spring,3.2,Yes,Next Day Air,Yes,Yes,11,0,Annually,Male_Arkansas_25,7/16/2023,TRUE,Summer Sale Iran,1,1,1
219,227,29,Male,Body Wash,Personal Care,3700000,Mashhad,L,Violet,Spring,3.3,Yes,Free Shipping,Yes,Yes,5,0,Monthly,Male_Texas_29,7/13/2023,TRUE,Summer Sale Iran,0,1,0
220,228,50,Male,Paper Towel Pack,Household,4500000,Yazd,M,Turquoise,Winter,4.2,Yes,Standard,Yes,Yes,25,0,Fortnightly,Male_Rhode Island_50,11/25/2023,TRUE,Yalda Festival,1,2,0
221,229,18,Male,Baguette,Bakery,3950000,Ahvaz,M,White,Spring,2.9,Yes,Store Pickup,Yes,Yes,11,0,Annually,Male_New Hampshire_18,12/20/2023,FALSE,,0,0,0
222,230,70,Male,Sugar 1kg,Grocery,1400000,Sari,S,Silver,Spring,4.6,Yes,Next Day Air,Yes,Yes,27,0,Every 3 Months,Male_Ohio_70,3/20/2023,TRUE,Festival Norooz,0,1,0
223,231,66,Male,Dishwashing Liquid,Household,4400000,Karaj,L,Olive,Fall,4.1,Yes,Standard,Yes,Yes,43,0,Annually,Male_Utah_66,11/24/2023,TRUE,Yalda Festival,1,1,0
224,232,28,Male,Pasta Pack,Grocery,1300000,Mashhad,M,Blue,Spring,3.1,Yes,2-Day Shipping,Yes,Yes,18,0,Every 3 Months,Male_Tennessee_28,1/21/2023,FALSE,,0,0,0
225,233,54,Male,Potato Chips,Snacks,1350000,Kermanshah,L,Purple,Winter,4.2,Yes,Express,Yes,Yes,32,0,Bi-Weekly,Male_Hawaii_54,4/27/2023,FALSE,,0,0,0
226,234,19,Male,Shampoo,Personal Care,4150000,Ahvaz,XL,Yellow,Fall,4.5,Yes,Next Day Air,Yes,Yes,27,0,Every 3 Months,Male_Arizona_19,7/16/2023,TRUE,Summer Sale Iran,0,1,0
227,235,20,Male,Sunflower Oil,Grocery,1950000,Karaj,S,Silver,Summer,3.7,Yes,Next Day Air,Yes,Yes,24,0,Weekly,Male_South Dakota_20,7/17/2023,TRUE,Summer Sale Iran,0,1,0
228,236,43,Male,Mixed Nuts,Snacks,4450000,Yazd,M,Cyan,Winter,3.7,Yes,Free Shipping,Yes,Yes,31,0,Quarterly,Male_New Jersey_43,11/27/2023,TRUE,Yalda Festival,1,1,0
229,237,38,Male,Mineral Water 1.5L,Beverages,3400000,Karaj,L,Green,Winter,3.4,Yes,Next Day Air,Yes,Yes,39,0,Fortnightly,Male_North Dakota_38,3/27/2023,TRUE,Festival Norooz,0,1,0
230,238,50,Male,Milk 1L,Dairy,4500000,Qazvin,M,Beige,Summer,3,Yes,Store Pickup,Yes,Yes,36,0,Fortnightly,Male_Iowa_50,9/14/2023,FALSE,,0,0,0
231,239,64,Male,Potato Chips,Snacks,1700000,Karaj,M,Peach,Fall,4.2,Yes,Free Shipping,Yes,Yes,5,1,Annually,Male_Ohio_64,5/18/2023,FALSE,,0,0,0
232,240,49,Male,Frozen Pizza,Frozen,2550000,Isfahan,L,Yellow,Summer,2.9,Yes,Express,Yes,Yes,47,0,Bi-Weekly,Male_Vermont_49,11/22/2023,TRUE,Yalda Festival,2,2,0
233,241,47,Male,Potato Chips,Snacks,2250000,Sari,XL,Turquoise,Winter,3.5,Yes,Free Shipping,Yes,Yes,29,0,Fortnightly,Male_Montana_47,3/21/2023,TRUE,Festival Norooz,0,1,0
234,242,36,Male,Frozen Pizza,Frozen,4400000,Tehran,M,Peach,Winter,4.1,Yes,Free Shipping,Yes,Yes,43,0,Bi-Weekly,Male_Delaware_36,5/7/2023,FALSE,,0,0,0
235,243,55,Male,Chocolate Bar,Snacks,4250000,Rasht,L,Gray,Summer,4.3,Yes,Store Pickup,Yes,Yes,40,0,Every 3 Months,Male_New York_55,7/15/2023,TRUE,Summer Sale Iran,0,1,0
236,244,25,Male,Frozen Chicken,Frozen,5000000,Rasht,M,Olive,Winter,2.8,Yes,2-Day Shipping,Yes,Yes,4,0,Monthly,Male_Kentucky_25,7/17/2023,TRUE,Summer Sale Iran,1,1,0
237,245,53,Male,Paper Towel Pack,Household,2100000,Tehran,S,Indigo,Spring,4.9,Yes,2-Day Shipping,Yes,Yes,39,0,Weekly,Male_Oregon_53,3/23/2023,TRUE,Festival Norooz,0,1,1
238,246,49,Male,Frozen Pizza,Frozen,2650000,Yazd,L,Charcoal,Summer,3.3,Yes,Next Day Air,Yes,Yes,45,0,Fortnightly,Male_Rhode Island_49,7/12/2023,TRUE,Summer Sale Iran,0,1,0
239,247,35,Male,Paper Towel Pack,Household,4300000,Qazvin,XL,Beige,Spring,3.2,Yes,Express,Yes,Yes,20,0,Bi-Weekly,Male_Nevada_35,3/21/2023,TRUE,Festival Norooz,0,1,0
240,248,29,Male,Rice 10kg,Grocery,3300000,Ahvaz,XL,Brown,Spring,4.4,Yes,Standard,Yes,Yes,14,0,Weekly,Male_Montana_29,3/24/2023,TRUE,Festival Norooz,0,1,0
241,249,47,Male,Chocolate Bar,Snacks,5000000,Yazd,M,Blue,Winter,4.8,Yes,Express,Yes,Yes,33,0,Weekly,Male_Pennsylvania_47,4/21/2023,FALSE,,0,0,0
242,250,53,Male,Mineral Water 1.5L,Beverages,2350000,Kerman,S,Teal,Fall,4.2,Yes,Standard,Yes,Yes,18,0,Annually,Male_Alaska_53,7/19/2023,TRUE,Summer Sale Iran,0,1,2
243,251,33,Male,Frozen Pizza,Frozen,1250000,Yazd,L,Black,Fall,4,Yes,Express,Yes,Yes,9,0,Weekly,Male_Mississippi_33,3/16/2023,FALSE,,0,0,0
244,252,21,Male,Tea Box,Grocery,2550000,Sari,XL,Gold,Winter,2.5,Yes,Standard,Yes,Yes,34,0,Annually,Male_Wyoming_21,7/10/2023,TRUE,Summer Sale Iran,0,1,1
97,253,32,Male,Rice 10kg,Grocery,2050000,Arak,M,Violet,Summer,3.9,Yes,Free Shipping,Yes,Yes,33,0,Fortnightly,Male_Delaware_32,2/10/2023,FALSE,,0,0,0
245,254,52,Male,Orange Juice,Beverages,3650000,Tehran,L,Cyan,Winter,4.9,Yes,2-Day Shipping,Yes,Yes,15,0,Bi-Weekly,Male_Oklahoma_52,8/24/2023,FALSE,,0,0,0
246,255,67,Male,Orange Juice,Beverages,2100000,Qom,M,White,Winter,3.5,Yes,Store Pickup,Yes,Yes,4,0,Bi-Weekly,Male_Indiana_67,6/22/2023,FALSE,,0,0,0
247,256,43,Male,Chocolate Bar,Snacks,1000000,Tehran,M,Charcoal,Spring,4.2,Yes,Free Shipping,Yes,Yes,25,0,Annually,Male_Maryland_43,5/4/2023,FALSE,,0,0,0
248,257,58,Male,Pasta Pack,Grocery,1500000,Mashhad,XL,Violet,Spring,4.7,Yes,Express,Yes,Yes,20,0,Every 3 Months,Male_South Dakota_58,3/25/2023,TRUE,Festival Norooz,1,1,0
249,258,20,Male,Shampoo,Personal Care,2650000,Urmia,M,Red,Summer,4.5,Yes,Express,Yes,Yes,5,0,Quarterly,Male_West Virginia_20,4/18/2023,FALSE,,0,0,0
250,259,61,Male,Shampoo,Personal Care,3700000,Isfahan,S,Lavender,Spring,2.8,Yes,Express,Yes,Yes,16,1,Quarterly,Male_Alabama_61,1/30/2023,FALSE,,0,0,0
251,260,32,Male,Paper Towel Pack,Household,2850000,Qom,M,Gold,Fall,2.9,Yes,Standard,Yes,Yes,13,0,Annually,Male_Louisiana_32,7/10/2023,TRUE,Summer Sale Iran,1,1,1
252,261,38,Male,Cola 1.5L,Beverages,2850000,Karaj,S,Red,Winter,3.2,Yes,2-Day Shipping,Yes,Yes,11,0,Every 3 Months,Male_Montana_38,7/11/2023,TRUE,Summer Sale Iran,0,1,0
253,262,21,Male,Pasta Pack,Grocery,3850000,Hamedan,L,Magenta,Winter,4.9,Yes,Standard,Yes,Yes,21,0,Annually,Male_California_21,7/14/2023,TRUE,Summer Sale Iran,1,2,0
254,263,37,Male,Mineral Water 1.5L,Beverages,2000000,Tabriz,M,Teal,Summer,3.7,Yes,Next Day Air,Yes,Yes,6,0,Annually,Male_Hawaii_37,7/10/2023,TRUE,Summer Sale Iran,0,1,0
255,264,27,Male,Sunflower Oil,Grocery,2300000,Sari,M,Purple,Summer,4.3,Yes,Store Pickup,Yes,Yes,29,0,Monthly,Male_Iowa_27,3/10/2023,FALSE,,0,0,0
256,265,36,Male,Baguette,Bakery,3900000,Arak,S,Charcoal,Fall,3.9,Yes,Store Pickup,Yes,Yes,15,1,Annually,Male_Colorado_36,11/24/2023,TRUE,Yalda Festival,1,1,0
257,266,32,Male,Rice 10kg,Grocery,2950000,Arak,M,Gray,Spring,3.2,Yes,2-Day Shipping,Yes,Yes,17,0,Bi-Weekly,Male_Michigan_32,11/26/2023,TRUE,Yalda Festival,1,1,0
258,267,51,Male,Tea Box,Grocery,3750000,Kerman,L,White,Summer,3.1,Yes,Express,Yes,Yes,32,0,Weekly,Male_Louisiana_51,1/14/2023,FALSE,,0,0,0
259,268,64,Male,Potato Chips,Snacks,2700000,Urmia,M,Olive,Spring,3.9,Yes,2-Day Shipping,Yes,Yes,42,0,Annually,Male_Maryland_64,7/13/2023,TRUE,Summer Sale Iran,0,2,1
137,269,68,Male,Cheddar Cheese,Dairy,2100000,Kermanshah,M,Charcoal,Spring,2.6,Yes,Store Pickup,Yes,Yes,21,1,Monthly,Male_Georgia_68,11/26/2023,TRUE,Yalda Festival,0,3,0
137,270,68,Male,Sugar 1kg,Grocery,2200000,Arak,M,Charcoal,Winter,3.3,Yes,Next Day Air,Yes,Yes,9,1,Bi-Weekly,Male_Georgia_68,11/27/2023,TRUE,Yalda Festival,0,3,0
260,271,33,Male,Rice 10kg,Grocery,2600000,Kermanshah,XL,Orange,Fall,4.6,Yes,Free Shipping,Yes,Yes,16,0,Annually,Male_North Dakota_33,4/23/2023,FALSE,,0,0,0
261,272,65,Male,Frozen Chicken,Frozen,3450000,Karaj,XL,Yellow,Summer,4.6,Yes,Express,Yes,Yes,42,0,Fortnightly,Male_Maryland_65,3/25/2023,TRUE,Festival Norooz,0,1,0
262,273,48,Male,Cola 1.5L,Beverages,1300000,Qom,M,Beige,Summer,4.4,Yes,2-Day Shipping,Yes,Yes,37,0,Bi-Weekly,Male_Oregon_48,10/14/2023,FALSE,,0,0,0
263,274,69,Male,Rice 10kg,Grocery,1650000,Sari,S,Silver,Spring,4.2,Yes,Express,Yes,Yes,32,0,Quarterly,Male_North Dakota_69,5/10/2023,FALSE,,0,0,0
264,275,59,Male,Milk 1L,Dairy,1600000,Tabriz,M,Indigo,Spring,3,Yes,Express,Yes,Yes,28,1,Bi-Weekly,Male_Maryland_59,7/13/2023,TRUE,Summer Sale Iran,0,1,0
265,276,48,Male,Mixed Nuts,Snacks,4250000,Shiraz,XL,Lavender,Winter,4,Yes,Express,Yes,Yes,13,0,Weekly,Male_Virginia_48,9/23/2023,FALSE,,0,0,0
266,277,25,Male,Frozen Pizza,Frozen,1500000,Arak,XL,Turquoise,Fall,3.5,Yes,Express,Yes,Yes,11,0,Fortnightly,Male_South Dakota_25,5/11/2023,FALSE,,0,0,0
267,278,29,Male,Baguette,Bakery,1450000,Rasht,M,Green,Winter,3,Yes,Store Pickup,Yes,Yes,36,0,Bi-Weekly,Male_Georgia_29,4/27/2023,FALSE,,0,0,0
268,279,57,Male,Body Wash,Personal Care,4750000,Tabriz,M,Orange,Spring,3.7,Yes,Express,Yes,Yes,23,0,Annually,Male_Hawaii_57,7/15/2023,TRUE,Summer Sale Iran,2,1,0
269,280,23,Male,Sunflower Oil,Grocery,3450000,Tehran,L,Turquoise,Summer,4,Yes,Standard,Yes,Yes,37,0,Monthly,Male_Arkansas_23,3/27/2023,TRUE,Festival Norooz,0,1,1
270,281,45,Male,Paper Towel Pack,Household,3450000,Urmia,S,Cyan,Fall,4.2,Yes,2-Day Shipping,Yes,Yes,21,1,Bi-Weekly,Male_Montana_45,7/18/2023,TRUE,Summer Sale Iran,0,1,0
271,282,38,Male,Cola 1.5L,Beverages,3050000,Rasht,XL,Charcoal,Spring,2.5,Yes,Standard,Yes,Yes,22,0,Bi-Weekly,Male_Oklahoma_38,4/15/2023,FALSE,,0,0,0
272,283,21,Male,Shampoo,Personal Care,4700000,Kerman,M,Teal,Summer,3,Yes,2-Day Shipping,Yes,Yes,9,1,Monthly,Male_Minnesota_21,7/16/2023,TRUE,Summer Sale Iran,0,2,1
273,284,32,Male,Shampoo,Personal Care,1500000,Kerman,S,Maroon,Fall,3.2,Yes,Next Day Air,Yes,Yes,16,0,Annually,Male_Montana_32,7/28/2023,FALSE,,0,0,0
274,285,63,Male,Shampoo,Personal Care,2250000,Isfahan,M,Red,Summer,3.5,Yes,Standard,Yes,Yes,4,0,Quarterly,Male_Ohio_63,3/31/2023,TRUE,Festival Norooz,0,1,0
275,286,29,Male,Sugar 1kg,Grocery,1950000,Tehran,XL,Yellow,Summer,4.8,Yes,Express,Yes,Yes,3,0,Bi-Weekly,Male_Kentucky_29,3/16/2023,FALSE,,0,0,0
276,287,27,Male,Frozen Chicken,Frozen,2550000,Kermanshah,L,Gray,Summer,2.6,Yes,Store Pickup,Yes,Yes,6,0,Annually,Male_Nebraska_27,7/11/2023,TRUE,Summer Sale Iran,0,1,3
277,288,56,Male,Laundry Detergent,Household,1850000,Sari,L,Blue,Spring,3.4,Yes,2-Day Shipping,Yes,Yes,18,0,Fortnightly,Male_Delaware_56,11/26/2023,TRUE,Yalda Festival,1,1,0
278,289,30,Male,Tea Box,Grocery,3100000,Urmia,M,Lavender,Winter,3.7,Yes,2-Day Shipping,Yes,Yes,34,0,Bi-Weekly,Male_North Carolina_30,8/30/2023,FALSE,,0,0,0
279,290,49,Male,Body Wash,Personal Care,4250000,Bandar Abbas,M,Yellow,Fall,4.5,Yes,2-Day Shipping,Yes,Yes,26,0,Monthly,Male_New York_49,11/22/2023,TRUE,Yalda Festival,1,1,0
280,291,58,Male,Mixed Nuts,Snacks,1650000,Arak,M,Indigo,Winter,3.7,Yes,Standard,Yes,Yes,50,0,Weekly,Male_Colorado_58,10/21/2023,FALSE,,0,0,0
281,292,57,Male,Frozen Chicken,Frozen,1300000,Isfahan,XL,Violet,Fall,3.3,Yes,Next Day Air,Yes,Yes,40,0,Monthly,Male_Delaware_57,3/21/2023,TRUE,Festival Norooz,0,1,0
282,293,60,Male,Sunflower Oil,Grocery,4950000,Hamedan,M,Green,Spring,4.7,Yes,Free Shipping,Yes,Yes,24,1,Quarterly,Male_Utah_60,11/23/2023,TRUE,Yalda Festival,1,2,0
283,294,69,Male,Toothpaste,Personal Care,1950000,Hamedan,M,White,Spring,2.7,Yes,Express,Yes,Yes,33,0,Annually,Male_Connecticut_69,8/22/2023,FALSE,,0,0,0
284,295,70,Male,Tea Box,Grocery,1000000,Sari,M,Gold,Spring,4.6,Yes,Store Pickup,Yes,Yes,19,0,Every 3 Months,Male_New Jersey_70,3/23/2023,TRUE,Festival Norooz,0,1,0
285,296,53,Male,Rice 10kg,Grocery,2100000,Kermanshah,M,Indigo,Winter,2.7,Yes,Store Pickup,Yes,Yes,24,0,Quarterly,Male_West Virginia_53,3/28/2023,TRUE,Festival Norooz,0,1,1
286,297,25,Male,Mineral Water 1.5L,Beverages,3700000,Rasht,S,Lavender,Spring,4.8,Yes,2-Day Shipping,Yes,Yes,19,0,Weekly,Male_Indiana_25,11/21/2023,TRUE,Yalda Festival,1,1,0
287,298,48,Male,Mixed Nuts,Snacks,1300000,Kermanshah,XL,Purple,Summer,4.4,Yes,Standard,Yes,Yes,4,0,Bi-Weekly,Male_Delaware_48,11/28/2023,TRUE,Yalda Festival,3,1,0
288,299,69,Male,Pasta Pack,Grocery,2650000,Rasht,M,Lavender,Winter,4,Yes,Standard,Yes,Yes,11,0,Every 3 Months,Male_Maryland_69,12/24/2023,FALSE,,0,0,0
195,300,25,Male,Laundry Detergent,Household,4000000,Urmia,M,Maroon,Summer,3.2,Yes,Next Day Air,Yes,Yes,28,0,Fortnightly,Male_Pennsylvania_25,8/25/2023,FALSE,,0,0,0
289,301,29,Male,Shampoo,Personal Care,4900000,Sari,M,Teal,Spring,4.4,Yes,Store Pickup,Yes,Yes,24,0,Weekly,Male_Iowa_29,5/2/2023,FALSE,,0,0,0
290,302,46,Male,Cola 1.5L,Beverages,4750000,Karaj,M,Green,Spring,3.8,Yes,Standard,Yes,Yes,25,0,Every 3 Months,Male_Pennsylvania_46,3/21/2023,TRUE,Festival Norooz,0,1,1
291,303,37,Male,Sugar 1kg,Grocery,2200000,Qom,L,Olive,Summer,3.6,Yes,Express,Yes,Yes,27,0,Every 3 Months,Male_Delaware_37,3/28/2023,TRUE,Festival Norooz,0,1,0
292,304,20,Male,Frozen Chicken,Frozen,3000000,Sari,M,Turquoise,Summer,3.3,Yes,Next Day Air,Yes,Yes,49,0,Weekly,Male_Oregon_20,3/23/2023,TRUE,Festival Norooz,0,1,3
293,305,40,Male,Body Wash,Personal Care,4200000,Ahvaz,M,Green,Winter,3.4,Yes,Next Day Air,Yes,Yes,45,0,Bi-Weekly,Male_Oregon_40,8/8/2023,FALSE,,0,0,0
282,306,60,Male,Milk 1L,Dairy,2950000,Rasht,M,Teal,Fall,3.5,Yes,2-Day Shipping,Yes,Yes,26,0,Annually,Male_Utah_60,11/23/2023,TRUE,Yalda Festival,1,2,0
294,307,26,Male,Orange Juice,Beverages,2450000,Kerman,S,White,Summer,3.6,Yes,Express,Yes,Yes,4,1,Annually,Male_North Dakota_26,3/28/2023,TRUE,Festival Norooz,0,1,0
39,308,29,Male,Toothpaste,Personal Care,1600000,Qazvin,M,Orange,Winter,3.2,Yes,Free Shipping,Yes,Yes,3,0,Every 3 Months,Male_Florida_29,7/10/2023,TRUE,Summer Sale Iran,0,2,0
295,309,66,Male,Sunflower Oil,Grocery,1450000,Urmia,M,Beige,Fall,3.7,Yes,Standard,Yes,Yes,45,0,Bi-Weekly,Male_Maryland_66,11/20/2023,TRUE,Yalda Festival,0,1,0
296,310,66,Male,Mixed Nuts,Snacks,1100000,Qazvin,M,Yellow,Spring,4.5,Yes,Standard,Yes,Yes,21,1,Fortnightly,Male_Minnesota_66,11/29/2023,TRUE,Yalda Festival,1,1,0
297,311,56,Male,Dishwashing Liquid,Household,4250000,Urmia,M,Charcoal,Winter,4.6,Yes,Standard,Yes,Yes,50,1,Fortnightly,Male_Montana_56,12/8/2023,FALSE,,0,0,0
298,312,69,Male,Toothpaste,Personal Care,2600000,Karaj,L,Silver,Winter,4.1,Yes,Store Pickup,Yes,Yes,19,0,Monthly,Male_Rhode Island_69,11/26/2023,TRUE,Yalda Festival,0,1,0
299,313,38,Male,Rice 10kg,Grocery,4450000,Tabriz,L,Green,Spring,3.4,Yes,Next Day Air,Yes,Yes,6,0,Annually,Male_Massachusetts_38,11/26/2023,TRUE,Yalda Festival,0,1,0
300,314,42,Male,Potato Chips,Snacks,3850000,Urmia,M,Pink,Spring,3.7,Yes,Express,Yes,Yes,50,0,Every 3 Months,Male_Vermont_42,4/22/2023,FALSE,,0,0,0
301,315,30,Male,Toothpaste,Personal Care,1200000,Ahvaz,M,Purple,Summer,3.3,Yes,Store Pickup,Yes,Yes,17,0,Every 3 Months,Male_New Jersey_30,9/18/2023,FALSE,,0,0,0
302,316,66,Male,Orange Juice,Beverages,1200000,Hamedan,XL,Orange,Spring,4.5,Yes,Express,Yes,Yes,24,0,Annually,Male_Wisconsin_66,3/26/2023,TRUE,Festival Norooz,0,1,0
303,317,36,Male,Yogurt Bucket,Dairy,1100000,Kermanshah,M,Charcoal,Fall,3.3,Yes,Free Shipping,Yes,Yes,46,0,Monthly,Male_California_36,7/12/2023,TRUE,Summer Sale Iran,0,1,0
304,318,58,Male,Frozen Chicken,Frozen,4100000,Rasht,L,Teal,Fall,4.3,Yes,Standard,Yes,Yes,42,1,Every 3 Months,Male_West Virginia_58,3/30/2023,TRUE,Festival Norooz,0,1,1
305,319,45,Male,Toothpaste,Personal Care,3350000,Qom,M,Beige,Winter,2.5,Yes,Standard,Yes,Yes,10,1,Annually,Male_South Dakota_45,11/14/2023,FALSE,,0,0,0
306,320,47,Male,Body Wash,Personal Care,3700000,Tehran,XL,White,Spring,2.6,Yes,Standard,Yes,Yes,1,1,Every 3 Months,Male_Maine_47,3/28/2023,TRUE,Festival Norooz,0,1,1
307,321,66,Male,Orange Juice,Beverages,3600000,Arak,L,White,Summer,4.9,Yes,Standard,Yes,Yes,28,0,Quarterly,Male_Kansas_66,7/10/2023,TRUE,Summer Sale Iran,0,1,0
173,322,41,Male,Orange Juice,Beverages,1800000,Qom,L,Orange,Summer,4.7,Yes,Free Shipping,Yes,Yes,48,0,Quarterly,Male_Vermont_41,7/16/2023,TRUE,Summer Sale Iran,0,2,1
308,323,41,Male,Frozen Chicken,Frozen,4750000,Urmia,S,Cyan,Winter,3,Yes,Standard,Yes,Yes,47,0,Monthly,Male_Tennessee_41,7/18/2023,TRUE,Summer Sale Iran,0,1,1
309,324,66,Male,Toothpaste,Personal Care,3900000,Hamedan,M,Orange,Winter,3.5,Yes,Next Day Air,Yes,Yes,29,0,Bi-Weekly,Male_Tennessee_66,7/16/2023,TRUE,Summer Sale Iran,0,1,0
147,325,37,Male,Pasta Pack,Grocery,4100000,Mashhad,M,Olive,Summer,4.8,Yes,Standard,Yes,Yes,37,0,Quarterly,Male_Wyoming_37,7/10/2023,TRUE,Summer Sale Iran,0,1,1
310,326,70,Male,Laundry Detergent,Household,3500000,Isfahan,M,Charcoal,Winter,4.3,Yes,Free Shipping,Yes,Yes,38,0,Annually,Male_Vermont_70,2/12/2023,FALSE,,0,0,0
208,327,62,Male,Fresh Bread,Bakery,2050000,Shiraz,M,White,Fall,3.2,Yes,Store Pickup,Yes,Yes,48,0,Weekly,Male_New Jersey_62,11/21/2023,TRUE,Yalda Festival,1,2,0
311,328,61,Male,Cola 1.5L,Beverages,2100000,Ahvaz,M,Teal,Summer,3.1,Yes,Free Shipping,Yes,Yes,36,0,Weekly,Male_Iowa_61,11/29/2023,TRUE,Yalda Festival,0,1,0
312,329,48,Male,Cheddar Cheese,Dairy,2500000,Karaj,M,Yellow,Fall,2.8,Yes,Free Shipping,Yes,Yes,9,0,Weekly,Male_Florida_48,3/21/2023,TRUE,Festival Norooz,0,1,1
313,330,70,Male,Rice 10kg,Grocery,1550000,Tabriz,S,White,Summer,2.9,Yes,2-Day Shipping,Yes,Yes,34,0,Monthly,Male_Nevada_70,11/25/2023,TRUE,Yalda Festival,2,1,0
314,331,46,Male,Toothpaste,Personal Care,2550000,Mashhad,M,Beige,Winter,3.7,Yes,Express,Yes,Yes,43,0,Bi-Weekly,Male_North Dakota_46,7/16/2023,TRUE,Summer Sale Iran,1,1,1
315,332,31,Male,Milk 1L,Dairy,4900000,Yazd,L,Beige,Fall,3.3,Yes,Store Pickup,Yes,Yes,46,0,Quarterly,Male_Florida_31,7/30/2023,FALSE,,0,0,0
81,333,19,Male,Frozen Chicken,Frozen,4300000,Kerman,M,Maroon,Winter,2.8,Yes,2-Day Shipping,Yes,Yes,5,0,Monthly,Male_New York_19,5/22/2023,FALSE,,0,0,0
316,334,39,Male,Fresh Bread,Bakery,3200000,Shiraz,M,Teal,Winter,4.5,Yes,Standard,Yes,Yes,15,0,Bi-Weekly,Male_Alaska_39,3/26/2023,TRUE,Festival Norooz,0,1,0
317,335,41,Male,Laundry Detergent,Household,2300000,Isfahan,M,Lavender,Fall,2.6,Yes,Next Day Air,Yes,Yes,30,0,Annually,Male_Kansas_41,10/19/2023,FALSE,,0,0,0
292,336,20,Male,Orange Juice,Beverages,4250000,Isfahan,L,Maroon,Spring,3.7,Yes,Standard,Yes,Yes,44,0,Every 3 Months,Male_Oregon_20,4/27/2023,FALSE,,0,0,0
318,337,36,Male,Yogurt Bucket,Dairy,4050000,Kerman,S,Orange,Fall,4.4,Yes,Express,Yes,Yes,16,0,Annually,Male_Rhode Island_36,3/19/2023,FALSE,,0,0,0
319,338,32,Male,Body Wash,Personal Care,2950000,Hamedan,M,Cyan,Winter,4.3,Yes,2-Day Shipping,Yes,Yes,16,0,Annually,Male_New Mexico_32,3/31/2023,TRUE,Festival Norooz,0,1,0
320,339,69,Male,Pasta Pack,Grocery,3950000,Qazvin,M,Silver,Winter,3.5,Yes,Express,Yes,Yes,16,1,Weekly,Male_Massachusetts_69,7/20/2023,TRUE,Summer Sale Iran,1,2,0
321,340,40,Male,Orange Juice,Beverages,1650000,Shiraz,M,Teal,Spring,3.8,Yes,2-Day Shipping,Yes,Yes,21,0,Every 3 Months,Male_Pennsylvania_40,3/25/2023,TRUE,Festival Norooz,0,1,0
322,341,40,Male,Mineral Water 1.5L,Beverages,2350000,Tehran,L,Blue,Summer,3.5,Yes,Express,Yes,Yes,39,0,Every 3 Months,Male_New Jersey_40,11/26/2023,TRUE,Yalda Festival,1,1,0
323,342,20,Male,Paper Towel Pack,Household,1000000,Yazd,S,Blue,Summer,4.6,Yes,Store Pickup,Yes,Yes,40,0,Bi-Weekly,Male_Utah_20,11/21/2023,TRUE,Yalda Festival,0,1,0
324,343,64,Male,Paper Towel Pack,Household,1800000,Kermanshah,M,Olive,Spring,2.6,Yes,Next Day Air,Yes,Yes,48,0,Every 3 Months,Male_Kentucky_64,3/24/2023,TRUE,Festival Norooz,0,1,1
276,344,27,Male,Toothpaste,Personal Care,1950000,Ahvaz,M,Purple,Summer,4.4,Yes,Next Day Air,Yes,Yes,26,0,Monthly,Male_Nebraska_27,11/24/2023,TRUE,Yalda Festival,1,3,0
325,345,24,Male,Potato Chips,Snacks,3550000,Tabriz,M,Charcoal,Winter,4,Yes,Standard,Yes,Yes,46,0,Monthly,Male_Virginia_24,7/20/2023,TRUE,Summer Sale Iran,0,1,1
326,346,48,Male,Toothpaste,Personal Care,2950000,Hamedan,S,Olive,Winter,4.4,Yes,Next Day Air,Yes,Yes,27,0,Annually,Male_Wyoming_48,11/30/2023,TRUE,Yalda Festival,1,1,0
327,347,49,Male,Cheddar Cheese,Dairy,2500000,Rasht,L,Violet,Spring,4.7,Yes,Next Day Air,Yes,Yes,5,1,Weekly,Male_New Mexico_49,3/29/2023,TRUE,Festival Norooz,0,1,0
328,348,36,Male,Yogurt Bucket,Dairy,2050000,Tehran,L,Red,Fall,3.9,Yes,Store Pickup,Yes,Yes,43,0,Fortnightly,Male_Oregon_36,11/21/2023,TRUE,Yalda Festival,1,2,0
329,349,56,Male,Frozen Pizza,Frozen,2950000,Karaj,M,Beige,Fall,2.7,Yes,Free Shipping,Yes,Yes,17,0,Fortnightly,Male_South Carolina_56,11/21/2023,TRUE,Yalda Festival,1,1,0
330,350,37,Male,Sunflower Oil,Grocery,4350000,Bandar Abbas,M,Green,Winter,3.7,Yes,2-Day Shipping,Yes,Yes,3,0,Bi-Weekly,Male_Arizona_37,1/17/2023,FALSE,,0,0,0
164,351,42,Male,Baguette,Bakery,3400000,Rasht,M,Violet,Spring,2.6,Yes,2-Day Shipping,Yes,Yes,47,0,Fortnightly,Male_Kentucky_42,3/28/2023,TRUE,Festival Norooz,0,1,2
331,352,28,Male,Paper Towel Pack,Household,4500000,Kermanshah,M,Teal,Winter,3.9,Yes,Standard,Yes,Yes,24,0,Bi-Weekly,Male_New York_28,11/26/2023,TRUE,Yalda Festival,1,1,0
159,353,27,Male,Dishwashing Liquid,Household,3550000,Sari,XL,Yellow,Fall,4.9,Yes,Next Day Air,Yes,Yes,12,1,Every 3 Months,Male_Texas_27,7/17/2023,TRUE,Summer Sale Iran,0,1,2
332,354,63,Male,Frozen Chicken,Frozen,3200000,Shiraz,L,Yellow,Fall,4.1,Yes,Store Pickup,Yes,Yes,35,0,Monthly,Male_Missouri_63,11/20/2023,TRUE,Yalda Festival,0,1,0
333,355,58,Male,Sugar 1kg,Grocery,3800000,Urmia,S,Olive,Fall,3,Yes,Free Shipping,Yes,Yes,42,0,Weekly,Male_Pennsylvania_58,11/29/2023,TRUE,Yalda Festival,1,1,0
334,356,37,Male,Yogurt Bucket,Dairy,2100000,Qom,XL,Magenta,Fall,4.1,Yes,2-Day Shipping,Yes,Yes,1,0,Every 3 Months,Male_Oregon_37,3/24/2023,TRUE,Festival Norooz,0,2,1
335,357,56,Male,Baguette,Bakery,4000000,Tabriz,L,Black,Spring,3.8,Yes,Standard,Yes,Yes,27,1,Weekly,Male_Nevada_56,11/27/2023,TRUE,Yalda Festival,3,1,0
336,358,18,Male,Yogurt Bucket,Dairy,2800000,Kermanshah,M,Olive,Spring,4,Yes,Standard,Yes,Yes,16,0,Bi-Weekly,Male_Arkansas_18,9/16/2023,FALSE,,0,0,0
337,359,48,Male,Toothpaste,Personal Care,1250000,Hamedan,XL,Magenta,Summer,3.6,Yes,Express,Yes,Yes,36,0,Every 3 Months,Male_Minnesota_48,3/28/2023,TRUE,Festival Norooz,0,1,0
338,360,31,Male,Laundry Detergent,Household,3700000,Sari,M,Olive,Winter,3,Yes,Store Pickup,Yes,Yes,30,0,Every 3 Months,Male_Georgia_31,11/23/2023,TRUE,Yalda Festival,1,1,0
339,361,51,Male,Frozen Pizza,Frozen,1500000,Urmia,M,Teal,Summer,3,Yes,Standard,Yes,Yes,18,0,Fortnightly,Male_Rhode Island_51,3/24/2023,TRUE,Festival Norooz,0,1,1
340,362,65,Male,Frozen Chicken,Frozen,4800000,Yazd,M,White,Spring,2.6,Yes,Free Shipping,Yes,Yes,45,1,Annually,Male_Nevada_65,7/3/2023,FALSE,,0,0,0
341,363,53,Male,Pasta Pack,Grocery,3200000,Isfahan,M,Charcoal,Fall,3.4,Yes,Free Shipping,Yes,Yes,1,0,Fortnightly,Male_Texas_53,11/27/2023,TRUE,Yalda Festival,1,1,0
342,364,55,Male,Pasta Pack,Grocery,4400000,Tabriz,L,Yellow,Winter,3.1,Yes,Free Shipping,Yes,Yes,42,0,Fortnightly,Male_Florida_55,2/11/2023,FALSE,,0,0,0
343,365,62,Male,Cheddar Cheese,Dairy,4400000,Tehran,L,Charcoal,Summer,3,Yes,Free Shipping,Yes,Yes,7,0,Every 3 Months,Male_North Dakota_62,7/20/2023,TRUE,Summer Sale Iran,1,1,0
344,366,55,Male,Fresh Bread,Bakery,4400000,Rasht,XL,Gray,Summer,3.7,Yes,Standard,Yes,Yes,50,0,Quarterly,Male_West Virginia_55,3/22/2023,TRUE,Festival Norooz,0,1,1
345,367,64,Male,Frozen Chicken,Frozen,1800000,Tabriz,M,Turquoise,Spring,3.5,Yes,Store Pickup,Yes,Yes,37,0,Fortnightly,Male_Nebraska_64,3/30/2023,TRUE,Festival Norooz,0,1,3
346,368,52,Male,Milk 1L,Dairy,2000000,Yazd,XL,Cyan,Spring,2.8,Yes,Store Pickup,Yes,Yes,18,0,Monthly,Male_Tennessee_52,3/27/2023,TRUE,Festival Norooz,0,1,0
347,369,24,Male,Mineral Water 1.5L,Beverages,1950000,Tabriz,M,Charcoal,Spring,4.5,Yes,Standard,Yes,Yes,29,1,Monthly,Male_Oklahoma_24,11/20/2023,TRUE,Yalda Festival,0,1,0
348,370,38,Male,Milk 1L,Dairy,2000000,Mashhad,M,Silver,Summer,3.3,Yes,Store Pickup,Yes,Yes,45,0,Quarterly,Male_Wisconsin_38,3/26/2023,TRUE,Festival Norooz,0,1,1
349,371,59,Male,Pasta Pack,Grocery,1700000,Mashhad,M,Olive,Winter,3.4,Yes,Express,Yes,Yes,13,0,Weekly,Male_Oregon_59,9/13/2023,FALSE,,0,0,0
350,372,27,Male,Milk 1L,Dairy,4150000,Karaj,S,Pink,Winter,3.2,Yes,2-Day Shipping,Yes,Yes,47,0,Monthly,Male_North Carolina_27,2/2/2023,FALSE,,0,0,0
129,373,24,Male,Chocolate Bar,Snacks,4250000,Karaj,L,Orange,Summer,3.7,Yes,Standard,Yes,Yes,7,0,Weekly,Male_Pennsylvania_24,11/29/2023,TRUE,Yalda Festival,1,1,0
351,374,23,Male,Milk 1L,Dairy,1350000,Rasht,L,White,Summer,4.6,Yes,Express,Yes,Yes,11,0,Bi-Weekly,Male_North Dakota_23,11/30/2023,TRUE,Yalda Festival,0,1,0
352,375,69,Male,Chocolate Bar,Snacks,3900000,Yazd,S,Purple,Spring,5,Yes,Store Pickup,Yes,Yes,39,0,Monthly,Male_Ohio_69,4/10/2023,FALSE,,0,0,0
353,376,59,Male,Chocolate Bar,Snacks,1600000,Kermanshah,M,Olive,Summer,4.4,Yes,Standard,Yes,Yes,6,0,Quarterly,Male_Oklahoma_59,11/26/2023,TRUE,Yalda Festival,0,1,0
354,377,51,Male,Baguette,Bakery,2550000,Hamedan,S,Gray,Fall,4.9,Yes,Express,Yes,Yes,2,0,Bi-Weekly,Male_South Carolina_51,7/16/2023,TRUE,Summer Sale Iran,0,1,1
154,378,63,Male,Baguette,Bakery,1600000,Hamedan,M,Silver,Spring,4.1,Yes,Standard,Yes,Yes,39,0,Every 3 Months,Male_Maine_63,7/19/2023,TRUE,Summer Sale Iran,0,2,1
355,379,54,Male,Pasta Pack,Grocery,3100000,Urmia,L,Orange,Winter,4.9,Yes,Next Day Air,Yes,Yes,23,0,Monthly,Male_Nevada_54,7/18/2023,TRUE,Summer Sale Iran,1,1,0
273,380,32,Male,Sunflower Oil,Grocery,1450000,Kermanshah,S,Magenta,Fall,4.7,Yes,2-Day Shipping,Yes,Yes,46,0,Bi-Weekly,Male_Montana_32,11/28/2023,TRUE,Yalda Festival,1,2,1
356,381,39,Male,Sugar 1kg,Grocery,3450000,Bandar Abbas,XL,Beige,Fall,3,Yes,Store Pickup,Yes,Yes,19,0,Weekly,Male_New Hampshire_39,3/25/2023,TRUE,Festival Norooz,0,2,0
357,382,66,Male,Yogurt Bucket,Dairy,1250000,Ahvaz,L,Lavender,Winter,3.4,Yes,Store Pickup,Yes,Yes,3,0,Every 3 Months,Male_Maine_66,3/27/2023,TRUE,Festival Norooz,0,1,0
211,383,28,Male,Sunflower Oil,Grocery,3800000,Qom,M,Peach,Winter,3.2,Yes,Store Pickup,Yes,Yes,47,0,Quarterly,Male_California_28,3/28/2023,TRUE,Festival Norooz,0,1,2
358,384,50,Male,Mineral Water 1.5L,Beverages,3850000,Qazvin,S,Magenta,Fall,2.9,Yes,Standard,Yes,Yes,6,0,Quarterly,Male_West Virginia_50,3/31/2023,TRUE,Festival Norooz,0,1,0
359,385,70,Male,Toothpaste,Personal Care,1650000,Rasht,M,Beige,Fall,4.5,Yes,2-Day Shipping,Yes,Yes,6,0,Annually,Male_California_70,11/18/2023,FALSE,,0,0,0
360,386,67,Male,Frozen Pizza,Frozen,4650000,Yazd,S,Yellow,Fall,2.7,Yes,Next Day Air,Yes,Yes,12,0,Bi-Weekly,Male_West Virginia_67,7/15/2023,TRUE,Summer Sale Iran,0,2,1
361,387,64,Male,Baguette,Bakery,1950000,Tehran,L,Brown,Spring,3.4,Yes,Express,Yes,Yes,40,0,Quarterly,Male_Louisiana_64,3/22/2023,TRUE,Festival Norooz,0,1,1
362,388,45,Male,Frozen Pizza,Frozen,4650000,Shiraz,L,Silver,Summer,4.6,Yes,Store Pickup,Yes,Yes,38,0,Fortnightly,Male_Georgia_45,7/17/2023,TRUE,Summer Sale Iran,0,1,0
363,389,22,Male,Shampoo,Personal Care,4100000,Kermanshah,M,Orange,Summer,2.7,Yes,Store Pickup,Yes,Yes,10,0,Quarterly,Male_Washington_22,10/10/2023,FALSE,,0,0,0
364,390,27,Male,Body Wash,Personal Care,2100000,Tabriz,L,Purple,Spring,4.2,Yes,Standard,Yes,Yes,28,0,Monthly,Male_Virginia_27,11/30/2023,TRUE,Yalda Festival,2,1,0
286,391,25,Male,Dishwashing Liquid,Household,3550000,Bandar Abbas,M,Indigo,Winter,3.2,Yes,2-Day Shipping,Yes,Yes,19,0,Annually,Male_Indiana_25,9/25/2023,FALSE,,0,0,0
365,392,37,Male,Frozen Chicken,Frozen,4300000,Yazd,L,Gray,Spring,4.8,Yes,Standard,Yes,Yes,25,1,Fortnightly,Male_Minnesota_37,3/20/2023,TRUE,Festival Norooz,1,1,1
366,393,26,Male,Yogurt Bucket,Dairy,4100000,Tehran,XL,Black,Spring,3.3,Yes,Next Day Air,Yes,Yes,38,0,Annually,Male_Idaho_26,7/10/2023,TRUE,Summer Sale Iran,0,1,0
367,394,33,Male,Frozen Pizza,Frozen,3250000,Qazvin,L,Maroon,Fall,4.2,Yes,Standard,Yes,Yes,6,0,Fortnightly,Male_Vermont_33,7/14/2023,TRUE,Summer Sale Iran,0,1,0
368,395,43,Male,Cola 1.5L,Beverages,1450000,Rasht,M,Beige,Spring,4.8,Yes,Store Pickup,Yes,Yes,7,0,Bi-Weekly,Male_North Dakota_43,11/23/2023,TRUE,Yalda Festival,0,1,0
369,396,37,Male,Mixed Nuts,Snacks,3250000,Rasht,L,Brown,Winter,4.9,Yes,Store Pickup,Yes,Yes,2,0,Annually,Male_Rhode Island_37,7/12/2023,TRUE,Summer Sale Iran,0,1,1
370,397,46,Male,Cheddar Cheese,Dairy,4400000,Karaj,S,Black,Fall,3.9,Yes,Standard,Yes,Yes,24,0,Annually,Male_South Carolina_46,3/24/2023,TRUE,Festival Norooz,0,2,2
371,398,22,Male,Laundry Detergent,Household,2300000,Bandar Abbas,M,Indigo,Fall,3,Yes,Free Shipping,Yes,Yes,26,1,Annually,Male_Mississippi_22,3/25/2023,TRUE,Festival Norooz,1,1,1
372,399,20,Male,Potato Chips,Snacks,3350000,Rasht,S,Silver,Winter,4.6,Yes,Free Shipping,Yes,Yes,25,0,Every 3 Months,Male_Montana_20,3/23/2023,TRUE,Festival Norooz,0,1,2
373,400,60,Male,Body Wash,Personal Care,1750000,Karaj,L,Blue,Fall,3.5,Yes,2-Day Shipping,Yes,Yes,10,0,Monthly,Male_Idaho_60,11/24/2023,TRUE,Yalda Festival,0,1,0
374,401,39,Male,Laundry Detergent,Household,3300000,Karaj,M,Green,Winter,4.8,Yes,Free Shipping,Yes,Yes,14,0,Fortnightly,Male_Utah_39,3/29/2023,TRUE,Festival Norooz,0,1,0
375,402,43,Male,Orange Juice,Beverages,4550000,Tehran,L,Orange,Fall,4.8,Yes,Standard,Yes,Yes,21,1,Quarterly,Male_Oklahoma_43,7/16/2023,TRUE,Summer Sale Iran,1,1,1
376,403,31,Male,Mixed Nuts,Snacks,3900000,Sari,L,Cyan,Fall,3,Yes,Express,Yes,Yes,26,0,Monthly,Male_California_31,11/29/2023,TRUE,Yalda Festival,1,1,0
377,404,19,Male,Yogurt Bucket,Dairy,2250000,Isfahan,M,Orange,Winter,4.5,Yes,Next Day Air,Yes,Yes,12,0,Annually,Male_Nevada_19,11/24/2023,TRUE,Yalda Festival,1,1,0
378,405,35,Male,Potato Chips,Snacks,4650000,Ahvaz,M,Indigo,Spring,4.8,Yes,Store Pickup,Yes,Yes,11,0,Monthly,Male_Delaware_35,9/19/2023,FALSE,,0,0,0
379,406,41,Male,Tea Box,Grocery,3700000,Sari,S,Silver,Summer,3.8,Yes,Standard,Yes,Yes,15,1,Annually,Male_South Carolina_41,7/19/2023,TRUE,Summer Sale Iran,0,2,1
380,407,52,Male,Potato Chips,Snacks,2750000,Arak,M,Peach,Spring,4.6,Yes,Express,Yes,Yes,13,1,Monthly,Male_Maryland_52,7/14/2023,TRUE,Summer Sale Iran,0,1,0
381,408,45,Male,Cola 1.5L,Beverages,3800000,Qazvin,XL,Teal,Spring,3.1,Yes,Next Day Air,Yes,Yes,5,0,Bi-Weekly,Male_North Carolina_45,3/29/2023,TRUE,Festival Norooz,0,1,0
382,409,34,Male,Sunflower Oil,Grocery,3300000,Yazd,L,White,Spring,3.4,Yes,Express,Yes,Yes,36,1,Fortnightly,Male_Alabama_34,11/23/2023,TRUE,Yalda Festival,1,1,0
383,410,35,Male,Fresh Bread,Bakery,2550000,Urmia,M,Brown,Winter,3.3,Yes,2-Day Shipping,Yes,Yes,32,0,Monthly,Male_Minnesota_35,4/14/2023,FALSE,,0,0,0
170,411,29,Male,Milk 1L,Dairy,1300000,Yazd,L,Lavender,Spring,4.8,Yes,2-Day Shipping,Yes,Yes,1,0,Quarterly,Male_Virginia_29,11/26/2023,TRUE,Yalda Festival,2,1,0
384,412,59,Male,Pasta Pack,Grocery,1450000,Isfahan,M,Indigo,Summer,2.8,Yes,Express,Yes,Yes,15,0,Annually,Male_Michigan_59,3/21/2023,TRUE,Festival Norooz,0,1,0
385,413,24,Male,Frozen Pizza,Frozen,3700000,Yazd,M,Yellow,Summer,3.1,Yes,Store Pickup,Yes,Yes,3,0,Weekly,Male_Maine_24,3/29/2023,TRUE,Festival Norooz,0,1,0
313,414,70,Male,Baguette,Bakery,4950000,Rasht,S,White,Summer,4.6,Yes,Free Shipping,Yes,Yes,48,1,Monthly,Male_Nevada_70,3/22/2023,TRUE,Festival Norooz,1,1,1
386,415,29,Male,Frozen Pizza,Frozen,4400000,Kerman,L,Violet,Winter,2.6,Yes,Store Pickup,Yes,Yes,30,0,Weekly,Male_Wyoming_29,2/25/2023,FALSE,,0,0,0
387,416,67,Male,Toothpaste,Personal Care,1550000,Yazd,M,Lavender,Winter,2.6,Yes,Express,Yes,Yes,40,0,Monthly,Male_Connecticut_67,10/30/2023,FALSE,,0,0,0
328,417,36,Male,Mineral Water 1.5L,Beverages,2750000,Arak,L,Olive,Spring,3.8,Yes,Free Shipping,Yes,Yes,24,0,Fortnightly,Male_Oregon_36,7/13/2023,TRUE,Summer Sale Iran,0,1,2
388,418,23,Male,Rice 10kg,Grocery,4050000,Tabriz,L,Beige,Fall,4.5,Yes,Free Shipping,Yes,Yes,48,0,Quarterly,Male_Mississippi_23,7/20/2023,TRUE,Summer Sale Iran,0,1,0
389,419,18,Male,Potato Chips,Snacks,3650000,Shiraz,L,Purple,Spring,3,Yes,Standard,Yes,Yes,27,0,Bi-Weekly,Male_Illinois_18,4/22/2023,FALSE,,0,0,0
390,420,53,Male,Pasta Pack,Grocery,4550000,Kerman,S,Teal,Winter,3.5,Yes,Free Shipping,Yes,Yes,14,0,Every 3 Months,Male_Utah_53,10/30/2023,FALSE,,0,0,0
391,421,32,Male,Cheddar Cheese,Dairy,2700000,Arak,S,Peach,Spring,3.8,Yes,Free Shipping,Yes,Yes,18,0,Bi-Weekly,Male_North Carolina_32,11/19/2023,FALSE,,0,0,0
392,422,38,Male,Tea Box,Grocery,2000000,Tehran,M,Violet,Winter,3.5,Yes,Standard,Yes,Yes,48,1,Bi-Weekly,Male_Kentucky_38,7/20/2023,TRUE,Summer Sale Iran,0,1,0
393,423,47,Male,Toothpaste,Personal Care,2950000,Tabriz,M,Purple,Fall,3.1,Yes,Store Pickup,Yes,Yes,32,0,Annually,Male_Minnesota_47,3/29/2023,TRUE,Festival Norooz,0,1,0
394,424,46,Male,Body Wash,Personal Care,1300000,Tehran,L,Teal,Spring,3,Yes,Store Pickup,Yes,Yes,21,0,Bi-Weekly,Male_New York_46,1/28/2023,FALSE,,0,0,0
395,425,66,Male,Sugar 1kg,Grocery,1150000,Qom,M,Gold,Winter,4.3,Yes,Standard,Yes,Yes,42,0,Fortnightly,Male_Illinois_66,11/8/2023,FALSE,,0,0,0
396,426,40,Male,Rice 10kg,Grocery,4350000,Karaj,S,Teal,Winter,3.3,Yes,Store Pickup,Yes,Yes,4,0,Quarterly,Male_North Dakota_40,6/19/2023,FALSE,,0,0,0
397,427,43,Male,Frozen Pizza,Frozen,3550000,Karaj,M,Violet,Winter,4.7,Yes,Express,Yes,Yes,19,0,Quarterly,Male_Louisiana_43,7/14/2023,TRUE,Summer Sale Iran,1,1,0
398,428,58,Male,Milk 1L,Dairy,4550000,Bandar Abbas,L,Black,Winter,4.5,Yes,Store Pickup,Yes,Yes,6,0,Quarterly,Male_Illinois_58,8/15/2023,FALSE,,0,0,0
244,429,21,Male,Sunflower Oil,Grocery,3200000,Shiraz,XL,Gold,Winter,2.9,Yes,Free Shipping,Yes,Yes,2,0,Fortnightly,Male_Wyoming_21,12/23/2023,FALSE,,0,0,0
399,430,42,Male,Body Wash,Personal Care,4700000,Bandar Abbas,M,Gold,Winter,4.1,Yes,2-Day Shipping,Yes,Yes,21,1,Fortnightly,Male_Washington_42,11/29/2023,TRUE,Yalda Festival,0,1,0
400,431,24,Male,Frozen Pizza,Frozen,2000000,Kerman,M,Brown,Summer,3.5,Yes,Store Pickup,Yes,Yes,40,0,Annually,Male_Texas_24,4/27/2023,FALSE,,0,0,0
401,432,43,Male,Sunflower Oil,Grocery,3800000,Yazd,L,Cyan,Winter,3.4,Yes,Store Pickup,Yes,Yes,33,1,Fortnightly,Male_New Hampshire_43,8/9/2023,FALSE,,0,0,0
402,433,47,Male,Cola 1.5L,Beverages,4300000,Urmia,S,Indigo,Fall,3.3,Yes,Free Shipping,Yes,Yes,26,0,Weekly,Male_Indiana_47,3/30/2023,TRUE,Festival Norooz,0,2,1
403,434,49,Male,Paper Towel Pack,Household,4600000,Hamedan,M,Orange,Fall,3.2,Yes,Store Pickup,Yes,Yes,23,0,Fortnightly,Male_Alabama_49,11/21/2023,TRUE,Yalda Festival,2,2,0
404,435,50,Male,Paper Towel Pack,Household,2600000,Ahvaz,L,Pink,Spring,4,Yes,Store Pickup,Yes,Yes,39,0,Every 3 Months,Male_Oklahoma_50,3/26/2023,TRUE,Festival Norooz,0,1,0
405,436,51,Male,Sugar 1kg,Grocery,1400000,Arak,XL,Olive,Winter,3.6,Yes,Next Day Air,Yes,Yes,42,0,Monthly,Male_Montana_51,1/20/2023,FALSE,,0,0,0
406,437,40,Male,Milk 1L,Dairy,2300000,Qom,L,Cyan,Summer,4.6,Yes,Free Shipping,Yes,Yes,41,0,Weekly,Male_Tennessee_40,5/6/2023,FALSE,,0,0,0
407,438,45,Male,Milk 1L,Dairy,2500000,Qazvin,M,Peach,Summer,2.6,Yes,Next Day Air,Yes,Yes,41,0,Annually,Male_New Mexico_45,3/28/2023,TRUE,Festival Norooz,0,1,1
408,439,52,Male,Cola 1.5L,Beverages,1150000,Kermanshah,M,Turquoise,Winter,4.3,Yes,Express,Yes,Yes,12,0,Fortnightly,Male_Iowa_52,3/26/2023,TRUE,Festival Norooz,0,1,0
409,440,62,Male,Milk 1L,Dairy,2500000,Karaj,M,Turquoise,Summer,3.4,Yes,Free Shipping,Yes,Yes,31,1,Monthly,Male_Idaho_62,1/10/2023,FALSE,,0,0,0
410,441,20,Male,Frozen Chicken,Frozen,4450000,Mashhad,XL,Maroon,Winter,3.5,Yes,Store Pickup,Yes,Yes,34,0,Fortnightly,Male_Oklahoma_20,11/27/2023,TRUE,Yalda Festival,0,1,0
411,442,43,Male,Rice 10kg,Grocery,4050000,Mashhad,M,Maroon,Winter,4.2,Yes,Standard,Yes,Yes,32,0,Annually,Male_Florida_43,4/28/2023,FALSE,,0,0,0
412,443,29,Male,Sugar 1kg,Grocery,3450000,Kerman,M,Olive,Fall,3.5,Yes,Store Pickup,Yes,Yes,31,0,Quarterly,Male_Michigan_29,7/19/2023,TRUE,Summer Sale Iran,2,1,0
413,444,22,Male,Cheddar Cheese,Dairy,3350000,Urmia,M,Magenta,Summer,3.6,Yes,Free Shipping,Yes,Yes,24,0,Annually,Male_Hawaii_22,3/28/2023,TRUE,Festival Norooz,0,1,3
414,445,48,Male,Mineral Water 1.5L,Beverages,1000000,Qazvin,M,Red,Summer,4.3,Yes,Store Pickup,Yes,Yes,31,0,Annually,Male_California_48,9/7/2023,FALSE,,0,0,0
415,446,42,Male,Potato Chips,Snacks,1450000,Kerman,M,Olive,Fall,4.9,Yes,Standard,Yes,Yes,18,0,Annually,Male_Iowa_42,10/6/2023,FALSE,,0,0,0
416,447,19,Male,Dishwashing Liquid,Household,3700000,Hamedan,M,Silver,Summer,4.1,Yes,Store Pickup,Yes,Yes,15,0,Monthly,Male_West Virginia_19,4/2/2023,FALSE,,0,0,0
417,448,60,Male,Chocolate Bar,Snacks,4100000,Sari,S,Turquoise,Spring,3.6,Yes,Standard,Yes,Yes,7,0,Every 3 Months,Male_Washington_60,3/26/2023,TRUE,Festival Norooz,0,2,0
418,449,32,Male,Tea Box,Grocery,1150000,Rasht,M,Yellow,Summer,3.4,Yes,Next Day Air,Yes,Yes,35,0,Fortnightly,Male_Missouri_32,7/19/2023,TRUE,Summer Sale Iran,1,1,0
419,450,26,Male,Chocolate Bar,Snacks,2250000,Qazvin,L,Peach,Summer,2.9,Yes,2-Day Shipping,Yes,Yes,35,0,Monthly,Male_New York_26,11/20/2023,TRUE,Yalda Festival,0,1,0
157,451,25,Male,Mineral Water 1.5L,Beverages,1050000,Urmia,L,Beige,Summer,2.7,Yes,Store Pickup,Yes,Yes,19,0,Monthly,Male_Connecticut_25,7/14/2023,TRUE,Summer Sale Iran,0,1,3
420,452,66,Male,Baguette,Bakery,1550000,Isfahan,M,Pink,Summer,4.3,Yes,Express,Yes,Yes,26,0,Fortnightly,Male_Virginia_66,11/26/2023,TRUE,Yalda Festival,0,1,0
421,453,45,Male,Mineral Water 1.5L,Beverages,2250000,Hamedan,M,Violet,Summer,3.3,Yes,Express,Yes,Yes,39,0,Fortnightly,Male_Missouri_45,11/27/2023,TRUE,Yalda Festival,0,1,0
171,454,54,Male,Milk 1L,Dairy,2800000,Kerman,XL,Peach,Winter,2.8,Yes,Next Day Air,Yes,Yes,22,0,Weekly,Male_Nebraska_54,7/14/2023,TRUE,Summer Sale Iran,3,1,0
422,455,37,Male,Cheddar Cheese,Dairy,4850000,Mashhad,S,Gold,Summer,3.2,Yes,Next Day Air,Yes,Yes,14,1,Bi-Weekly,Male_New Jersey_37,3/29/2023,TRUE,Festival Norooz,0,1,0
423,456,54,Male,Pasta Pack,Grocery,5000000,Kerman,XL,Gold,Fall,3.6,Yes,Store Pickup,Yes,Yes,50,0,Fortnightly,Male_Utah_54,11/29/2023,TRUE,Yalda Festival,1,1,0
424,457,50,Male,Orange Juice,Beverages,4800000,Hamedan,S,Indigo,Fall,4,Yes,2-Day Shipping,Yes,Yes,33,0,Quarterly,Male_North Carolina_50,7/16/2023,TRUE,Summer Sale Iran,3,1,1
425,458,25,Male,Frozen Pizza,Frozen,4950000,Tabriz,M,Blue,Spring,4.9,Yes,Next Day Air,Yes,Yes,48,0,Every 3 Months,Male_Rhode Island_25,11/22/2023,TRUE,Yalda Festival,0,1,0
426,459,47,Male,Fresh Bread,Bakery,4550000,Sari,L,Black,Winter,4,Yes,2-Day Shipping,Yes,Yes,48,0,Monthly,Male_Arkansas_47,11/30/2023,TRUE,Yalda Festival,0,1,0
427,460,63,Male,Fresh Bread,Bakery,1500000,Mashhad,L,Black,Winter,3.8,Yes,Standard,Yes,Yes,27,0,Fortnightly,Male_Maryland_63,2/8/2023,FALSE,,0,0,0
428,461,64,Male,Chocolate Bar,Snacks,3250000,Bandar Abbas,L,Teal,Summer,3.7,Yes,Store Pickup,Yes,Yes,27,0,Weekly,Male_South Carolina_64,3/29/2023,TRUE,Festival Norooz,0,1,0
429,462,18,Male,Body Wash,Personal Care,4650000,Urmia,M,Yellow,Winter,3.9,Yes,Express,Yes,Yes,20,0,Weekly,Male_Ohio_18,7/10/2023,TRUE,Summer Sale Iran,0,1,0
430,463,59,Male,Cola 1.5L,Beverages,4050000,Bandar Abbas,M,White,Fall,3.3,Yes,Express,Yes,Yes,48,0,Every 3 Months,Male_Illinois_59,11/26/2023,TRUE,Yalda Festival,1,2,0
431,464,37,Male,Frozen Chicken,Frozen,4050000,Kermanshah,S,Orange,Summer,2.7,Yes,Standard,Yes,Yes,29,0,Weekly,Male_Georgia_37,7/10/2023,TRUE,Summer Sale Iran,1,1,1
432,465,23,Male,Rice 10kg,Grocery,2600000,Yazd,M,Silver,Winter,4.7,Yes,Next Day Air,Yes,Yes,45,0,Monthly,Male_Alabama_23,3/20/2023,TRUE,Festival Norooz,1,1,0
433,466,54,Male,Mixed Nuts,Snacks,4400000,Urmia,M,Pink,Summer,2.8,Yes,Next Day Air,Yes,Yes,25,1,Quarterly,Male_Oklahoma_54,11/4/2023,FALSE,,0,0,0
434,467,38,Male,Chocolate Bar,Snacks,1200000,Shiraz,L,Turquoise,Winter,4.6,Yes,Free Shipping,Yes,Yes,25,0,Weekly,Male_Vermont_38,6/7/2023,FALSE,,0,0,0
435,468,19,Male,Sugar 1kg,Grocery,2550000,Qom,S,Orange,Spring,4.5,Yes,2-Day Shipping,Yes,Yes,37,0,Every 3 Months,Male_Nebraska_19,3/29/2023,TRUE,Festival Norooz,1,2,3
436,469,34,Male,Baguette,Bakery,1900000,Bandar Abbas,S,Peach,Fall,5,Yes,Free Shipping,Yes,Yes,16,1,Quarterly,Male_Georgia_34,3/28/2023,TRUE,Festival Norooz,0,1,1
437,470,21,Male,Yogurt Bucket,Dairy,2300000,Tehran,L,Pink,Fall,4.1,Yes,2-Day Shipping,Yes,Yes,30,0,Bi-Weekly,Male_Alabama_21,3/25/2023,TRUE,Festival Norooz,0,1,1
438,471,50,Male,Frozen Chicken,Frozen,3150000,Tabriz,L,Teal,Summer,4.6,Yes,Express,Yes,Yes,6,1,Every 3 Months,Male_Minnesota_50,3/30/2023,TRUE,Festival Norooz,0,1,0
439,472,55,Male,Sugar 1kg,Grocery,3600000,Tabriz,XL,White,Winter,4.9,Yes,2-Day Shipping,Yes,Yes,36,0,Quarterly,Male_Missouri_55,11/21/2023,TRUE,Yalda Festival,0,1,0
440,473,20,Male,Baguette,Bakery,1950000,Kermanshah,L,Gray,Winter,3.9,Yes,Free Shipping,Yes,Yes,3,0,Quarterly,Male_Georgia_20,1/21/2023,FALSE,,0,0,0
441,474,34,Male,Fresh Bread,Bakery,2100000,Mashhad,L,Olive,Spring,3.9,Yes,Store Pickup,Yes,Yes,29,0,Every 3 Months,Male_West Virginia_34,1/2/2023,FALSE,,0,0,0
442,475,62,Male,Sunflower Oil,Grocery,3800000,Tabriz,XL,Maroon,Summer,2.6,Yes,2-Day Shipping,Yes,Yes,15,1,Quarterly,Male_Arkansas_62,3/29/2023,TRUE,Festival Norooz,1,2,2
443,476,21,Male,Mineral Water 1.5L,Beverages,3300000,Tabriz,L,Magenta,Summer,2.7,Yes,Free Shipping,Yes,Yes,18,0,Annually,Male_Ohio_21,7/19/2023,TRUE,Summer Sale Iran,0,1,0
444,477,21,Male,Orange Juice,Beverages,4500000,Arak,M,Magenta,Spring,3.5,Yes,Free Shipping,Yes,Yes,2,0,Fortnightly,Male_Connecticut_21,7/15/2023,TRUE,Summer Sale Iran,0,1,0
445,478,42,Male,Pasta Pack,Grocery,2800000,Urmia,M,Green,Summer,3.7,Yes,Free Shipping,Yes,Yes,49,0,Weekly,Male_North Dakota_42,7/13/2023,TRUE,Summer Sale Iran,0,1,0
446,479,35,Male,Cheddar Cheese,Dairy,2150000,Kerman,XL,Turquoise,Winter,3.2,Yes,Free Shipping,Yes,Yes,48,0,Annually,Male_Kansas_35,7/20/2023,TRUE,Summer Sale Iran,0,1,0
447,480,39,Male,Mineral Water 1.5L,Beverages,4200000,Mashhad,L,Yellow,Winter,3.3,Yes,Store Pickup,Yes,Yes,43,0,Monthly,Male_Iowa_39,3/28/2023,TRUE,Festival Norooz,0,2,0
448,481,68,Male,Milk 1L,Dairy,4400000,Kerman,M,Gray,Summer,4.8,Yes,Standard,Yes,Yes,30,0,Bi-Weekly,Male_Vermont_68,3/13/2023,FALSE,,0,0,0
184,482,46,Male,Fresh Bread,Bakery,4400000,Arak,L,Peach,Fall,3.2,Yes,2-Day Shipping,Yes,Yes,10,0,Fortnightly,Male_Wisconsin_46,3/22/2023,TRUE,Festival Norooz,0,1,2
449,483,41,Male,Paper Towel Pack,Household,2100000,Isfahan,M,Yellow,Winter,2.5,Yes,2-Day Shipping,Yes,Yes,11,0,Annually,Male_Connecticut_41,3/29/2023,TRUE,Festival Norooz,0,1,2
450,484,23,Male,Dishwashing Liquid,Household,3650000,Mashhad,M,White,Fall,3.9,Yes,Store Pickup,Yes,Yes,12,0,Weekly,Male_Oklahoma_23,1/2/2023,FALSE,,0,0,0
451,485,68,Male,Laundry Detergent,Household,3650000,Hamedan,L,Lavender,Summer,4.7,Yes,Free Shipping,Yes,Yes,28,0,Quarterly,Male_Missouri_68,7/14/2023,TRUE,Summer Sale Iran,1,1,0
70,486,48,Male,Tea Box,Grocery,2200000,Qom,S,Blue,Spring,2.6,Yes,Next Day Air,Yes,Yes,36,0,Fortnightly,Male_Tennessee_48,2/16/2023,FALSE,,0,0,0
452,487,38,Male,Frozen Pizza,Frozen,3150000,Hamedan,M,Charcoal,Fall,2.8,Yes,Store Pickup,Yes,Yes,37,0,Every 3 Months,Male_New Mexico_38,7/16/2023,TRUE,Summer Sale Iran,0,1,0
453,488,41,Male,Mineral Water 1.5L,Beverages,3400000,Urmia,L,Red,Winter,4.4,Yes,Store Pickup,Yes,Yes,22,0,Quarterly,Male_Iowa_41,3/29/2023,TRUE,Festival Norooz,0,1,0
454,489,58,Male,Pasta Pack,Grocery,1450000,Urmia,L,Olive,Spring,4.6,Yes,Standard,Yes,Yes,32,0,Weekly,Male_Maine_58,7/19/2023,TRUE,Summer Sale Iran,2,1,0
455,490,49,Male,Fresh Bread,Bakery,4250000,Mashhad,M,Green,Summer,3.2,Yes,Standard,Yes,Yes,40,0,Annually,Male_South Dakota_49,3/31/2023,TRUE,Festival Norooz,0,1,0
456,491,57,Male,Milk 1L,Dairy,2100000,Yazd,M,Silver,Winter,4.2,Yes,2-Day Shipping,Yes,Yes,47,1,Monthly,Male_Colorado_57,7/10/2023,TRUE,Summer Sale Iran,0,1,0
232,492,49,Male,Mineral Water 1.5L,Beverages,3450000,Isfahan,M,Silver,Summer,3.7,Yes,2-Day Shipping,Yes,Yes,24,0,Bi-Weekly,Male_Vermont_49,11/23/2023,TRUE,Yalda Festival,2,2,0
457,493,50,Male,Yogurt Bucket,Dairy,3100000,Tabriz,M,Black,Fall,3.9,Yes,Standard,Yes,Yes,11,0,Weekly,Male_Michigan_50,3/28/2023,TRUE,Festival Norooz,0,2,0
458,494,28,Male,Dishwashing Liquid,Household,2400000,Shiraz,XL,Red,Summer,4.7,Yes,Store Pickup,Yes,Yes,19,1,Bi-Weekly,Male_Nevada_28,3/22/2023,TRUE,Festival Norooz,0,1,0
459,495,38,Male,Orange Juice,Beverages,3400000,Tehran,M,Indigo,Winter,4.5,Yes,Express,Yes,Yes,42,0,Weekly,Male_Indiana_38,7/20/2023,TRUE,Summer Sale Iran,0,1,1
460,496,33,Male,Frozen Chicken,Frozen,1800000,Hamedan,XL,Cyan,Fall,3.3,Yes,Free Shipping,Yes,Yes,6,0,Fortnightly,Male_Michigan_33,3/31/2023,TRUE,Festival Norooz,0,1,2
461,497,30,Male,Laundry Detergent,Household,3150000,Mashhad,S,Maroon,Fall,3.3,Yes,Express,Yes,Yes,31,0,Fortnightly,Male_California_30,11/28/2023,TRUE,Yalda Festival,0,1,0
375,498,43,Male,Fresh Bread,Bakery,1950000,Bandar Abbas,S,Silver,Winter,4.6,Yes,Free Shipping,Yes,Yes,31,1,Weekly,Male_Oklahoma_43,2/16/2023,FALSE,,0,0,0
462,499,43,Male,Tea Box,Grocery,3900000,Bandar Abbas,M,Lavender,Spring,3.6,Yes,Free Shipping,Yes,Yes,27,0,Monthly,Male_Iowa_43,3/30/2023,TRUE,Festival Norooz,0,1,0
318,500,36,Male,Body Wash,Personal Care,4950000,Kermanshah,L,Silver,Winter,4.8,Yes,Express,Yes,Yes,24,0,Monthly,Male_Rhode Island_36,11/28/2023,TRUE,Yalda Festival,1,1,0
463,501,36,Male,Cheddar Cheese,Dairy,1550000,Sari,L,Purple,Fall,4.8,Yes,Next Day Air,Yes,Yes,35,0,Every 3 Months,Male_Washington_36,3/31/2023,TRUE,Festival Norooz,0,1,0
464,502,64,Male,Toothpaste,Personal Care,2250000,Tehran,M,Cyan,Spring,2.9,Yes,Next Day Air,Yes,Yes,21,0,Annually,Male_Florida_64,3/26/2023,TRUE,Festival Norooz,0,1,0
193,503,59,Male,Cheddar Cheese,Dairy,1500000,Kermanshah,S,Cyan,Fall,2.8,Yes,Express,Yes,Yes,8,0,Fortnightly,Male_South Carolina_59,3/27/2023,TRUE,Festival Norooz,0,1,2
344,504,55,Male,Fresh Bread,Bakery,1200000,Rasht,M,Lavender,Summer,3.2,Yes,Next Day Air,Yes,Yes,26,0,Quarterly,Male_West Virginia_55,8/14/2023,FALSE,,0,0,0
465,505,42,Male,Orange Juice,Beverages,1100000,Tabriz,M,Maroon,Winter,3.9,Yes,Free Shipping,Yes,Yes,26,0,Annually,Male_Missouri_42,3/31/2023,TRUE,Festival Norooz,0,2,0
466,506,61,Male,Frozen Pizza,Frozen,3150000,Sari,L,Gray,Spring,4.3,Yes,Express,Yes,Yes,9,1,Bi-Weekly,Male_Maine_61,3/25/2023,TRUE,Festival Norooz,0,1,1
467,507,28,Male,Tea Box,Grocery,2000000,Sari,M,Olive,Fall,2.7,Yes,2-Day Shipping,Yes,Yes,48,0,Annually,Male_Georgia_28,3/21/2023,TRUE,Festival Norooz,0,1,0
468,508,65,Male,Paper Towel Pack,Household,1000000,Tehran,M,Magenta,Spring,5,Yes,Store Pickup,Yes,Yes,33,0,Fortnightly,Male_Maine_65,3/25/2023,TRUE,Festival Norooz,0,1,0
469,509,27,Male,Dishwashing Liquid,Household,1000000,Shiraz,S,Yellow,Winter,3.7,Yes,Store Pickup,Yes,Yes,31,0,Quarterly,Male_Illinois_27,5/4/2023,FALSE,,0,0,0
470,510,41,Male,Laundry Detergent,Household,4000000,Ahvaz,L,Cyan,Summer,3.9,Yes,Free Shipping,Yes,Yes,17,0,Weekly,Male_Delaware_41,7/10/2023,TRUE,Summer Sale Iran,0,3,1
58,511,21,Male,Body Wash,Personal Care,4350000,Hamedan,M,Teal,Fall,3.9,Yes,2-Day Shipping,Yes,Yes,22,0,Annually,Male_West Virginia_21,3/31/2023,TRUE,Festival Norooz,0,2,1
471,512,61,Male,Mixed Nuts,Snacks,2300000,Qazvin,L,Yellow,Fall,3.1,Yes,Free Shipping,Yes,Yes,8,0,Annually,Male_Hawaii_61,2/9/2023,FALSE,,0,0,0
81,513,19,Male,Pasta Pack,Grocery,2450000,Urmia,L,Peach,Winter,3.3,Yes,Next Day Air,Yes,Yes,2,0,Monthly,Male_New York_19,11/22/2023,TRUE,Yalda Festival,1,2,0
472,514,22,Male,Chocolate Bar,Snacks,3250000,Hamedan,M,Peach,Fall,3.6,Yes,Store Pickup,Yes,Yes,45,0,Annually,Male_New Mexico_22,1/3/2023,FALSE,,0,0,0
473,515,64,Male,Mixed Nuts,Snacks,3100000,Rasht,S,Olive,Winter,4.3,Yes,Standard,Yes,Yes,47,0,Quarterly,Male_Indiana_64,11/30/2023,TRUE,Yalda Festival,0,2,0
474,516,28,Male,Rice 10kg,Grocery,3350000,Kermanshah,L,Charcoal,Spring,4.5,Yes,Next Day Air,Yes,Yes,7,1,Monthly,Male_Kentucky_28,3/23/2023,TRUE,Festival Norooz,0,1,1
441,517,34,Male,Paper Towel Pack,Household,2050000,Arak,L,Indigo,Fall,2.8,Yes,2-Day Shipping,Yes,Yes,19,0,Bi-Weekly,Male_West Virginia_34,1/16/2023,FALSE,,0,0,0
475,518,61,Male,Orange Juice,Beverages,2450000,Yazd,L,Silver,Fall,2.7,Yes,Free Shipping,Yes,Yes,44,1,Every 3 Months,Male_North Dakota_61,11/20/2023,TRUE,Yalda Festival,1,1,0
476,519,24,Male,Cola 1.5L,Beverages,5000000,Tabriz,M,Beige,Fall,2.9,Yes,Next Day Air,Yes,Yes,16,0,Every 3 Months,Male_Oregon_24,3/30/2023,TRUE,Festival Norooz,0,1,1
477,520,19,Male,Potato Chips,Snacks,2700000,Rasht,L,Blue,Summer,4.4,Yes,2-Day Shipping,Yes,Yes,17,0,Quarterly,Male_Minnesota_19,9/25/2023,FALSE,,0,0,0
354,521,51,Male,Body Wash,Personal Care,4200000,Rasht,M,White,Spring,3.9,Yes,Free Shipping,Yes,Yes,20,0,Quarterly,Male_South Carolina_51,11/18/2023,FALSE,,0,0,0
156,522,36,Male,Yogurt Bucket,Dairy,2050000,Kerman,L,Gold,Winter,3.5,Yes,Standard,Yes,Yes,50,0,Annually,Male_Vermont_36,7/30/2023,FALSE,,0,0,0
478,523,65,Male,Paper Towel Pack,Household,4400000,Sari,M,Blue,Spring,2.5,Yes,Store Pickup,Yes,Yes,37,1,Quarterly,Male_Minnesota_65,7/20/2023,TRUE,Summer Sale Iran,1,1,0
165,524,46,Male,Cheddar Cheese,Dairy,2000000,Arak,M,Orange,Spring,4.9,Yes,Express,Yes,Yes,5,0,Quarterly,Male_Delaware_46,9/3/2023,FALSE,,0,0,0
479,525,59,Male,Mineral Water 1.5L,Beverages,1950000,Hamedan,M,Gold,Summer,4.8,Yes,Free Shipping,Yes,Yes,44,0,Annually,Male_Pennsylvania_59,4/20/2023,FALSE,,0,0,0
480,526,51,Male,Pasta Pack,Grocery,1850000,Bandar Abbas,M,Cyan,Spring,3.2,Yes,Next Day Air,Yes,Yes,41,0,Monthly,Male_Iowa_51,7/14/2023,TRUE,Summer Sale Iran,0,1,2
481,527,51,Male,Cheddar Cheese,Dairy,2600000,Urmia,S,Red,Winter,4.9,Yes,Standard,Yes,Yes,19,1,Monthly,Male_New Jersey_51,7/10/2023,TRUE,Summer Sale Iran,0,1,1
482,528,21,Male,Tea Box,Grocery,1150000,Kermanshah,L,Yellow,Winter,4.3,Yes,Next Day Air,Yes,Yes,47,0,Every 3 Months,Male_South Carolina_21,7/17/2023,TRUE,Summer Sale Iran,0,3,0
483,529,34,Male,Toothpaste,Personal Care,4400000,Sari,S,Beige,Winter,3.2,Yes,Express,Yes,Yes,40,1,Annually,Male_Maryland_34,11/26/2023,TRUE,Yalda Festival,0,1,0
484,530,32,Male,Mineral Water 1.5L,Beverages,4200000,Karaj,M,Orange,Fall,3.7,Yes,Standard,Yes,Yes,6,0,Monthly,Male_California_32,1/14/2023,FALSE,,0,0,0
485,531,48,Male,Cola 1.5L,Beverages,1850000,Tehran,XL,Magenta,Winter,3.2,Yes,Store Pickup,Yes,Yes,25,0,Bi-Weekly,Male_Montana_48,11/21/2023,TRUE,Yalda Festival,1,1,0
486,532,50,Male,Fresh Bread,Bakery,2550000,Kermanshah,L,Purple,Fall,3.4,Yes,Next Day Air,Yes,Yes,42,1,Weekly,Male_Vermont_50,11/21/2023,TRUE,Yalda Festival,0,1,0
487,533,26,Male,Dishwashing Liquid,Household,3800000,Shiraz,L,Black,Winter,4.1,Yes,Express,Yes,Yes,35,0,Every 3 Months,Male_Texas_26,3/25/2023,TRUE,Festival Norooz,0,1,0
31,534,57,Male,Shampoo,Personal Care,3000000,Tabriz,L,Pink,Spring,4.5,Yes,Next Day Air,Yes,Yes,17,0,Weekly,Male_North Carolina_57,7/11/2023,TRUE,Summer Sale Iran,2,1,0
488,535,65,Male,Orange Juice,Beverages,3600000,Rasht,L,Pink,Fall,4.5,Yes,Next Day Air,Yes,Yes,4,0,Quarterly,Male_Florida_65,8/15/2023,FALSE,,0,0,0
489,536,56,Male,Baguette,Bakery,2250000,Ahvaz,L,Maroon,Spring,3.2,Yes,Free Shipping,Yes,Yes,24,0,Weekly,Male_West Virginia_56,11/24/2023,TRUE,Yalda Festival,0,1,0
490,537,44,Male,Paper Towel Pack,Household,4200000,Karaj,S,Maroon,Fall,4.4,Yes,Store Pickup,Yes,Yes,16,0,Every 3 Months,Male_Illinois_44,3/21/2023,TRUE,Festival Norooz,0,1,0
491,538,50,Male,Sugar 1kg,Grocery,2450000,Kerman,S,Turquoise,Summer,3,Yes,Store Pickup,Yes,Yes,14,0,Annually,Male_Virginia_50,7/16/2023,TRUE,Summer Sale Iran,0,2,0
364,539,27,Male,Toothpaste,Personal Care,1100000,Rasht,XL,Green,Spring,3.2,Yes,Free Shipping,Yes,Yes,43,1,Weekly,Male_Virginia_27,9/28/2023,FALSE,,0,0,0
492,540,49,Male,Toothpaste,Personal Care,2400000,Kerman,M,Violet,Winter,4,Yes,Store Pickup,Yes,Yes,49,0,Weekly,Male_Wyoming_49,11/21/2023,TRUE,Yalda Festival,0,1,0
493,541,49,Male,Yogurt Bucket,Dairy,1850000,Arak,M,Lavender,Spring,3.1,Yes,Next Day Air,Yes,Yes,33,1,Every 3 Months,Male_South Carolina_49,3/30/2023,TRUE,Festival Norooz,0,1,1
494,542,52,Male,Toothpaste,Personal Care,1350000,Ahvaz,L,Gray,Fall,2.8,Yes,Next Day Air,Yes,Yes,45,1,Bi-Weekly,Male_Connecticut_52,6/20/2023,FALSE,,0,0,0
469,543,27,Male,Mixed Nuts,Snacks,3950000,Arak,XL,Teal,Spring,4.6,Yes,Next Day Air,Yes,Yes,35,1,Bi-Weekly,Male_Illinois_27,7/18/2023,TRUE,Summer Sale Iran,3,1,1
495,544,53,Male,Mixed Nuts,Snacks,4900000,Ahvaz,S,Red,Spring,4.3,Yes,Express,Yes,Yes,11,0,Monthly,Male_Alabama_53,7/13/2023,TRUE,Summer Sale Iran,0,1,0
496,545,34,Male,Pasta Pack,Grocery,3200000,Qom,S,Yellow,Summer,3.3,Yes,Standard,Yes,Yes,30,0,Every 3 Months,Male_Washington_34,1/30/2023,FALSE,,0,0,0
497,546,33,Male,Chocolate Bar,Snacks,1600000,Urmia,L,Magenta,Summer,3.5,Yes,2-Day Shipping,Yes,Yes,48,0,Annually,Male_Alabama_33,11/28/2023,TRUE,Yalda Festival,0,1,0
498,547,62,Male,Yogurt Bucket,Dairy,3700000,Kerman,M,Brown,Winter,3.4,Yes,Free Shipping,Yes,Yes,45,0,Bi-Weekly,Male_New Mexico_62,3/23/2023,TRUE,Festival Norooz,0,1,1
27,548,38,Male,Laundry Detergent,Household,2500000,Rasht,M,Blue,Winter,2.8,Yes,Free Shipping,Yes,Yes,26,0,Weekly,Male_Nevada_38,3/27/2023,TRUE,Festival Norooz,0,2,1
499,549,36,Male,Milk 1L,Dairy,3200000,Karaj,M,Black,Winter,4.6,Yes,Store Pickup,Yes,Yes,41,0,Every 3 Months,Male_Nebraska_36,3/31/2023,TRUE,Festival Norooz,0,1,0
500,550,31,Male,Cola 1.5L,Beverages,1450000,Tehran,S,Olive,Fall,3.6,Yes,Express,Yes,Yes,37,0,Bi-Weekly,Male_Arizona_31,11/1/2023,FALSE,,0,0,0
501,551,62,Male,Baguette,Bakery,3100000,Isfahan,M,Olive,Summer,3.3,Yes,Store Pickup,Yes,Yes,12,0,Weekly,Male_Georgia_62,11/25/2023,TRUE,Yalda Festival,0,1,0
502,552,29,Male,Pasta Pack,Grocery,3900000,Sari,XL,Green,Fall,3.1,Yes,2-Day Shipping,Yes,Yes,27,1,Bi-Weekly,Male_Idaho_29,11/27/2023,TRUE,Yalda Festival,1,1,1
144,553,24,Male,Baguette,Bakery,4700000,Tehran,M,Peach,Fall,3.5,Yes,Express,Yes,Yes,18,0,Weekly,Male_Missouri_24,11/29/2023,TRUE,Yalda Festival,1,1,1
503,554,63,Male,Rice 10kg,Grocery,2950000,Tehran,M,White,Winter,3.2,Yes,Express,Yes,Yes,15,0,Quarterly,Male_Florida_63,7/12/2023,TRUE,Summer Sale Iran,1,1,0
504,555,56,Male,Cheddar Cheese,Dairy,2350000,Isfahan,M,Red,Summer,3,Yes,Express,Yes,Yes,34,0,Weekly,Male_Minnesota_56,7/15/2023,TRUE,Summer Sale Iran,0,2,0
154,556,63,Male,Dishwashing Liquid,Household,2850000,Ahvaz,M,White,Fall,4.8,Yes,Express,Yes,Yes,37,0,Annually,Male_Maine_63,7/22/2023,FALSE,,0,0,0
505,557,40,Male,Mineral Water 1.5L,Beverages,4500000,Kermanshah,L,Indigo,Winter,5,Yes,Store Pickup,Yes,Yes,21,1,Fortnightly,Male_Montana_40,11/27/2023,TRUE,Yalda Festival,1,1,0
506,558,18,Male,Milk 1L,Dairy,3000000,Tehran,M,White,Spring,2.9,Yes,Free Shipping,Yes,Yes,31,0,Weekly,Male_Alaska_18,11/29/2023,TRUE,Yalda Festival,0,1,0
230,559,50,Male,Body Wash,Personal Care,3850000,Kermanshah,L,Teal,Fall,3.2,Yes,Express,Yes,Yes,43,0,Every 3 Months,Male_Iowa_50,7/19/2023,TRUE,Summer Sale Iran,0,1,1
507,560,66,Male,Fresh Bread,Bakery,2050000,Bandar Abbas,M,Indigo,Fall,2.9,Yes,Store Pickup,Yes,Yes,22,0,Monthly,Male_Arizona_66,11/25/2023,TRUE,Yalda Festival,0,1,0
508,561,25,Male,Fresh Bread,Bakery,2400000,Qazvin,L,Red,Fall,3.3,Yes,Free Shipping,Yes,Yes,12,0,Annually,Male_Louisiana_25,3/29/2023,TRUE,Festival Norooz,0,1,0
65,562,65,Male,Tea Box,Grocery,3250000,Hamedan,M,Blue,Fall,2.6,Yes,Next Day Air,Yes,Yes,25,0,Fortnightly,Male_Alabama_65,5/4/2023,FALSE,,0,0,0
509,563,53,Male,Paper Towel Pack,Household,3100000,Mashhad,M,Blue,Summer,3.5,Yes,Standard,Yes,Yes,40,0,Annually,Male_Missouri_53,7/18/2023,TRUE,Summer Sale Iran,1,1,0
177,564,61,Male,Pasta Pack,Grocery,4950000,Qazvin,M,Black,Fall,4.4,Yes,Standard,Yes,Yes,16,0,Quarterly,Male_Idaho_61,11/27/2023,TRUE,Yalda Festival,0,2,0
510,565,67,Male,Body Wash,Personal Care,2900000,Qazvin,M,Olive,Winter,3.4,Yes,Next Day Air,Yes,Yes,30,0,Weekly,Male_Florida_67,11/28/2023,TRUE,Yalda Festival,1,1,0
511,566,59,Male,Sunflower Oil,Grocery,2150000,Kerman,L,Lavender,Fall,4.2,Yes,Store Pickup,Yes,Yes,10,0,Weekly,Male_Idaho_59,11/28/2023,TRUE,Yalda Festival,1,1,0
512,567,55,Male,Sunflower Oil,Grocery,4650000,Arak,M,Indigo,Spring,3.6,Yes,Store Pickup,Yes,Yes,1,0,Fortnightly,Male_Alabama_55,11/21/2023,TRUE,Yalda Festival,0,1,0
513,568,21,Male,Laundry Detergent,Household,2500000,Qazvin,S,Red,Winter,3,Yes,Next Day Air,Yes,Yes,24,0,Fortnightly,Male_New Hampshire_21,3/20/2023,TRUE,Festival Norooz,0,1,0
514,569,44,Male,Sunflower Oil,Grocery,4400000,Bandar Abbas,L,Red,Summer,4,Yes,Free Shipping,Yes,Yes,36,0,Monthly,Male_Utah_44,7/10/2023,TRUE,Summer Sale Iran,1,1,0
65,570,65,Male,Mineral Water 1.5L,Beverages,1650000,Shiraz,M,Pink,Fall,4.4,Yes,Express,Yes,Yes,46,0,Every 3 Months,Male_Alabama_65,11/22/2023,TRUE,Yalda Festival,1,3,0
515,571,65,Male,Mineral Water 1.5L,Beverages,4950000,Hamedan,XL,Purple,Fall,4.1,Yes,Standard,Yes,Yes,20,1,Annually,Male_Iowa_65,7/20/2023,TRUE,Summer Sale Iran,1,1,1
516,572,54,Male,Tea Box,Grocery,3800000,Urmia,XL,Cyan,Spring,3.6,Yes,Free Shipping,Yes,Yes,37,0,Weekly,Male_Kentucky_54,9/1/2023,FALSE,,0,0,0
329,573,56,Male,Mineral Water 1.5L,Beverages,4850000,Isfahan,XL,Cyan,Summer,4.6,Yes,Next Day Air,Yes,Yes,26,0,Annually,Male_South Carolina_56,4/9/2023,FALSE,,0,0,0
517,574,58,Male,Sugar 1kg,Grocery,3400000,Hamedan,M,Charcoal,Summer,3.2,Yes,2-Day Shipping,Yes,Yes,23,0,Bi-Weekly,Male_California_58,7/30/2023,FALSE,,0,0,0
518,575,54,Male,Chocolate Bar,Snacks,3950000,Qazvin,L,Red,Fall,4.8,Yes,Free Shipping,Yes,Yes,20,0,Bi-Weekly,Male_Maine_54,11/23/2023,TRUE,Yalda Festival,1,1,0
519,576,58,Male,Mixed Nuts,Snacks,4300000,Shiraz,M,Peach,Fall,4.8,Yes,Express,Yes,Yes,38,0,Monthly,Male_Nebraska_58,3/31/2023,TRUE,Festival Norooz,0,1,2
520,577,48,Male,Pasta Pack,Grocery,3400000,Bandar Abbas,M,Black,Winter,5,Yes,2-Day Shipping,Yes,Yes,5,0,Every 3 Months,Male_Washington_48,3/14/2023,FALSE,,0,0,0
521,578,19,Male,Frozen Pizza,Frozen,2600000,Mashhad,M,Black,Fall,3.7,Yes,Store Pickup,Yes,Yes,41,0,Annually,Male_Alabama_19,3/23/2023,TRUE,Festival Norooz,0,1,1
522,579,69,Male,Frozen Chicken,Frozen,4500000,Arak,M,Purple,Fall,4.6,Yes,Next Day Air,Yes,Yes,22,0,Fortnightly,Male_Maine_69,7/13/2023,TRUE,Summer Sale Iran,1,1,0
517,580,58,Male,Laundry Detergent,Household,2050000,Tabriz,M,Violet,Winter,3.7,Yes,Free Shipping,Yes,Yes,48,0,Annually,Male_California_58,11/29/2023,TRUE,Yalda Festival,2,2,0
523,581,49,Male,Paper Towel Pack,Household,4000000,Isfahan,M,Orange,Spring,4.1,Yes,Free Shipping,Yes,Yes,10,0,Weekly,Male_Iowa_49,8/17/2023,FALSE,,0,0,0
524,582,32,Male,Sugar 1kg,Grocery,5000000,Qazvin,XL,Charcoal,Winter,2.7,Yes,Store Pickup,Yes,Yes,12,0,Every 3 Months,Male_Iowa_32,4/17/2023,FALSE,,0,0,0
525,583,40,Male,Yogurt Bucket,Dairy,3850000,Tehran,L,Turquoise,Spring,4.9,Yes,Store Pickup,Yes,Yes,2,0,Quarterly,Male_Colorado_40,7/11/2023,TRUE,Summer Sale Iran,1,1,0
526,584,25,Male,Potato Chips,Snacks,3900000,Kermanshah,L,Yellow,Spring,4,Yes,Store Pickup,Yes,Yes,38,0,Monthly,Male_California_25,11/8/2023,FALSE,,0,0,0
197,585,70,Male,Frozen Pizza,Frozen,4700000,Urmia,M,White,Spring,4.7,Yes,Free Shipping,Yes,Yes,20,0,Monthly,Male_Indiana_70,3/22/2023,TRUE,Festival Norooz,0,2,3
527,586,69,Male,Mixed Nuts,Snacks,1150000,Bandar Abbas,M,Gray,Fall,2.8,Yes,Next Day Air,Yes,Yes,5,1,Every 3 Months,Male_South Carolina_69,9/12/2023,FALSE,,0,0,0
528,587,45,Male,Laundry Detergent,Household,1000000,Bandar Abbas,S,Blue,Winter,4.9,Yes,2-Day Shipping,Yes,Yes,9,0,Annually,Male_Wisconsin_45,5/27/2023,FALSE,,0,0,0
529,588,29,Male,Cheddar Cheese,Dairy,4300000,Tabriz,S,Maroon,Fall,4.2,Yes,Express,Yes,Yes,48,0,Every 3 Months,Male_Washington_29,1/29/2023,FALSE,,0,0,0
530,589,47,Male,Tea Box,Grocery,3000000,Tabriz,M,Violet,Fall,3,Yes,Standard,Yes,Yes,9,0,Quarterly,Male_South Dakota_47,9/28/2023,FALSE,,0,0,0
531,590,28,Male,Sugar 1kg,Grocery,3500000,Shiraz,M,Orange,Fall,3.4,Yes,2-Day Shipping,Yes,Yes,40,0,Annually,Male_Minnesota_28,10/21/2023,FALSE,,0,0,0
532,591,64,Male,Frozen Chicken,Frozen,1950000,Mashhad,S,Turquoise,Fall,4.6,Yes,Standard,Yes,Yes,30,0,Fortnightly,Male_Alaska_64,11/28/2023,TRUE,Yalda Festival,0,2,0
533,592,47,Male,Body Wash,Personal Care,1850000,Tabriz,L,Olive,Fall,4.2,Yes,Store Pickup,Yes,Yes,6,0,Bi-Weekly,Male_Kentucky_47,11/27/2023,TRUE,Yalda Festival,0,1,0
534,593,60,Male,Chocolate Bar,Snacks,1450000,Urmia,M,Brown,Fall,3.2,Yes,Free Shipping,Yes,Yes,42,0,Every 3 Months,Male_North Dakota_60,9/10/2023,FALSE,,0,0,0
42,594,67,Male,Frozen Pizza,Frozen,1750000,Karaj,S,Green,Winter,4.4,Yes,Store Pickup,Yes,Yes,9,0,Every 3 Months,Male_Alaska_67,3/22/2023,TRUE,Festival Norooz,0,1,1
210,595,35,Male,Yogurt Bucket,Dairy,4150000,Tehran,S,Brown,Winter,2.5,Yes,Next Day Air,Yes,Yes,6,0,Monthly,Male_Oklahoma_35,2/21/2023,FALSE,,0,0,0
535,596,30,Male,Pasta Pack,Grocery,3850000,Hamedan,M,Silver,Summer,3.6,Yes,Next Day Air,Yes,Yes,47,0,Quarterly,Male_Delaware_30,11/24/2023,TRUE,Yalda Festival,1,1,0
536,597,23,Male,Mixed Nuts,Snacks,1850000,Urmia,XL,White,Summer,4.5,Yes,Store Pickup,Yes,Yes,36,0,Annually,Male_Montana_23,11/23/2023,TRUE,Yalda Festival,0,1,0
537,598,70,Male,Pasta Pack,Grocery,3450000,Kerman,L,Gold,Summer,3.4,Yes,Standard,Yes,Yes,19,0,Fortnightly,Male_Alaska_70,11/20/2023,TRUE,Yalda Festival,0,1,0
253,599,21,Male,Laundry Detergent,Household,3300000,Arak,L,Green,Winter,3.2,Yes,2-Day Shipping,Yes,Yes,30,1,Every 3 Months,Male_California_21,5/24/2023,FALSE,,0,0,0
538,600,51,Male,Potato Chips,Snacks,1300000,Hamedan,L,Teal,Spring,4.2,Yes,Standard,Yes,Yes,27,0,Every 3 Months,Male_Massachusetts_51,11/28/2023,TRUE,Yalda Festival,1,1,1
539,601,22,Male,Laundry Detergent,Household,3150000,Urmia,M,Charcoal,Spring,5,Yes,2-Day Shipping,Yes,Yes,25,0,Monthly,Male_South Carolina_22,3/24/2023,TRUE,Festival Norooz,0,1,0
540,602,32,Male,Shampoo,Personal Care,1900000,Tabriz,M,Maroon,Summer,4.7,Yes,Store Pickup,Yes,Yes,5,1,Fortnightly,Male_West Virginia_32,7/11/2023,TRUE,Summer Sale Iran,1,1,0
334,603,37,Male,Mixed Nuts,Snacks,2900000,Arak,L,Lavender,Summer,4.2,Yes,Next Day Air,Yes,Yes,10,1,Every 3 Months,Male_Oregon_37,7/10/2023,TRUE,Summer Sale Iran,2,1,0
541,604,31,Male,Paper Towel Pack,Household,2300000,Mashhad,L,Green,Winter,3.4,Yes,2-Day Shipping,Yes,Yes,26,0,Every 3 Months,Male_Massachusetts_31,3/31/2023,TRUE,Festival Norooz,0,1,0
542,605,44,Male,Rice 10kg,Grocery,4600000,Tabriz,S,Pink,Fall,4.4,Yes,Store Pickup,Yes,Yes,11,0,Every 3 Months,Male_West Virginia_44,3/24/2023,TRUE,Festival Norooz,0,1,0
543,606,40,Male,Yogurt Bucket,Dairy,1600000,Kerman,XL,Charcoal,Winter,4.2,Yes,Standard,Yes,Yes,17,0,Weekly,Male_California_40,11/11/2023,FALSE,,0,0,0
544,607,27,Male,Cheddar Cheese,Dairy,4500000,Urmia,M,Blue,Spring,4.5,Yes,Standard,Yes,Yes,44,0,Monthly,Male_Colorado_27,3/28/2023,TRUE,Festival Norooz,0,1,1
402,608,47,Male,Potato Chips,Snacks,1150000,Rasht,L,Purple,Fall,2.8,Yes,Next Day Air,Yes,Yes,44,1,Monthly,Male_Indiana_47,3/29/2023,TRUE,Festival Norooz,0,2,1
470,609,41,Male,Body Wash,Personal Care,1250000,Mashhad,S,Gold,Fall,3.3,Yes,Next Day Air,Yes,Yes,21,0,Every 3 Months,Male_Delaware_41,11/28/2023,TRUE,Yalda Festival,3,1,0
545,610,51,Male,Cheddar Cheese,Dairy,2700000,Bandar Abbas,L,Purple,Fall,4.6,Yes,Next Day Air,Yes,Yes,49,0,Fortnightly,Male_Ohio_51,11/30/2023,TRUE,Yalda Festival,0,1,0
174,611,53,Male,Rice 10kg,Grocery,3600000,Bandar Abbas,M,Charcoal,Summer,2.5,Yes,Free Shipping,Yes,Yes,27,0,Every 3 Months,Male_Oklahoma_53,1/29/2023,FALSE,,0,0,0
546,612,43,Male,Mineral Water 1.5L,Beverages,1650000,Mashhad,M,Black,Winter,4.7,Yes,Store Pickup,Yes,Yes,19,1,Monthly,Male_California_43,7/20/2023,TRUE,Summer Sale Iran,0,2,1
547,613,67,Male,Mixed Nuts,Snacks,2150000,Tabriz,L,Lavender,Fall,4.6,Yes,Express,Yes,Yes,33,0,Quarterly,Male_New Hampshire_67,3/28/2023,TRUE,Festival Norooz,0,1,0
548,614,61,Male,Sugar 1kg,Grocery,2550000,Arak,L,Lavender,Fall,2.6,Yes,Standard,Yes,Yes,46,1,Bi-Weekly,Male_Pennsylvania_61,11/30/2023,TRUE,Yalda Festival,1,1,0
549,615,68,Male,Yogurt Bucket,Dairy,4250000,Rasht,M,Lavender,Winter,4,Yes,Standard,Yes,Yes,21,0,Bi-Weekly,Male_Idaho_68,11/29/2023,TRUE,Yalda Festival,0,1,0
550,616,67,Male,Chocolate Bar,Snacks,5000000,Tabriz,L,Olive,Summer,2.6,Yes,Next Day Air,Yes,Yes,23,0,Annually,Male_Maryland_67,3/24/2023,TRUE,Festival Norooz,0,1,1
551,617,29,Male,Potato Chips,Snacks,3600000,Yazd,L,Teal,Spring,4.6,Yes,Free Shipping,Yes,Yes,38,0,Every 3 Months,Male_Pennsylvania_29,7/20/2023,TRUE,Summer Sale Iran,0,1,0
552,618,50,Male,Sunflower Oil,Grocery,2850000,Qazvin,M,Maroon,Fall,2.6,Yes,Standard,Yes,Yes,2,0,Quarterly,Male_Colorado_50,11/21/2023,TRUE,Yalda Festival,2,1,0
553,619,61,Male,Shampoo,Personal Care,4700000,Sari,L,Cyan,Spring,4,Yes,Express,Yes,Yes,21,0,Bi-Weekly,Male_Indiana_61,6/29/2023,FALSE,,0,0,0
435,620,19,Male,Dishwashing Liquid,Household,1700000,Mashhad,M,Charcoal,Summer,4.6,Yes,Store Pickup,Yes,Yes,1,0,Every 3 Months,Male_Nebraska_19,3/31/2023,TRUE,Festival Norooz,1,2,3
554,621,33,Male,Cheddar Cheese,Dairy,4450000,Tehran,M,Black,Fall,3.7,Yes,2-Day Shipping,Yes,Yes,10,0,Every 3 Months,Male_Rhode Island_33,7/14/2023,TRUE,Summer Sale Iran,0,1,0
555,622,51,Male,Dishwashing Liquid,Household,1350000,Mashhad,S,Red,Fall,4.4,Yes,Store Pickup,Yes,Yes,45,0,Weekly,Male_Kansas_51,3/20/2023,TRUE,Festival Norooz,0,1,2
556,623,69,Male,Sugar 1kg,Grocery,3150000,Urmia,S,Peach,Spring,4,Yes,Next Day Air,Yes,Yes,44,0,Fortnightly,Male_Georgia_69,6/17/2023,FALSE,,0,0,0
377,624,19,Male,Pasta Pack,Grocery,3500000,Sari,M,White,Fall,4.7,Yes,Standard,Yes,Yes,48,0,Bi-Weekly,Male_Nevada_19,9/12/2023,FALSE,,0,0,0
557,625,55,Male,Shampoo,Personal Care,4350000,Qazvin,XL,Pink,Fall,3.4,Yes,Express,Yes,Yes,21,0,Annually,Male_South Carolina_55,11/21/2023,TRUE,Yalda Festival,0,1,0
558,626,49,Male,Tea Box,Grocery,3950000,Ahvaz,M,Red,Fall,4,Yes,Next Day Air,Yes,Yes,1,0,Weekly,Male_Delaware_49,11/22/2023,TRUE,Yalda Festival,2,1,1
559,627,31,Male,Shampoo,Personal Care,3950000,Qazvin,M,Indigo,Spring,3.9,Yes,Standard,Yes,Yes,10,0,Annually,Male_New Hampshire_31,11/27/2023,TRUE,Yalda Festival,0,1,0
560,628,42,Male,Mineral Water 1.5L,Beverages,2200000,Kerman,L,Black,Winter,4.1,Yes,Express,Yes,Yes,24,0,Monthly,Male_Oregon_42,8/7/2023,FALSE,,0,0,0
320,629,69,Male,Baguette,Bakery,4250000,Karaj,M,White,Fall,3.7,Yes,2-Day Shipping,Yes,Yes,29,0,Monthly,Male_Massachusetts_69,7/17/2023,TRUE,Summer Sale Iran,1,2,0
561,630,26,Male,Rice 10kg,Grocery,4500000,Sari,L,Beige,Spring,4.7,Yes,Standard,Yes,Yes,11,0,Annually,Male_Vermont_26,10/5/2023,FALSE,,0,0,0
57,631,41,Male,Dishwashing Liquid,Household,4700000,Karaj,S,Silver,Fall,4.3,Yes,2-Day Shipping,Yes,Yes,33,0,Annually,Male_Mississippi_41,1/30/2023,FALSE,,0,0,0
562,632,55,Male,Yogurt Bucket,Dairy,3400000,Qom,S,Violet,Summer,4.1,Yes,Store Pickup,Yes,Yes,27,1,Fortnightly,Male_Washington_55,3/29/2023,TRUE,Festival Norooz,0,1,0
563,633,35,Male,Yogurt Bucket,Dairy,2550000,Mashhad,M,Red,Winter,3.9,Yes,Next Day Air,Yes,Yes,19,0,Fortnightly,Male_Wyoming_35,3/24/2023,TRUE,Festival Norooz,0,1,0
296,634,66,Male,Rice 10kg,Grocery,1650000,Bandar Abbas,M,Orange,Spring,2.9,Yes,Express,Yes,Yes,50,0,Quarterly,Male_Minnesota_66,3/31/2023,TRUE,Festival Norooz,0,1,1
564,635,36,Male,Sugar 1kg,Grocery,3000000,Urmia,M,Teal,Summer,3.9,Yes,Standard,Yes,Yes,46,0,Weekly,Male_Ohio_36,3/20/2023,TRUE,Festival Norooz,0,1,0
565,636,27,Male,Frozen Pizza,Frozen,2950000,Mashhad,M,Brown,Fall,4.3,Yes,2-Day Shipping,Yes,Yes,28,1,Quarterly,Male_South Carolina_27,7/14/2023,TRUE,Summer Sale Iran,0,1,0
566,637,41,Male,Frozen Pizza,Frozen,1500000,Arak,M,Indigo,Summer,2.8,Yes,Store Pickup,Yes,Yes,14,0,Every 3 Months,Male_Wisconsin_41,11/23/2023,TRUE,Yalda Festival,0,1,0
567,638,21,Male,Sunflower Oil,Grocery,1000000,Urmia,M,Cyan,Winter,3.4,Yes,2-Day Shipping,Yes,Yes,46,1,Fortnightly,Male_Tennessee_21,10/5/2023,FALSE,,0,0,0
568,639,53,Male,Chocolate Bar,Snacks,1000000,Rasht,S,Blue,Summer,2.7,Yes,Express,Yes,Yes,41,0,Monthly,Male_Maryland_53,11/25/2023,TRUE,Yalda Festival,0,1,0
569,640,54,Male,Rice 10kg,Grocery,1200000,Karaj,L,Olive,Spring,4,Yes,2-Day Shipping,Yes,Yes,50,0,Annually,Male_Mississippi_54,3/27/2023,TRUE,Festival Norooz,0,1,1
570,641,53,Male,Shampoo,Personal Care,4400000,Shiraz,M,Gray,Summer,4.4,Yes,Store Pickup,Yes,Yes,28,0,Fortnightly,Male_Minnesota_53,3/20/2023,TRUE,Festival Norooz,0,1,1
571,642,47,Male,Toothpaste,Personal Care,3900000,Tehran,M,Red,Winter,3.9,Yes,2-Day Shipping,Yes,Yes,23,0,Every 3 Months,Male_Alaska_47,3/26/2023,TRUE,Festival Norooz,0,2,0
572,643,64,Male,Toothpaste,Personal Care,1250000,Qom,L,Red,Spring,2.8,Yes,2-Day Shipping,Yes,Yes,14,0,Bi-Weekly,Male_Arkansas_64,6/22/2023,FALSE,,0,0,0
573,644,18,Male,Fresh Bread,Bakery,2850000,Rasht,XL,Green,Winter,3.2,Yes,Next Day Air,Yes,Yes,10,0,Every 3 Months,Male_Oregon_18,7/14/2023,TRUE,Summer Sale Iran,0,1,0
574,645,68,Male,Shampoo,Personal Care,4650000,Karaj,S,Blue,Summer,4.3,Yes,Next Day Air,Yes,Yes,37,1,Weekly,Male_Louisiana_68,7/15/2023,TRUE,Summer Sale Iran,1,1,0
575,646,62,Male,Orange Juice,Beverages,2100000,Qazvin,S,Purple,Summer,4.2,Yes,Express,Yes,Yes,15,0,Bi-Weekly,Male_Oklahoma_62,6/6/2023,FALSE,,0,0,0
576,647,51,Male,Sugar 1kg,Grocery,2700000,Bandar Abbas,XL,Pink,Spring,4.9,Yes,Standard,Yes,Yes,19,0,Bi-Weekly,Male_Indiana_51,7/11/2023,TRUE,Summer Sale Iran,0,1,0
569,648,54,Male,Sugar 1kg,Grocery,3500000,Tehran,XL,Charcoal,Summer,3.7,Yes,Express,Yes,Yes,23,0,Fortnightly,Male_Mississippi_54,11/9/2023,FALSE,,0,0,0
577,649,22,Male,Cola 1.5L,Beverages,1550000,Tabriz,M,Brown,Winter,4.1,Yes,Store Pickup,Yes,Yes,35,0,Weekly,Male_Michigan_22,3/21/2023,TRUE,Festival Norooz,0,1,1
578,650,53,Male,Pasta Pack,Grocery,4650000,Mashhad,L,Orange,Spring,4.2,Yes,Store Pickup,Yes,Yes,33,0,Every 3 Months,Male_Delaware_53,11/30/2023,TRUE,Yalda Festival,1,1,0
579,651,34,Male,Orange Juice,Beverages,2000000,Tabriz,M,Magenta,Spring,3.9,Yes,Next Day Air,Yes,Yes,12,0,Annually,Male_Florida_34,11/20/2023,TRUE,Yalda Festival,3,3,0
580,652,32,Male,Baguette,Bakery,1600000,Sari,L,Yellow,Summer,2.9,Yes,Next Day Air,Yes,Yes,41,0,Fortnightly,Male_Arkansas_32,3/20/2023,TRUE,Festival Norooz,0,1,1
107,653,64,Male,Orange Juice,Beverages,1350000,Kerman,M,Beige,Winter,3.1,Yes,Free Shipping,Yes,Yes,27,0,Weekly,Male_Minnesota_64,11/28/2023,TRUE,Yalda Festival,3,1,0
581,654,20,Male,Mixed Nuts,Snacks,3400000,Kerman,M,Olive,Winter,3.6,Yes,2-Day Shipping,Yes,Yes,45,1,Fortnightly,Male_North Dakota_20,7/18/2023,TRUE,Summer Sale Iran,0,2,3
582,655,24,Male,Fresh Bread,Bakery,2950000,Bandar Abbas,L,Gray,Summer,4.4,Yes,2-Day Shipping,Yes,Yes,23,0,Annually,Male_California_24,7/11/2023,TRUE,Summer Sale Iran,0,1,0
583,656,20,Male,Sunflower Oil,Grocery,1800000,Tabriz,S,Purple,Fall,3.1,Yes,Free Shipping,Yes,Yes,19,0,Monthly,Male_Mississippi_20,3/30/2023,TRUE,Festival Norooz,0,1,1
584,657,42,Male,Sugar 1kg,Grocery,1150000,Shiraz,M,Beige,Summer,3.9,Yes,Standard,Yes,Yes,6,0,Quarterly,Male_Pennsylvania_42,3/26/2023,TRUE,Festival Norooz,0,1,0
585,658,48,Male,Frozen Pizza,Frozen,4000000,Qazvin,M,White,Winter,4.3,Yes,Free Shipping,Yes,Yes,6,0,Quarterly,Male_Arizona_48,3/29/2023,TRUE,Festival Norooz,0,1,0
586,659,62,Male,Mineral Water 1.5L,Beverages,1850000,Bandar Abbas,S,White,Fall,4.9,Yes,Store Pickup,Yes,Yes,20,0,Weekly,Male_Louisiana_62,3/8/2023,FALSE,,0,0,0
587,660,62,Male,Rice 10kg,Grocery,2600000,Urmia,S,Gold,Spring,3.6,Yes,2-Day Shipping,Yes,Yes,8,1,Weekly,Male_Virginia_62,11/23/2023,TRUE,Yalda Festival,0,1,0
588,661,50,Male,Frozen Pizza,Frozen,3950000,Tehran,M,Olive,Fall,5,Yes,2-Day Shipping,Yes,Yes,39,0,Quarterly,Male_Montana_50,8/24/2023,FALSE,,0,0,0
589,662,57,Male,Orange Juice,Beverages,3400000,Mashhad,XL,Green,Fall,4.1,Yes,Store Pickup,Yes,Yes,39,0,Quarterly,Male_Iowa_57,11/23/2023,TRUE,Yalda Festival,0,1,0
590,663,24,Male,Pasta Pack,Grocery,4900000,Tehran,L,Magenta,Fall,2.8,Yes,Express,Yes,Yes,39,0,Bi-Weekly,Male_Illinois_24,3/22/2023,TRUE,Festival Norooz,0,1,1
591,664,59,Male,Shampoo,Personal Care,4150000,Qom,M,Charcoal,Fall,4.7,Yes,Express,Yes,Yes,23,0,Monthly,Male_Alaska_59,7/19/2023,TRUE,Summer Sale Iran,0,1,0
592,665,63,Male,Dishwashing Liquid,Household,4150000,Tabriz,M,Indigo,Winter,4.4,Yes,Express,Yes,Yes,41,0,Bi-Weekly,Male_Colorado_63,10/6/2023,FALSE,,0,0,0
593,666,41,Male,Cheddar Cheese,Dairy,2750000,Qom,M,Peach,Spring,4.9,Yes,2-Day Shipping,Yes,Yes,50,0,Annually,Male_New Mexico_41,11/11/2023,FALSE,,0,0,0
594,667,35,Male,Chocolate Bar,Snacks,1300000,Sari,L,Turquoise,Winter,3.1,Yes,Free Shipping,Yes,Yes,30,0,Quarterly,Male_Colorado_35,3/24/2023,TRUE,Festival Norooz,0,3,1
595,668,34,Male,Rice 10kg,Grocery,3800000,Shiraz,S,Blue,Winter,2.6,Yes,Standard,Yes,Yes,32,0,Quarterly,Male_Arizona_34,7/11/2023,TRUE,Summer Sale Iran,0,1,0
596,669,49,Male,Yogurt Bucket,Dairy,4250000,Ahvaz,S,Turquoise,Fall,2.9,Yes,Express,Yes,Yes,35,0,Monthly,Male_Hawaii_49,3/27/2023,TRUE,Festival Norooz,1,1,1
597,670,43,Male,Toothpaste,Personal Care,4450000,Yazd,M,Gray,Spring,3.3,Yes,Free Shipping,Yes,Yes,45,0,Bi-Weekly,Male_Illinois_43,11/16/2023,FALSE,,0,0,0
60,671,63,Male,Frozen Pizza,Frozen,2050000,Shiraz,XL,Purple,Spring,4.8,Yes,Next Day Air,Yes,Yes,37,1,Bi-Weekly,Male_Louisiana_63,12/28/2023,FALSE,,0,0,0
80,672,38,Male,Sunflower Oil,Grocery,1500000,Hamedan,L,Black,Winter,4.7,Yes,Express,Yes,Yes,45,1,Weekly,Male_Iowa_38,8/25/2023,FALSE,,0,0,0
598,673,59,Male,Shampoo,Personal Care,2650000,Arak,M,Peach,Winter,3.3,Yes,2-Day Shipping,Yes,Yes,29,1,Quarterly,Male_Washington_59,11/23/2023,TRUE,Yalda Festival,0,1,0
210,674,35,Male,Rice 10kg,Grocery,3300000,Kerman,M,Indigo,Spring,4.2,Yes,Free Shipping,Yes,Yes,27,0,Bi-Weekly,Male_Oklahoma_35,11/27/2023,TRUE,Yalda Festival,3,1,0
520,675,48,Male,Tea Box,Grocery,1650000,Tehran,XL,Beige,Winter,4.7,Yes,Store Pickup,Yes,Yes,36,0,Annually,Male_Washington_48,7/11/2023,TRUE,Summer Sale Iran,1,3,0
572,676,64,Male,Sugar 1kg,Grocery,4300000,Hamedan,M,Yellow,Spring,2.6,Yes,2-Day Shipping,Yes,Yes,9,1,Annually,Male_Arkansas_64,3/26/2023,TRUE,Festival Norooz,0,1,3
599,677,28,Male,Sugar 1kg,Grocery,3000000,Mashhad,M,Peach,Winter,2.9,Yes,2-Day Shipping,Yes,Yes,38,0,Bi-Weekly,Male_Connecticut_28,7/15/2023,TRUE,Summer Sale Iran,0,1,0
417,678,60,Male,Laundry Detergent,Household,3100000,Yazd,S,Turquoise,Summer,2.7,Yes,Express,Yes,Yes,41,0,Annually,Male_Washington_60,3/31/2023,TRUE,Festival Norooz,0,2,0
600,679,27,Male,Frozen Pizza,Frozen,3700000,Urmia,M,Teal,Fall,3.3,Yes,Store Pickup,Yes,Yes,25,0,Every 3 Months,Male_Maine_27,7/13/2023,TRUE,Summer Sale Iran,0,1,0
601,680,56,Male,Baguette,Bakery,4750000,Yazd,M,Turquoise,Fall,3.4,Yes,Express,Yes,Yes,37,0,Fortnightly,Male_Michigan_56,3/28/2023,TRUE,Festival Norooz,0,2,0
602,681,58,Male,Laundry Detergent,Household,1250000,Kerman,M,Magenta,Spring,4.2,Yes,Express,Yes,Yes,3,0,Annually,Male_Tennessee_58,11/22/2023,TRUE,Yalda Festival,0,1,0
603,682,30,Male,Shampoo,Personal Care,2950000,Tehran,XL,Purple,Winter,3.8,Yes,2-Day Shipping,Yes,Yes,24,0,Every 3 Months,Male_Louisiana_30,10/15/2023,FALSE,,0,0,0
604,683,23,Male,Frozen Chicken,Frozen,1450000,Bandar Abbas,M,Brown,Summer,4,Yes,Standard,Yes,Yes,49,0,Bi-Weekly,Male_Missouri_23,11/21/2023,TRUE,Yalda Festival,3,1,0
460,684,33,Male,Sunflower Oil,Grocery,1800000,Bandar Abbas,S,Violet,Winter,2.7,Yes,Free Shipping,Yes,Yes,3,0,Monthly,Male_Michigan_33,11/26/2023,TRUE,Yalda Festival,2,1,0
605,685,63,Male,Orange Juice,Beverages,4100000,Hamedan,M,Yellow,Summer,4.7,Yes,Express,Yes,Yes,42,0,Monthly,Male_Alabama_63,11/26/2023,TRUE,Yalda Festival,2,2,0
114,686,70,Male,Baguette,Bakery,3550000,Ahvaz,XL,Magenta,Winter,3.5,Yes,Standard,Yes,Yes,32,1,Fortnightly,Male_Massachusetts_70,3/31/2023,TRUE,Festival Norooz,0,2,2
197,687,70,Male,Frozen Pizza,Frozen,1750000,Rasht,L,Beige,Fall,3,Yes,2-Day Shipping,Yes,Yes,33,0,Fortnightly,Male_Indiana_70,7/10/2023,TRUE,Summer Sale Iran,2,1,2
416,688,19,Male,Orange Juice,Beverages,1900000,Shiraz,XL,Turquoise,Winter,3.3,Yes,Free Shipping,Yes,Yes,46,0,Quarterly,Male_West Virginia_19,11/30/2023,TRUE,Yalda Festival,1,1,0
606,689,25,Male,Orange Juice,Beverages,2950000,Shiraz,S,Peach,Summer,4.7,Yes,Store Pickup,Yes,Yes,44,0,Monthly,Male_Michigan_25,7/13/2023,TRUE,Summer Sale Iran,0,2,1
607,690,19,Male,Pasta Pack,Grocery,4550000,Kerman,M,Orange,Summer,4.7,Yes,Express,Yes,Yes,35,0,Every 3 Months,Male_Pennsylvania_19,11/26/2023,TRUE,Yalda Festival,1,1,0
608,691,25,Male,Chocolate Bar,Snacks,3400000,Sari,XL,Red,Spring,4.8,Yes,Standard,Yes,Yes,45,0,Weekly,Male_Alaska_25,5/13/2023,FALSE,,0,0,0
609,692,60,Male,Tea Box,Grocery,1050000,Shiraz,L,Silver,Summer,2.9,Yes,Standard,Yes,Yes,37,0,Bi-Weekly,Male_Massachusetts_60,5/12/2023,FALSE,,0,0,0
610,693,35,Male,Baguette,Bakery,4750000,Kerman,M,Cyan,Spring,4,Yes,2-Day Shipping,Yes,Yes,40,0,Every 3 Months,Male_North Dakota_35,11/23/2023,TRUE,Yalda Festival,1,1,0
611,694,46,Male,Fresh Bread,Bakery,2600000,Karaj,L,Turquoise,Spring,3.1,Yes,Free Shipping,Yes,Yes,30,1,Every 3 Months,Male_Vermont_46,3/3/2023,FALSE,,0,0,0
612,695,41,Male,Chocolate Bar,Snacks,1050000,Shiraz,S,Charcoal,Fall,3.5,Yes,2-Day Shipping,Yes,Yes,38,0,Every 3 Months,Male_Kentucky_41,11/22/2023,TRUE,Yalda Festival,0,1,0
206,696,30,Male,Potato Chips,Snacks,3350000,Sari,XL,Peach,Summer,3.7,Yes,Next Day Air,Yes,Yes,15,0,Every 3 Months,Male_Nevada_30,11/26/2023,TRUE,Yalda Festival,1,1,0
514,697,44,Male,Shampoo,Personal Care,2100000,Tehran,L,Green,Fall,2.8,Yes,Standard,Yes,Yes,49,1,Monthly,Male_Utah_44,5/23/2023,FALSE,,0,0,0
475,698,61,Male,Frozen Chicken,Frozen,3150000,Arak,XL,Brown,Summer,4.6,Yes,Free Shipping,Yes,Yes,40,0,Quarterly,Male_North Dakota_61,10/13/2023,FALSE,,0,0,0
613,699,55,Male,Potato Chips,Snacks,2050000,Urmia,M,Yellow,Winter,3.8,Yes,Standard,Yes,Yes,40,0,Weekly,Male_Iowa_55,3/13/2023,FALSE,,0,0,0
614,700,50,Male,Paper Towel Pack,Household,2300000,Kermanshah,M,Charcoal,Fall,2.6,Yes,2-Day Shipping,Yes,Yes,5,0,Weekly,Male_Connecticut_50,11/21/2023,TRUE,Yalda Festival,1,1,0
202,701,57,Male,Mineral Water 1.5L,Beverages,3950000,Yazd,L,Olive,Winter,4.1,Yes,Standard,Yes,Yes,5,0,Monthly,Male_Wisconsin_57,3/27/2023,TRUE,Festival Norooz,1,2,0
615,702,51,Male,Rice 10kg,Grocery,4500000,Isfahan,L,Red,Fall,3.3,Yes,Next Day Air,Yes,Yes,5,0,Every 3 Months,Male_Idaho_51,2/17/2023,FALSE,,0,0,0
616,703,18,Male,Baguette,Bakery,3550000,Hamedan,M,White,Winter,3.4,Yes,Store Pickup,Yes,Yes,1,1,Weekly,Male_Montana_18,2/6/2023,FALSE,,0,0,0
617,704,63,Male,Frozen Chicken,Frozen,4350000,Ahvaz,L,Pink,Summer,3,Yes,Standard,Yes,Yes,21,0,Weekly,Male_Connecticut_63,7/11/2023,TRUE,Summer Sale Iran,0,1,0
618,705,34,Male,Shampoo,Personal Care,3300000,Karaj,S,Black,Spring,3.2,Yes,Express,Yes,Yes,18,0,Annually,Male_Idaho_34,11/30/2023,TRUE,Yalda Festival,1,1,0
218,706,25,Male,Cola 1.5L,Beverages,4500000,Qom,XL,Indigo,Summer,4.5,Yes,Free Shipping,Yes,Yes,49,1,Quarterly,Male_Arkansas_25,12/15/2023,FALSE,,0,0,0
619,707,46,Male,Fresh Bread,Bakery,2350000,Arak,L,Turquoise,Summer,4.8,Yes,Express,Yes,Yes,27,0,Weekly,Male_Iowa_46,7/19/2023,TRUE,Summer Sale Iran,0,1,0
620,708,59,Male,Body Wash,Personal Care,1900000,Sari,L,Purple,Spring,3.7,Yes,Next Day Air,Yes,Yes,21,0,Annually,Male_Louisiana_59,11/24/2023,TRUE,Yalda Festival,2,1,0
621,709,37,Male,Chocolate Bar,Snacks,2500000,Ahvaz,L,Beige,Summer,3.4,Yes,Store Pickup,Yes,Yes,19,1,Fortnightly,Male_Kentucky_37,3/23/2023,TRUE,Festival Norooz,0,1,1
622,710,49,Male,Dishwashing Liquid,Household,3950000,Hamedan,L,Charcoal,Summer,4.6,Yes,Standard,Yes,Yes,23,0,Monthly,Male_Massachusetts_49,11/25/2023,TRUE,Yalda Festival,0,1,1
623,711,22,Male,Toothpaste,Personal Care,4550000,Karaj,L,Turquoise,Spring,4.1,Yes,Standard,Yes,Yes,26,0,Fortnightly,Male_Virginia_22,5/10/2023,FALSE,,0,0,0
624,712,64,Male,Yogurt Bucket,Dairy,3000000,Hamedan,M,Maroon,Spring,3.5,Yes,2-Day Shipping,Yes,Yes,13,0,Bi-Weekly,Male_New Hampshire_64,8/23/2023,FALSE,,0,0,0
625,713,42,Male,Yogurt Bucket,Dairy,4050000,Tabriz,XL,Black,Summer,3.8,Yes,Next Day Air,Yes,Yes,36,0,Quarterly,Male_New Hampshire_42,9/13/2023,FALSE,,0,0,0
334,714,37,Male,Sunflower Oil,Grocery,4500000,Ahvaz,M,Lavender,Summer,2.6,Yes,Express,Yes,Yes,39,0,Bi-Weekly,Male_Oregon_37,3/28/2023,TRUE,Festival Norooz,0,2,1
626,715,26,Male,Chocolate Bar,Snacks,3500000,Hamedan,M,Magenta,Fall,4.4,Yes,Store Pickup,Yes,Yes,40,0,Fortnightly,Male_South Dakota_26,8/30/2023,FALSE,,0,0,0
627,716,33,Male,Baguette,Bakery,3150000,Shiraz,L,Green,Spring,2.6,Yes,Express,Yes,Yes,37,0,Quarterly,Male_Delaware_33,2/9/2023,FALSE,,0,0,0
142,717,30,Male,Laundry Detergent,Household,1450000,Tehran,M,Olive,Spring,3.6,Yes,Express,Yes,Yes,9,0,Bi-Weekly,Male_Missouri_30,11/23/2023,TRUE,Yalda Festival,2,1,0
628,718,21,Male,Chocolate Bar,Snacks,4500000,Hamedan,L,Green,Spring,4.2,Yes,Express,Yes,Yes,7,0,Every 3 Months,Male_Alaska_21,3/26/2023,TRUE,Festival Norooz,0,1,1
629,719,22,Male,Sunflower Oil,Grocery,1100000,Hamedan,M,Peach,Summer,4.6,Yes,Standard,Yes,Yes,25,0,Annually,Male_Florida_22,3/30/2023,TRUE,Festival Norooz,0,1,0
630,720,63,Male,Frozen Chicken,Frozen,1100000,Qazvin,L,Turquoise,Summer,3.3,Yes,Next Day Air,Yes,Yes,42,0,Bi-Weekly,Male_Mississippi_63,11/25/2023,TRUE,Yalda Festival,1,1,0
631,721,33,Male,Orange Juice,Beverages,3100000,Bandar Abbas,L,Orange,Fall,3.4,Yes,Free Shipping,Yes,Yes,19,0,Weekly,Male_New Mexico_33,11/30/2023,TRUE,Yalda Festival,1,1,0
546,722,43,Male,Milk 1L,Dairy,2850000,Urmia,L,Silver,Summer,4.4,Yes,Next Day Air,Yes,Yes,41,0,Every 3 Months,Male_California_43,10/28/2023,FALSE,,0,0,0
632,723,27,Male,Rice 10kg,Grocery,1600000,Karaj,S,Blue,Summer,4.3,Yes,Store Pickup,Yes,Yes,50,1,Bi-Weekly,Male_Wyoming_27,6/21/2023,FALSE,,0,0,0
155,724,35,Male,Paper Towel Pack,Household,2650000,Tehran,L,Cyan,Fall,3.5,Yes,Express,Yes,Yes,43,0,Monthly,Male_Missouri_35,7/12/2023,TRUE,Summer Sale Iran,1,2,1
633,725,37,Male,Laundry Detergent,Household,3950000,Isfahan,XL,Green,Fall,4.7,Yes,Store Pickup,Yes,Yes,36,0,Every 3 Months,Male_New Hampshire_37,3/15/2023,FALSE,,0,0,0
93,726,61,Male,Mixed Nuts,Snacks,3050000,Isfahan,L,Silver,Winter,3.1,Yes,Standard,Yes,Yes,33,0,Fortnightly,Male_Texas_61,4/29/2023,FALSE,,0,0,0
634,727,32,Male,Mixed Nuts,Snacks,3900000,Bandar Abbas,L,Yellow,Summer,3.6,Yes,Next Day Air,Yes,Yes,20,0,Every 3 Months,Male_North Dakota_32,7/18/2023,TRUE,Summer Sale Iran,0,1,0
442,728,62,Male,Tea Box,Grocery,4850000,Kerman,S,Gray,Winter,4.8,Yes,Next Day Air,Yes,Yes,37,0,Every 3 Months,Male_Arkansas_62,3/20/2023,TRUE,Festival Norooz,1,2,2
635,729,29,Male,Sugar 1kg,Grocery,3900000,Qazvin,M,Pink,Winter,3.7,Yes,Next Day Air,Yes,Yes,12,0,Every 3 Months,Male_Nebraska_29,5/1/2023,FALSE,,0,0,0
636,730,41,Male,Yogurt Bucket,Dairy,2800000,Ahvaz,L,Beige,Summer,3.2,Yes,Express,Yes,Yes,46,0,Every 3 Months,Male_Minnesota_41,7/11/2023,TRUE,Summer Sale Iran,1,1,0
637,731,48,Male,Dishwashing Liquid,Household,1250000,Yazd,M,Indigo,Summer,3.9,Yes,Standard,Yes,Yes,28,0,Fortnightly,Male_Massachusetts_48,11/25/2023,TRUE,Yalda Festival,0,1,0
638,732,43,Male,Mineral Water 1.5L,Beverages,1400000,Arak,M,Red,Spring,3.5,Yes,Free Shipping,Yes,Yes,30,0,Fortnightly,Male_Arkansas_43,11/26/2023,TRUE,Yalda Festival,1,1,0
639,733,34,Male,Cola 1.5L,Beverages,2850000,Bandar Abbas,L,Blue,Spring,2.8,Yes,Express,Yes,Yes,28,1,Bi-Weekly,Male_New Hampshire_34,11/29/2023,TRUE,Yalda Festival,0,1,0
640,734,45,Male,Dishwashing Liquid,Household,1800000,Arak,L,Cyan,Fall,2.7,Yes,2-Day Shipping,Yes,Yes,20,0,Bi-Weekly,Male_Rhode Island_45,5/31/2023,FALSE,,0,0,0
66,735,65,Male,Baguette,Bakery,3450000,Bandar Abbas,S,Violet,Winter,3.1,Yes,Express,Yes,Yes,39,0,Every 3 Months,Male_New Jersey_65,4/11/2023,FALSE,,0,0,0
641,736,61,Male,Mineral Water 1.5L,Beverages,2400000,Shiraz,M,Orange,Fall,3.6,Yes,2-Day Shipping,Yes,Yes,48,1,Bi-Weekly,Male_Montana_61,7/16/2023,TRUE,Summer Sale Iran,0,1,0
642,737,18,Male,Cola 1.5L,Beverages,2900000,Hamedan,L,Maroon,Spring,2.9,Yes,2-Day Shipping,Yes,Yes,32,0,Every 3 Months,Male_Colorado_18,11/29/2023,TRUE,Yalda Festival,0,1,0
643,738,47,Male,Cola 1.5L,Beverages,1200000,Ahvaz,M,Teal,Spring,3.6,Yes,Store Pickup,Yes,Yes,28,0,Annually,Male_Nebraska_47,7/15/2023,TRUE,Summer Sale Iran,0,1,0
504,739,56,Male,Yogurt Bucket,Dairy,1550000,Qom,L,Orange,Winter,3.5,Yes,2-Day Shipping,Yes,Yes,27,0,Quarterly,Male_Minnesota_56,7/14/2023,TRUE,Summer Sale Iran,0,2,0
107,740,64,Male,Body Wash,Personal Care,1450000,Kerman,S,Purple,Summer,3.5,Yes,Free Shipping,Yes,Yes,26,0,Bi-Weekly,Male_Minnesota_64,9/18/2023,FALSE,,0,0,0
626,741,26,Male,Mineral Water 1.5L,Beverages,3450000,Shiraz,M,Orange,Summer,2.8,Yes,Next Day Air,Yes,Yes,22,0,Fortnightly,Male_South Dakota_26,11/26/2023,TRUE,Yalda Festival,1,1,0
644,742,22,Male,Shampoo,Personal Care,3950000,Urmia,XL,Yellow,Summer,4.7,Yes,Free Shipping,Yes,Yes,23,0,Every 3 Months,Male_West Virginia_22,7/10/2023,TRUE,Summer Sale Iran,0,1,0
645,743,64,Male,Potato Chips,Snacks,1950000,Kerman,M,Charcoal,Summer,3.1,Yes,Express,Yes,Yes,21,0,Quarterly,Male_Nevada_64,7/18/2023,TRUE,Summer Sale Iran,0,1,1
646,744,21,Male,Potato Chips,Snacks,4200000,Mashhad,L,Gray,Fall,4.9,Yes,Free Shipping,Yes,Yes,36,1,Weekly,Male_North Carolina_21,11/29/2023,TRUE,Yalda Festival,3,1,0
647,745,67,Male,Baguette,Bakery,3300000,Kerman,S,Charcoal,Spring,4.1,Yes,Next Day Air,Yes,Yes,42,0,Bi-Weekly,Male_Illinois_67,11/24/2023,TRUE,Yalda Festival,2,1,0
648,746,46,Male,Yogurt Bucket,Dairy,4600000,Ahvaz,L,Orange,Fall,4.7,Yes,Standard,Yes,Yes,4,0,Monthly,Male_Michigan_46,7/10/2023,TRUE,Summer Sale Iran,0,1,0
649,747,40,Male,Frozen Chicken,Frozen,2250000,Kerman,M,Red,Winter,2.5,Yes,Free Shipping,Yes,Yes,47,0,Annually,Male_Michigan_40,3/24/2023,TRUE,Festival Norooz,0,1,1
103,748,51,Male,Sugar 1kg,Grocery,3700000,Yazd,L,Gold,Spring,4.4,Yes,Next Day Air,Yes,Yes,13,0,Weekly,Male_Oklahoma_51,7/10/2023,TRUE,Summer Sale Iran,0,1,3
650,749,35,Male,Frozen Pizza,Frozen,1950000,Yazd,L,Brown,Fall,3.9,Yes,Free Shipping,Yes,Yes,8,0,Quarterly,Male_South Dakota_35,5/21/2023,FALSE,,0,0,0
651,750,56,Male,Toothpaste,Personal Care,3550000,Yazd,M,Olive,Winter,3.7,Yes,Standard,Yes,Yes,11,0,Quarterly,Male_Oklahoma_56,11/20/2023,TRUE,Yalda Festival,0,1,0
652,751,25,Male,Sunflower Oil,Grocery,4750000,Tehran,L,Violet,Fall,3.4,Yes,Free Shipping,Yes,Yes,5,0,Annually,Male_Maryland_25,3/20/2023,TRUE,Festival Norooz,0,1,0
653,752,65,Male,Fresh Bread,Bakery,3600000,Isfahan,L,Indigo,Fall,4.8,Yes,Free Shipping,Yes,Yes,1,0,Monthly,Male_Ohio_65,8/1/2023,FALSE,,0,0,0
654,753,39,Male,Paper Towel Pack,Household,4250000,Urmia,L,Yellow,Fall,4.2,Yes,2-Day Shipping,Yes,Yes,17,0,Every 3 Months,Male_Ohio_39,8/8/2023,FALSE,,0,0,0
655,754,47,Male,Baguette,Bakery,2700000,Kerman,M,Teal,Fall,3.4,Yes,Store Pickup,Yes,Yes,27,0,Quarterly,Male_Massachusetts_47,11/21/2023,TRUE,Yalda Festival,0,1,0
656,755,36,Male,Fresh Bread,Bakery,2050000,Shiraz,L,Pink,Spring,2.9,Yes,Store Pickup,Yes,Yes,3,0,Quarterly,Male_North Carolina_36,3/23/2023,TRUE,Festival Norooz,0,1,0
657,756,66,Male,Tea Box,Grocery,1200000,Sari,M,Violet,Spring,3.3,Yes,Free Shipping,Yes,Yes,22,0,Weekly,Male_Florida_66,7/15/2023,TRUE,Summer Sale Iran,0,1,0
658,757,62,Male,Sunflower Oil,Grocery,4950000,Hamedan,S,Orange,Summer,4.8,Yes,Standard,Yes,Yes,24,1,Fortnightly,Male_Montana_62,3/24/2023,TRUE,Festival Norooz,0,1,2
636,758,41,Male,Rice 10kg,Grocery,1600000,Sari,M,Red,Fall,3.8,Yes,Store Pickup,Yes,Yes,18,0,Quarterly,Male_Minnesota_41,3/26/2023,TRUE,Festival Norooz,0,1,1
659,759,66,Male,Body Wash,Personal Care,3550000,Kerman,L,Peach,Summer,4.6,Yes,2-Day Shipping,Yes,Yes,39,0,Every 3 Months,Male_Massachusetts_66,12/28/2023,FALSE,,0,0,0
339,760,51,Male,Frozen Pizza,Frozen,2450000,Arak,XL,Green,Winter,2.6,Yes,Next Day Air,Yes,Yes,25,0,Fortnightly,Male_Rhode Island_51,11/24/2023,TRUE,Yalda Festival,1,1,0
660,761,33,Male,Laundry Detergent,Household,2500000,Kermanshah,XL,Violet,Fall,3.4,Yes,Free Shipping,Yes,Yes,6,1,Annually,Male_Minnesota_33,11/23/2023,TRUE,Yalda Festival,2,1,0
661,762,57,Male,Cola 1.5L,Beverages,4550000,Hamedan,L,Yellow,Fall,4.2,Yes,Express,Yes,Yes,26,0,Weekly,Male_Nevada_57,7/20/2023,TRUE,Summer Sale Iran,2,1,0
407,763,45,Male,Orange Juice,Beverages,2300000,Mashhad,M,Pink,Fall,3.9,Yes,Standard,Yes,Yes,43,0,Fortnightly,Male_New Mexico_45,7/10/2023,TRUE,Summer Sale Iran,1,1,0
662,764,61,Male,Tea Box,Grocery,2500000,Qom,M,Brown,Spring,2.9,Yes,2-Day Shipping,Yes,Yes,6,0,Monthly,Male_North Carolina_61,7/12/2023,TRUE,Summer Sale Iran,0,1,0
116,765,55,Male,Paper Towel Pack,Household,1950000,Arak,XL,Silver,Fall,4.2,Yes,Free Shipping,Yes,Yes,6,0,Quarterly,Male_Virginia_55,11/27/2023,TRUE,Yalda Festival,2,1,0
663,766,54,Male,Frozen Chicken,Frozen,4950000,Mashhad,M,Pink,Summer,3,Yes,Store Pickup,Yes,Yes,13,1,Quarterly,Male_Alaska_54,11/25/2023,TRUE,Yalda Festival,1,1,0
661,767,57,Male,Sugar 1kg,Grocery,2400000,Ahvaz,M,Cyan,Winter,3.6,Yes,Next Day Air,Yes,Yes,13,0,Monthly,Male_Nevada_57,3/23/2023,TRUE,Festival Norooz,0,1,2
664,768,27,Male,Pasta Pack,Grocery,3850000,Karaj,M,Brown,Fall,2.5,Yes,Next Day Air,Yes,Yes,11,1,Annually,Male_Pennsylvania_27,4/27/2023,FALSE,,0,0,0
178,769,64,Male,Body Wash,Personal Care,4750000,Qom,XL,Red,Spring,2.6,Yes,Express,Yes,Yes,45,0,Weekly,Male_Illinois_64,3/23/2023,TRUE,Festival Norooz,1,1,2
665,770,52,Male,Yogurt Bucket,Dairy,5000000,Hamedan,M,Silver,Spring,4.3,Yes,Store Pickup,Yes,Yes,8,0,Monthly,Male_Delaware_52,11/25/2023,TRUE,Yalda Festival,0,1,0
666,771,19,Male,Potato Chips,Snacks,2700000,Hamedan,M,Gray,Spring,3.3,Yes,Express,Yes,Yes,8,0,Annually,Male_Vermont_19,7/15/2023,TRUE,Summer Sale Iran,1,2,0
413,772,22,Male,Chocolate Bar,Snacks,3400000,Mashhad,L,Cyan,Fall,2.6,Yes,Next Day Air,Yes,Yes,34,0,Fortnightly,Male_Hawaii_22,12/21/2023,FALSE,,0,0,0
389,773,18,Male,Pasta Pack,Grocery,1100000,Yazd,L,Teal,Fall,3.6,Yes,Free Shipping,Yes,Yes,40,0,Bi-Weekly,Male_Illinois_18,6/21/2023,FALSE,,0,0,0
667,774,29,Male,Chocolate Bar,Snacks,4200000,Tehran,L,Indigo,Winter,2.6,Yes,Express,Yes,Yes,14,0,Bi-Weekly,Male_California_29,7/17/2023,TRUE,Summer Sale Iran,0,1,0
49,775,42,Male,Yogurt Bucket,Dairy,2300000,Urmia,M,Yellow,Summer,3.5,Yes,Standard,Yes,Yes,11,0,Quarterly,Male_Nevada_42,3/10/2023,FALSE,,0,0,0
668,776,49,Male,Toothpaste,Personal Care,2650000,Kerman,S,Gold,Winter,3,Yes,Store Pickup,Yes,Yes,8,0,Monthly,Male_Kentucky_49,8/6/2023,FALSE,,0,0,0
403,777,49,Male,Body Wash,Personal Care,3000000,Qom,M,Maroon,Spring,5,Yes,Standard,Yes,Yes,8,0,Every 3 Months,Male_Alabama_49,3/31/2023,TRUE,Festival Norooz,0,1,3
669,778,55,Male,Baguette,Bakery,1600000,Rasht,XL,Silver,Spring,2.5,Yes,Express,Yes,Yes,37,0,Weekly,Male_Wyoming_55,3/24/2023,TRUE,Festival Norooz,1,1,2
670,779,29,Male,Sunflower Oil,Grocery,2500000,Bandar Abbas,M,Yellow,Summer,2.9,Yes,Store Pickup,Yes,Yes,23,0,Annually,Male_Massachusetts_29,3/22/2023,TRUE,Festival Norooz,0,1,0
282,780,60,Male,Laundry Detergent,Household,4700000,Tehran,M,Blue,Spring,4.6,Yes,Express,Yes,Yes,38,1,Annually,Male_Utah_60,7/14/2023,TRUE,Summer Sale Iran,0,1,2
671,781,34,Male,Chocolate Bar,Snacks,1300000,Isfahan,M,Turquoise,Spring,3.6,Yes,Free Shipping,Yes,Yes,38,1,Quarterly,Male_New York_34,7/12/2023,TRUE,Summer Sale Iran,0,1,1
672,782,30,Male,Laundry Detergent,Household,2200000,Ahvaz,L,Indigo,Winter,3,Yes,Store Pickup,Yes,Yes,12,0,Fortnightly,Male_Vermont_30,12/18/2023,FALSE,,0,0,0
673,783,28,Male,Baguette,Bakery,2850000,Kerman,M,Green,Summer,4.5,Yes,Standard,Yes,Yes,15,1,Weekly,Male_Hawaii_28,11/28/2023,TRUE,Yalda Festival,2,1,0
60,784,63,Male,Rice 10kg,Grocery,3250000,Kermanshah,L,Purple,Winter,4.5,Yes,Next Day Air,Yes,Yes,38,0,Fortnightly,Male_Louisiana_63,12/16/2023,FALSE,,0,0,0
674,785,31,Male,Cheddar Cheese,Dairy,3600000,Karaj,M,Peach,Winter,3.2,Yes,Store Pickup,Yes,Yes,41,0,Every 3 Months,Male_Alabama_31,7/15/2023,TRUE,Summer Sale Iran,0,1,0
675,786,46,Male,Milk 1L,Dairy,3100000,Arak,S,Purple,Spring,4,Yes,Next Day Air,Yes,Yes,37,0,Fortnightly,Male_Louisiana_46,7/19/2023,TRUE,Summer Sale Iran,0,1,1
197,787,70,Male,Sugar 1kg,Grocery,1050000,Urmia,S,Teal,Winter,4.8,Yes,Express,Yes,Yes,16,0,Every 3 Months,Male_Indiana_70,9/16/2023,FALSE,,0,0,0
676,788,53,Male,Body Wash,Personal Care,4250000,Kermanshah,S,Green,Spring,3.7,Yes,Free Shipping,Yes,Yes,25,0,Weekly,Male_Michigan_53,3/25/2023,TRUE,Festival Norooz,1,1,1
220,789,50,Male,Sugar 1kg,Grocery,2550000,Rasht,XL,Yellow,Summer,3.8,Yes,Store Pickup,Yes,Yes,18,0,Quarterly,Male_Rhode Island_50,11/27/2023,TRUE,Yalda Festival,1,2,0
677,790,33,Male,Baguette,Bakery,4200000,Yazd,S,Purple,Fall,2.7,Yes,Standard,Yes,Yes,4,0,Bi-Weekly,Male_Idaho_33,7/10/2023,TRUE,Summer Sale Iran,0,1,0
678,791,22,Male,Dishwashing Liquid,Household,1850000,Qazvin,M,Indigo,Summer,4.9,Yes,Store Pickup,Yes,Yes,12,0,Quarterly,Male_Louisiana_22,11/21/2023,TRUE,Yalda Festival,0,1,0
424,792,50,Male,Dishwashing Liquid,Household,2200000,Sari,S,Magenta,Summer,3.1,Yes,2-Day Shipping,Yes,Yes,35,0,Fortnightly,Male_North Carolina_50,3/19/2023,FALSE,,0,0,0
679,793,34,Male,Mineral Water 1.5L,Beverages,2250000,Rasht,M,Violet,Spring,4.2,Yes,Next Day Air,Yes,Yes,45,0,Weekly,Male_New Jersey_34,11/23/2023,TRUE,Yalda Festival,1,1,0
680,794,24,Male,Frozen Chicken,Frozen,1750000,Shiraz,L,Maroon,Summer,3.8,Yes,Free Shipping,Yes,Yes,16,0,Monthly,Male_Alabama_24,3/30/2023,TRUE,Festival Norooz,0,1,2
681,795,69,Male,Dishwashing Liquid,Household,2500000,Tabriz,XL,Yellow,Winter,4.2,Yes,Store Pickup,Yes,Yes,10,0,Fortnightly,Male_Kentucky_69,11/23/2023,TRUE,Yalda Festival,0,1,0
682,796,39,Male,Frozen Chicken,Frozen,1300000,Kerman,M,Beige,Summer,4.6,Yes,Store Pickup,Yes,Yes,34,0,Annually,Male_New York_39,9/1/2023,FALSE,,0,0,0
683,797,42,Male,Cheddar Cheese,Dairy,3900000,Mashhad,XL,Black,Fall,4,Yes,2-Day Shipping,Yes,Yes,43,0,Annually,Male_Arizona_42,7/19/2023,TRUE,Summer Sale Iran,1,1,1
684,798,42,Male,Tea Box,Grocery,4100000,Kerman,M,Violet,Fall,4,Yes,2-Day Shipping,Yes,Yes,38,0,Weekly,Male_Maryland_42,4/18/2023,FALSE,,0,0,0
685,799,29,Male,Toothpaste,Personal Care,1950000,Isfahan,M,Violet,Spring,3.8,Yes,2-Day Shipping,Yes,Yes,48,0,Every 3 Months,Male_Alaska_29,7/15/2023,TRUE,Summer Sale Iran,1,1,0
686,800,55,Male,Mineral Water 1.5L,Beverages,2750000,Kermanshah,L,Brown,Summer,3.3,Yes,Free Shipping,Yes,Yes,31,0,Annually,Male_Nevada_55,11/14/2023,FALSE,,0,0,0
687,801,32,Male,Shampoo,Personal Care,1000000,Kerman,S,Gold,Summer,2.6,Yes,Free Shipping,Yes,Yes,20,1,Every 3 Months,Male_Utah_32,3/12/2023,FALSE,,0,0,0
688,802,25,Male,Mineral Water 1.5L,Beverages,1450000,Qom,L,Blue,Fall,4.9,Yes,Express,Yes,Yes,12,0,Fortnightly,Male_New Mexico_25,3/28/2023,TRUE,Festival Norooz,0,1,2
148,803,38,Male,Dishwashing Liquid,Household,2050000,Isfahan,M,Teal,Winter,3.5,Yes,Next Day Air,Yes,Yes,2,0,Weekly,Male_Delaware_38,7/23/2023,FALSE,,0,0,0
689,804,32,Male,Cheddar Cheese,Dairy,1900000,Tehran,L,Silver,Winter,2.8,Yes,Express,Yes,Yes,30,0,Every 3 Months,Male_Connecticut_32,12/11/2023,FALSE,,0,0,0
126,805,43,Male,Toothpaste,Personal Care,2350000,Arak,M,Maroon,Summer,2.6,Yes,Store Pickup,Yes,Yes,28,0,Quarterly,Male_Mississippi_43,7/10/2023,TRUE,Summer Sale Iran,1,2,0
449,806,41,Male,Sunflower Oil,Grocery,1500000,Qom,L,White,Summer,3.7,Yes,Next Day Air,Yes,Yes,40,0,Monthly,Male_Connecticut_41,5/17/2023,FALSE,,0,0,0
690,807,56,Male,Potato Chips,Snacks,2800000,Hamedan,L,Charcoal,Summer,2.7,Yes,Standard,Yes,Yes,46,0,Quarterly,Male_Florida_56,11/16/2023,FALSE,,0,0,0
691,808,27,Male,Sunflower Oil,Grocery,4450000,Bandar Abbas,S,Brown,Winter,3.3,Yes,Express,Yes,Yes,15,0,Weekly,Male_New York_27,11/22/2023,TRUE,Yalda Festival,0,1,0
184,809,46,Male,Baguette,Bakery,4800000,Hamedan,L,Lavender,Fall,4.6,Yes,Next Day Air,Yes,Yes,38,1,Every 3 Months,Male_Wisconsin_46,11/21/2023,TRUE,Yalda Festival,2,1,0
692,810,48,Male,Tea Box,Grocery,4050000,Hamedan,M,Violet,Fall,4.9,Yes,Next Day Air,Yes,Yes,30,0,Bi-Weekly,Male_South Carolina_48,11/21/2023,TRUE,Yalda Festival,0,1,0
693,811,52,Male,Toothpaste,Personal Care,4150000,Isfahan,S,Lavender,Fall,4.9,Yes,Store Pickup,Yes,Yes,32,0,Bi-Weekly,Male_South Dakota_52,11/26/2023,TRUE,Yalda Festival,0,1,0
389,812,18,Male,Rice 10kg,Grocery,1750000,Isfahan,M,Green,Winter,2.7,Yes,Free Shipping,Yes,Yes,36,0,Quarterly,Male_Illinois_18,4/25/2023,FALSE,,0,0,0
532,813,64,Male,Frozen Pizza,Frozen,2800000,Karaj,M,Olive,Summer,3.2,Yes,Standard,Yes,Yes,32,0,Weekly,Male_Alaska_64,11/20/2023,TRUE,Yalda Festival,0,2,0
694,814,54,Male,Tea Box,Grocery,2250000,Hamedan,S,Olive,Summer,2.9,Yes,Store Pickup,Yes,Yes,14,0,Annually,Male_Montana_54,12/23/2023,FALSE,,0,0,0
695,815,31,Male,Sunflower Oil,Grocery,3100000,Arak,M,Pink,Winter,3.8,Yes,Express,Yes,Yes,8,0,Monthly,Male_Minnesota_31,11/23/2023,TRUE,Yalda Festival,0,1,0
696,816,30,Male,Frozen Chicken,Frozen,4200000,Arak,L,Teal,Spring,3,Yes,Next Day Air,Yes,Yes,27,0,Bi-Weekly,Male_West Virginia_30,2/12/2023,FALSE,,0,0,0
697,817,26,Male,Sunflower Oil,Grocery,1200000,Isfahan,L,Cyan,Summer,3.9,Yes,Store Pickup,Yes,Yes,24,0,Monthly,Male_Illinois_26,3/21/2023,TRUE,Festival Norooz,0,1,1
698,818,25,Male,Potato Chips,Snacks,1050000,Karaj,S,Gray,Spring,4.7,Yes,Store Pickup,Yes,Yes,30,0,Fortnightly,Male_Nevada_25,7/12/2023,TRUE,Summer Sale Iran,1,1,0
511,819,59,Male,Chocolate Bar,Snacks,4550000,Tehran,M,Peach,Winter,4.9,Yes,Store Pickup,Yes,Yes,34,0,Monthly,Male_Idaho_59,6/25/2023,FALSE,,0,0,0
699,820,55,Male,Paper Towel Pack,Household,1800000,Urmia,S,Teal,Winter,4.8,Yes,Next Day Air,Yes,Yes,28,0,Quarterly,Male_Colorado_55,7/17/2023,TRUE,Summer Sale Iran,0,1,0
700,821,56,Male,Chocolate Bar,Snacks,1950000,Isfahan,M,Turquoise,Spring,2.5,Yes,2-Day Shipping,Yes,Yes,27,0,Monthly,Male_Louisiana_56,5/30/2023,FALSE,,0,0,0
701,822,62,Male,Cola 1.5L,Beverages,1950000,Tehran,M,Green,Spring,3.9,Yes,Standard,Yes,Yes,31,0,Bi-Weekly,Male_Vermont_62,7/17/2023,TRUE,Summer Sale Iran,0,1,0
702,823,35,Male,Tea Box,Grocery,2950000,Tehran,L,Magenta,Winter,3.4,Yes,Standard,Yes,Yes,23,0,Annually,Male_Mississippi_35,11/23/2023,TRUE,Yalda Festival,1,1,0
703,824,51,Male,Chocolate Bar,Snacks,1350000,Kerman,M,Green,Winter,2.5,Yes,Free Shipping,Yes,Yes,11,0,Quarterly,Male_Georgia_51,3/30/2023,TRUE,Festival Norooz,0,1,0
704,825,61,Male,Sugar 1kg,Grocery,4700000,Sari,M,White,Spring,3,Yes,Store Pickup,Yes,Yes,48,1,Quarterly,Male_Georgia_61,6/25/2023,FALSE,,0,0,0
276,826,27,Male,Sugar 1kg,Grocery,4700000,Yazd,XL,Brown,Fall,3.6,Yes,Next Day Air,Yes,Yes,17,1,Monthly,Male_Nebraska_27,11/30/2023,TRUE,Yalda Festival,1,3,0
36,827,54,Male,Frozen Pizza,Frozen,4700000,Arak,M,Purple,Winter,3.6,Yes,Standard,Yes,Yes,36,0,Weekly,Male_Massachusetts_54,7/7/2023,FALSE,,0,0,0
705,828,31,Male,Sugar 1kg,Grocery,2550000,Ahvaz,S,Green,Fall,4.1,Yes,Free Shipping,Yes,Yes,33,0,Fortnightly,Male_Colorado_31,11/22/2023,TRUE,Yalda Festival,0,2,0
87,829,24,Male,Dishwashing Liquid,Household,3100000,Qazvin,M,Peach,Fall,3.7,Yes,2-Day Shipping,Yes,Yes,27,0,Bi-Weekly,Male_Nevada_24,7/12/2023,TRUE,Summer Sale Iran,1,1,0
706,830,42,Male,Dishwashing Liquid,Household,2850000,Urmia,S,Silver,Spring,3.1,Yes,2-Day Shipping,Yes,Yes,14,0,Fortnightly,Male_Idaho_42,11/10/2023,FALSE,,0,0,0
707,831,41,Male,Dishwashing Liquid,Household,3800000,Urmia,M,Maroon,Fall,4.2,Yes,Express,Yes,Yes,5,0,Annually,Male_Wyoming_41,8/22/2023,FALSE,,0,0,0
708,832,66,Male,Baguette,Bakery,3150000,Bandar Abbas,M,Red,Summer,4.3,Yes,Express,Yes,Yes,47,1,Every 3 Months,Male_Washington_66,7/20/2023,TRUE,Summer Sale Iran,0,1,0
517,833,58,Male,Laundry Detergent,Household,4000000,Shiraz,L,Blue,Fall,2.5,Yes,Express,Yes,Yes,28,1,Bi-Weekly,Male_California_58,11/30/2023,TRUE,Yalda Festival,2,2,0
375,834,43,Male,Pasta Pack,Grocery,3400000,Sari,M,Purple,Fall,3.5,Yes,Standard,Yes,Yes,11,0,Annually,Male_Oklahoma_43,11/20/2023,TRUE,Yalda Festival,2,1,0
709,835,52,Male,Laundry Detergent,Household,4450000,Qazvin,M,Indigo,Summer,3.1,Yes,Free Shipping,Yes,Yes,18,0,Weekly,Male_Nevada_52,3/1/2023,FALSE,,0,0,0
710,836,35,Male,Dishwashing Liquid,Household,1300000,Tabriz,L,Indigo,Summer,2.5,Yes,Next Day Air,Yes,Yes,21,0,Weekly,Male_Maryland_35,3/23/2023,TRUE,Festival Norooz,0,2,1
711,837,23,Male,Rice 10kg,Grocery,4500000,Urmia,L,Violet,Winter,3.9,Yes,Store Pickup,Yes,Yes,22,1,Bi-Weekly,Male_West Virginia_23,8/31/2023,FALSE,,0,0,0
712,838,25,Male,Baguette,Bakery,1400000,Tabriz,L,Brown,Spring,4.9,Yes,Express,Yes,Yes,33,1,Every 3 Months,Male_Illinois_25,3/25/2023,TRUE,Festival Norooz,0,1,3
713,839,33,Male,Sunflower Oil,Grocery,1450000,Mashhad,M,Gray,Spring,4.3,Yes,Express,Yes,Yes,49,0,Annually,Male_Kentucky_33,3/31/2023,TRUE,Festival Norooz,0,1,0
714,840,48,Male,Tea Box,Grocery,1550000,Yazd,L,Teal,Spring,2.6,Yes,Free Shipping,Yes,Yes,10,0,Every 3 Months,Male_Illinois_48,12/17/2023,FALSE,,0,0,0
715,841,42,Male,Milk 1L,Dairy,1200000,Karaj,L,Teal,Summer,4.2,Yes,2-Day Shipping,Yes,Yes,18,0,Weekly,Male_Alabama_42,2/8/2023,FALSE,,0,0,0
62,842,55,Male,Chocolate Bar,Snacks,4400000,Qazvin,M,Beige,Summer,2.6,Yes,Store Pickup,Yes,Yes,28,0,Fortnightly,Male_Texas_55,12/10/2023,FALSE,,0,0,0
716,843,59,Male,Chocolate Bar,Snacks,4350000,Urmia,M,Violet,Spring,3.6,Yes,Express,Yes,Yes,25,0,Weekly,Male_Missouri_59,3/25/2023,TRUE,Festival Norooz,0,1,2
717,844,65,Male,Yogurt Bucket,Dairy,4000000,Qazvin,S,Beige,Summer,3.2,Yes,Express,Yes,Yes,6,0,Weekly,Male_Pennsylvania_65,7/16/2023,TRUE,Summer Sale Iran,1,1,0
716,845,59,Male,Toothpaste,Personal Care,2400000,Isfahan,L,Purple,Winter,4.4,Yes,Express,Yes,Yes,44,0,Bi-Weekly,Male_Missouri_59,11/11/2023,FALSE,,0,0,0
718,846,31,Male,Potato Chips,Snacks,1050000,Qazvin,XL,Charcoal,Winter,3.7,Yes,Standard,Yes,Yes,30,0,Monthly,Male_Michigan_31,11/29/2023,TRUE,Yalda Festival,0,1,0
668,847,49,Male,Mineral Water 1.5L,Beverages,3600000,Kerman,M,Pink,Spring,3.7,Yes,Express,Yes,Yes,42,0,Quarterly,Male_Kentucky_49,11/6/2023,FALSE,,0,0,0
719,848,53,Male,Sunflower Oil,Grocery,2200000,Hamedan,L,Blue,Fall,4.1,Yes,Standard,Yes,Yes,30,0,Monthly,Male_New Jersey_53,3/27/2023,TRUE,Festival Norooz,0,1,0
287,849,48,Male,Mineral Water 1.5L,Beverages,3650000,Tabriz,M,Lavender,Fall,3.6,Yes,Store Pickup,Yes,Yes,33,0,Bi-Weekly,Male_Delaware_48,11/17/2023,FALSE,,0,0,0
604,850,23,Male,Mineral Water 1.5L,Beverages,3050000,Shiraz,S,Charcoal,Spring,4.3,Yes,Express,Yes,Yes,24,0,Quarterly,Male_Missouri_23,3/26/2023,TRUE,Festival Norooz,0,1,3
720,851,68,Male,Tea Box,Grocery,1000000,Karaj,L,Turquoise,Winter,2.6,Yes,Store Pickup,Yes,Yes,13,0,Monthly,Male_Connecticut_68,3/28/2023,TRUE,Festival Norooz,1,1,0
721,852,35,Male,Body Wash,Personal Care,4300000,Isfahan,M,Red,Summer,2.9,Yes,Express,Yes,Yes,19,0,Monthly,Male_Massachusetts_35,11/22/2023,TRUE,Yalda Festival,1,1,0
579,853,34,Male,Frozen Chicken,Frozen,3000000,Kermanshah,L,Yellow,Spring,4.2,Yes,Next Day Air,Yes,Yes,23,0,Every 3 Months,Male_Florida_34,11/22/2023,TRUE,Yalda Festival,3,3,0
722,854,62,Male,Rice 10kg,Grocery,2150000,Kerman,L,Orange,Winter,4,Yes,Free Shipping,Yes,Yes,35,1,Monthly,Male_Delaware_62,11/26/2023,TRUE,Yalda Festival,0,1,0
253,855,21,Male,Frozen Pizza,Frozen,2200000,Kerman,L,Blue,Spring,4.3,Yes,Free Shipping,Yes,Yes,22,0,Monthly,Male_California_21,7/16/2023,TRUE,Summer Sale Iran,1,2,0
723,856,70,Male,Paper Towel Pack,Household,3800000,Hamedan,L,Gold,Spring,3,Yes,2-Day Shipping,Yes,Yes,14,0,Quarterly,Male_Oregon_70,7/16/2023,TRUE,Summer Sale Iran,0,1,0
724,857,55,Male,Sugar 1kg,Grocery,1650000,Yazd,M,Gold,Summer,3.5,Yes,Express,Yes,Yes,47,0,Fortnightly,Male_Alaska_55,11/27/2023,TRUE,Yalda Festival,0,1,0
725,858,43,Male,Mineral Water 1.5L,Beverages,3000000,Tabriz,L,Cyan,Fall,3,Yes,Standard,Yes,Yes,50,0,Every 3 Months,Male_Missouri_43,10/26/2023,FALSE,,0,0,0
726,859,19,Male,Orange Juice,Beverages,1300000,Bandar Abbas,L,Olive,Fall,3.1,Yes,Free Shipping,Yes,Yes,33,0,Weekly,Male_Oklahoma_19,11/28/2023,TRUE,Yalda Festival,0,1,0
727,860,47,Male,Toothpaste,Personal Care,3650000,Hamedan,M,Teal,Winter,4,Yes,Next Day Air,Yes,Yes,7,0,Monthly,Male_Wisconsin_47,2/4/2023,FALSE,,0,0,0
728,861,26,Male,Body Wash,Personal Care,4350000,Urmia,M,Maroon,Spring,4.1,Yes,Standard,Yes,Yes,3,1,Monthly,Male_South Carolina_26,7/17/2023,TRUE,Summer Sale Iran,0,1,0
729,862,46,Male,Paper Towel Pack,Household,5000000,Kermanshah,XL,Green,Spring,3.3,Yes,2-Day Shipping,Yes,Yes,35,0,Every 3 Months,Male_Virginia_46,2/21/2023,FALSE,,0,0,0
730,863,19,Male,Fresh Bread,Bakery,4200000,Qazvin,M,Charcoal,Winter,4.9,Yes,Standard,Yes,Yes,13,0,Fortnightly,Male_Arkansas_19,10/6/2023,FALSE,,0,0,0
232,864,49,Male,Mixed Nuts,Snacks,2050000,Karaj,M,Cyan,Summer,3.9,Yes,Standard,Yes,Yes,42,0,Fortnightly,Male_Vermont_49,7/16/2023,TRUE,Summer Sale Iran,1,1,2
731,865,51,Male,Baguette,Bakery,2950000,Bandar Abbas,S,Charcoal,Winter,3.9,Yes,Next Day Air,Yes,Yes,5,0,Annually,Male_Kentucky_51,3/22/2023,TRUE,Festival Norooz,0,1,0
732,866,64,Male,Milk 1L,Dairy,1300000,Isfahan,L,Charcoal,Winter,4.8,Yes,Store Pickup,Yes,Yes,23,0,Annually,Male_Colorado_64,7/17/2023,TRUE,Summer Sale Iran,0,1,0
733,867,67,Male,Sunflower Oil,Grocery,3450000,Rasht,M,Lavender,Summer,2.7,Yes,Free Shipping,Yes,Yes,11,0,Bi-Weekly,Male_New Mexico_67,3/27/2023,TRUE,Festival Norooz,0,1,0
734,868,37,Male,Paper Towel Pack,Household,1000000,Kermanshah,M,Turquoise,Spring,3.1,Yes,Free Shipping,Yes,Yes,23,0,Fortnightly,Male_Colorado_37,7/19/2023,TRUE,Summer Sale Iran,0,1,0
735,869,40,Male,Yogurt Bucket,Dairy,4150000,Rasht,M,Green,Summer,3.2,Yes,Next Day Air,Yes,Yes,2,0,Every 3 Months,Male_North Carolina_40,7/20/2023,TRUE,Summer Sale Iran,1,1,0
736,870,38,Male,Shampoo,Personal Care,2700000,Shiraz,M,Silver,Spring,2.7,Yes,2-Day Shipping,Yes,Yes,33,0,Weekly,Male_New Hampshire_38,3/27/2023,TRUE,Festival Norooz,1,1,0
737,871,66,Male,Orange Juice,Beverages,3300000,Urmia,M,Blue,Fall,2.5,Yes,Standard,Yes,Yes,6,0,Bi-Weekly,Male_West Virginia_66,7/18/2023,TRUE,Summer Sale Iran,0,1,1
738,872,47,Male,Chocolate Bar,Snacks,2100000,Shiraz,M,Charcoal,Spring,2.6,Yes,Next Day Air,Yes,Yes,45,0,Quarterly,Male_Hawaii_47,6/25/2023,FALSE,,0,0,0
739,873,56,Male,Chocolate Bar,Snacks,1650000,Qom,M,Pink,Spring,2.9,Yes,Standard,Yes,Yes,25,1,Quarterly,Male_North Dakota_56,2/14/2023,FALSE,,0,0,0
740,874,51,Male,Baguette,Bakery,3850000,Qom,M,Pink,Summer,4.2,Yes,Free Shipping,Yes,Yes,24,0,Quarterly,Male_Mississippi_51,1/24/2023,FALSE,,0,0,0
741,875,25,Male,Frozen Chicken,Frozen,3250000,Isfahan,M,Magenta,Fall,4.4,Yes,Free Shipping,Yes,Yes,10,0,Every 3 Months,Male_Maine_25,11/16/2023,FALSE,,0,0,0
742,876,37,Male,Toothpaste,Personal Care,1950000,Hamedan,L,Gray,Summer,4.1,Yes,Free Shipping,Yes,Yes,7,0,Every 3 Months,Male_North Dakota_37,11/22/2023,TRUE,Yalda Festival,2,1,0
743,877,41,Male,Sunflower Oil,Grocery,2550000,Shiraz,L,Gray,Summer,3.8,Yes,2-Day Shipping,Yes,Yes,1,0,Weekly,Male_Nebraska_41,11/30/2023,TRUE,Yalda Festival,1,1,0
345,878,64,Male,Body Wash,Personal Care,3250000,Tehran,M,Orange,Winter,4.9,Yes,Next Day Air,Yes,Yes,45,0,Every 3 Months,Male_Nebraska_64,7/17/2023,TRUE,Summer Sale Iran,1,1,2
744,879,23,Male,Cola 1.5L,Beverages,4450000,Ahvaz,S,Black,Summer,4.9,Yes,Express,Yes,Yes,37,0,Weekly,Male_Tennessee_23,7/16/2023,TRUE,Summer Sale Iran,0,1,1
745,880,62,Male,Baguette,Bakery,3800000,Arak,S,Lavender,Spring,4.1,Yes,Free Shipping,Yes,Yes,14,0,Quarterly,Male_Wyoming_62,6/15/2023,FALSE,,0,0,0
746,881,39,Male,Mixed Nuts,Snacks,3750000,Hamedan,L,Red,Spring,3.1,Yes,Express,Yes,Yes,25,0,Monthly,Male_Nevada_39,8/30/2023,FALSE,,0,0,0
747,882,52,Male,Rice 10kg,Grocery,3050000,Tabriz,M,Silver,Summer,2.7,Yes,Next Day Air,Yes,Yes,18,0,Annually,Male_South Carolina_52,11/23/2023,TRUE,Yalda Festival,0,1,0
491,883,50,Male,Sunflower Oil,Grocery,1750000,Arak,M,Cyan,Fall,3.8,Yes,Next Day Air,Yes,Yes,37,1,Every 3 Months,Male_Virginia_50,7/19/2023,TRUE,Summer Sale Iran,0,2,0
748,884,28,Male,Yogurt Bucket,Dairy,1850000,Kermanshah,S,Gold,Fall,4.3,Yes,Free Shipping,Yes,Yes,30,0,Monthly,Male_Pennsylvania_28,3/25/2023,TRUE,Festival Norooz,0,1,2
199,885,67,Male,Orange Juice,Beverages,4550000,Isfahan,L,Yellow,Winter,4.1,Yes,Express,Yes,Yes,34,0,Weekly,Male_Hawaii_67,3/21/2023,TRUE,Festival Norooz,0,2,1
749,886,41,Male,Milk 1L,Dairy,4950000,Kerman,L,Purple,Fall,4.4,Yes,Free Shipping,Yes,Yes,49,0,Every 3 Months,Male_Ohio_41,11/29/2023,TRUE,Yalda Festival,2,1,0
750,887,19,Male,Rice 10kg,Grocery,2700000,Sari,S,Brown,Summer,3.6,Yes,Express,Yes,Yes,48,0,Monthly,Male_Utah_19,7/16/2023,TRUE,Summer Sale Iran,0,1,0
751,888,70,Male,Yogurt Bucket,Dairy,2350000,Kermanshah,L,Turquoise,Winter,3.3,Yes,2-Day Shipping,Yes,Yes,33,0,Fortnightly,Male_Minnesota_70,1/4/2023,FALSE,,0,0,0
752,889,49,Male,Frozen Chicken,Frozen,3850000,Karaj,S,Gold,Spring,3.6,Yes,Express,Yes,Yes,44,1,Annually,Male_New Hampshire_49,3/24/2023,TRUE,Festival Norooz,0,1,1
753,890,59,Male,Cheddar Cheese,Dairy,4200000,Qom,S,Olive,Fall,2.8,Yes,Free Shipping,Yes,Yes,50,0,Weekly,Male_Arizona_59,11/21/2023,TRUE,Yalda Festival,0,1,0
754,891,52,Male,Fresh Bread,Bakery,2550000,Rasht,S,Purple,Spring,4.3,Yes,2-Day Shipping,Yes,Yes,47,0,Monthly,Male_New York_52,11/28/2023,TRUE,Yalda Festival,1,1,0
755,892,20,Male,Pasta Pack,Grocery,1300000,Kermanshah,S,Lavender,Summer,3.9,Yes,Store Pickup,Yes,Yes,24,0,Every 3 Months,Male_Pennsylvania_20,7/13/2023,TRUE,Summer Sale Iran,0,1,0
756,893,31,Male,Chocolate Bar,Snacks,3200000,Bandar Abbas,L,Gray,Summer,2.7,Yes,Free Shipping,Yes,Yes,43,0,Monthly,Male_New Mexico_31,7/19/2023,TRUE,Summer Sale Iran,1,1,0
757,894,33,Male,Pasta Pack,Grocery,2550000,Kerman,M,Red,Spring,4.7,Yes,Express,Yes,Yes,14,0,Monthly,Male_Nebraska_33,6/8/2023,FALSE,,0,0,0
758,895,44,Male,Sugar 1kg,Grocery,3000000,Karaj,L,Purple,Spring,3.8,Yes,Free Shipping,Yes,Yes,3,0,Quarterly,Male_Wyoming_44,3/29/2023,TRUE,Festival Norooz,0,1,0
759,896,40,Male,Shampoo,Personal Care,3450000,Karaj,XL,Olive,Spring,4.7,Yes,Next Day Air,Yes,Yes,33,0,Quarterly,Male_Mississippi_40,3/21/2023,TRUE,Festival Norooz,0,1,1
760,897,69,Male,Fresh Bread,Bakery,1450000,Shiraz,M,Lavender,Spring,4.7,Yes,Express,Yes,Yes,38,1,Fortnightly,Male_Arkansas_69,11/27/2023,TRUE,Yalda Festival,0,1,0
761,898,29,Male,Dishwashing Liquid,Household,4550000,Arak,M,Gray,Spring,3.4,Yes,Express,Yes,Yes,46,0,Weekly,Male_Illinois_29,7/19/2023,TRUE,Summer Sale Iran,0,1,0
355,899,54,Male,Body Wash,Personal Care,3500000,Isfahan,L,Red,Spring,3.5,Yes,2-Day Shipping,Yes,Yes,19,0,Every 3 Months,Male_Nevada_54,3/29/2023,TRUE,Festival Norooz,0,1,1
762,900,65,Male,Body Wash,Personal Care,2900000,Isfahan,M,Peach,Summer,4,Yes,Standard,Yes,Yes,20,0,Annually,Male_Rhode Island_65,4/13/2023,FALSE,,0,0,0
104,901,54,Male,Fresh Bread,Bakery,4900000,Karaj,L,Gray,Fall,3.3,Yes,Free Shipping,Yes,Yes,42,0,Quarterly,Male_West Virginia_54,3/29/2023,TRUE,Festival Norooz,0,1,2
763,902,60,Male,Fresh Bread,Bakery,3400000,Kerman,L,Violet,Summer,4.7,Yes,2-Day Shipping,Yes,Yes,34,1,Monthly,Male_Missouri_60,3/28/2023,TRUE,Festival Norooz,0,1,0
764,903,43,Male,Chocolate Bar,Snacks,2200000,Ahvaz,M,Beige,Summer,2.8,Yes,Next Day Air,Yes,Yes,5,1,Monthly,Male_Kentucky_43,3/24/2023,TRUE,Festival Norooz,0,1,0
765,904,44,Male,Mixed Nuts,Snacks,2250000,Shiraz,M,Blue,Winter,3.3,Yes,Express,Yes,Yes,3,0,Quarterly,Male_Washington_44,3/24/2023,TRUE,Festival Norooz,0,1,0
766,905,69,Male,Sugar 1kg,Grocery,4950000,Shiraz,L,Magenta,Spring,2.9,Yes,Free Shipping,Yes,Yes,46,0,Every 3 Months,Male_Alaska_69,3/29/2023,TRUE,Festival Norooz,0,1,0
767,906,46,Male,Tea Box,Grocery,3400000,Isfahan,S,Cyan,Spring,2.8,Yes,Standard,Yes,Yes,16,0,Annually,Male_Mississippi_46,11/23/2023,TRUE,Yalda Festival,0,1,0
379,907,41,Male,Mixed Nuts,Snacks,2800000,Mashhad,M,Red,Spring,4.2,Yes,Standard,Yes,Yes,21,0,Bi-Weekly,Male_South Carolina_41,11/24/2023,TRUE,Yalda Festival,2,1,0
418,908,32,Male,Tea Box,Grocery,2150000,Karaj,L,Cyan,Winter,4.4,Yes,Express,Yes,Yes,34,0,Bi-Weekly,Male_Missouri_32,3/22/2023,TRUE,Festival Norooz,0,1,1
768,909,26,Male,Tea Box,Grocery,4950000,Tehran,M,Turquoise,Winter,3.6,Yes,Free Shipping,Yes,Yes,9,0,Every 3 Months,Male_New Jersey_26,3/21/2023,TRUE,Festival Norooz,0,1,0
769,910,61,Male,Body Wash,Personal Care,2800000,Rasht,L,Silver,Fall,2.7,Yes,Express,Yes,Yes,36,0,Weekly,Male_Louisiana_61,7/20/2023,TRUE,Summer Sale Iran,1,1,0
493,911,49,Male,Orange Juice,Beverages,1250000,Sari,S,Pink,Spring,3.4,Yes,Express,Yes,Yes,22,0,Monthly,Male_South Carolina_49,11/29/2023,TRUE,Yalda Festival,1,1,0
770,912,53,Male,Orange Juice,Beverages,3700000,Tehran,M,Black,Winter,2.8,Yes,2-Day Shipping,Yes,Yes,2,0,Quarterly,Male_Vermont_53,11/27/2023,TRUE,Yalda Festival,0,1,0
771,913,24,Male,Milk 1L,Dairy,2800000,Isfahan,M,Green,Winter,3.4,Yes,Next Day Air,Yes,Yes,32,0,Monthly,Male_Arkansas_24,11/29/2023,TRUE,Yalda Festival,0,1,0
772,914,37,Male,Fresh Bread,Bakery,2350000,Arak,M,Yellow,Fall,2.6,Yes,Next Day Air,Yes,Yes,29,1,Every 3 Months,Male_Utah_37,7/14/2023,TRUE,Summer Sale Iran,0,1,0
773,915,43,Male,Orange Juice,Beverages,3350000,Hamedan,L,Purple,Summer,4.1,Yes,Standard,Yes,Yes,27,0,Every 3 Months,Male_Washington_43,8/3/2023,FALSE,,0,0,0
774,916,31,Male,Cheddar Cheese,Dairy,1100000,Arak,L,Purple,Winter,2.9,Yes,Store Pickup,Yes,Yes,33,0,Fortnightly,Male_Rhode Island_31,6/17/2023,FALSE,,0,0,0
775,917,49,Male,Toothpaste,Personal Care,1700000,Sari,S,Blue,Spring,2.7,Yes,Standard,Yes,Yes,16,0,Monthly,Male_Illinois_49,7/19/2023,TRUE,Summer Sale Iran,0,1,0
59,918,69,Male,Toothpaste,Personal Care,3200000,Arak,M,Maroon,Spring,3.7,Yes,Standard,Yes,Yes,11,0,Quarterly,Male_Missouri_69,11/19/2023,FALSE,,0,0,0
776,919,65,Male,Sunflower Oil,Grocery,2100000,Kermanshah,M,Orange,Spring,4.3,Yes,2-Day Shipping,Yes,Yes,11,1,Fortnightly,Male_North Carolina_65,11/27/2023,TRUE,Yalda Festival,1,1,0
777,920,41,Male,Yogurt Bucket,Dairy,4100000,Isfahan,L,Green,Winter,2.6,Yes,2-Day Shipping,Yes,Yes,17,0,Bi-Weekly,Male_Massachusetts_41,9/2/2023,FALSE,,0,0,0
778,921,37,Male,Orange Juice,Beverages,4050000,Urmia,XL,Gold,Summer,4.3,Yes,Free Shipping,Yes,Yes,37,1,Weekly,Male_Arkansas_37,7/28/2023,FALSE,,0,0,0
779,922,70,Male,Cola 1.5L,Beverages,1200000,Qazvin,L,Silver,Summer,4.1,Yes,Express,Yes,Yes,18,0,Weekly,Male_South Dakota_70,7/11/2023,TRUE,Summer Sale Iran,0,1,0
780,923,63,Male,Pasta Pack,Grocery,3000000,Shiraz,M,Cyan,Fall,4.2,Yes,Standard,Yes,Yes,13,0,Monthly,Male_Georgia_63,3/3/2023,FALSE,,0,0,0
781,924,55,Male,Fresh Bread,Bakery,1200000,Kerman,M,Silver,Spring,4.2,Yes,2-Day Shipping,Yes,Yes,7,0,Weekly,Male_Arkansas_55,7/20/2023,TRUE,Summer Sale Iran,0,2,1
782,925,52,Male,Sunflower Oil,Grocery,3900000,Urmia,XL,Beige,Winter,3.1,Yes,Standard,Yes,Yes,37,1,Quarterly,Male_Kansas_52,6/2/2023,FALSE,,0,0,0
783,926,22,Male,Mixed Nuts,Snacks,4400000,Kermanshah,L,Teal,Winter,4.9,Yes,Express,Yes,Yes,8,1,Monthly,Male_Arizona_22,3/6/2023,FALSE,,0,0,0
36,927,54,Male,Frozen Chicken,Frozen,3150000,Rasht,XL,Green,Spring,4.4,Yes,Express,Yes,Yes,11,1,Bi-Weekly,Male_Massachusetts_54,6/11/2023,FALSE,,0,0,0
784,928,28,Male,Mixed Nuts,Snacks,3900000,Qom,L,Black,Summer,4.4,Yes,Standard,Yes,Yes,8,0,Bi-Weekly,Male_New Mexico_28,11/21/2023,TRUE,Yalda Festival,1,2,0
785,929,67,Male,Frozen Chicken,Frozen,1850000,Kermanshah,XL,Yellow,Winter,3.4,Yes,Store Pickup,Yes,Yes,31,1,Every 3 Months,Male_Arkansas_67,3/26/2023,TRUE,Festival Norooz,0,1,0
786,930,59,Male,Milk 1L,Dairy,4700000,Qazvin,M,White,Fall,4.5,Yes,2-Day Shipping,Yes,Yes,26,0,Fortnightly,Male_Nebraska_59,7/18/2023,TRUE,Summer Sale Iran,2,1,1
787,931,26,Male,Baguette,Bakery,3900000,Mashhad,L,Green,Fall,4.5,Yes,Store Pickup,Yes,Yes,20,0,Bi-Weekly,Male_Hawaii_26,8/16/2023,FALSE,,0,0,0
788,932,24,Male,Yogurt Bucket,Dairy,1800000,Tabriz,M,Silver,Winter,4.1,Yes,Standard,Yes,Yes,24,0,Fortnightly,Male_Nebraska_24,10/6/2023,FALSE,,0,0,0
789,933,62,Male,Mineral Water 1.5L,Beverages,1200000,Urmia,L,Blue,Winter,3.2,Yes,Standard,Yes,Yes,45,0,Bi-Weekly,Male_Indiana_62,7/15/2023,TRUE,Summer Sale Iran,0,1,0
790,934,70,Male,Paper Towel Pack,Household,4200000,Hamedan,M,Magenta,Spring,2.7,Yes,Store Pickup,Yes,Yes,33,0,Monthly,Male_Colorado_70,3/16/2023,FALSE,,0,0,0
5,935,45,Male,Mineral Water 1.5L,Beverages,2350000,Kermanshah,S,Yellow,Spring,3.7,Yes,Express,Yes,Yes,21,0,Monthly,Male_Oregon_45,3/21/2023,TRUE,Festival Norooz,0,2,1
182,936,58,Male,Potato Chips,Snacks,2550000,Isfahan,L,White,Fall,2.6,Yes,Store Pickup,Yes,Yes,2,0,Fortnightly,Male_Ohio_58,3/29/2023,TRUE,Festival Norooz,0,2,0
791,937,31,Male,Tea Box,Grocery,4200000,Hamedan,M,Pink,Summer,2.7,Yes,Free Shipping,Yes,Yes,28,1,Weekly,Male_Maine_31,8/17/2023,FALSE,,0,0,0
524,938,32,Male,Sunflower Oil,Grocery,1200000,Kermanshah,M,Magenta,Summer,2.7,Yes,Express,Yes,Yes,18,0,Quarterly,Male_Iowa_32,9/19/2023,FALSE,,0,0,0
792,939,36,Male,Sunflower Oil,Grocery,4850000,Shiraz,S,Teal,Fall,4.8,Yes,Free Shipping,Yes,Yes,21,0,Fortnightly,Male_Wisconsin_36,4/28/2023,FALSE,,0,0,0
793,940,25,Male,Laundry Detergent,Household,4450000,Hamedan,L,Indigo,Winter,4.8,Yes,Next Day Air,Yes,Yes,24,0,Monthly,Male_New York_25,11/28/2023,TRUE,Yalda Festival,0,1,0
794,941,48,Male,Cheddar Cheese,Dairy,2200000,Shiraz,S,Maroon,Spring,2.6,Yes,Store Pickup,Yes,Yes,15,0,Every 3 Months,Male_Colorado_48,7/14/2023,TRUE,Summer Sale Iran,0,1,0
795,942,39,Male,Pasta Pack,Grocery,1750000,Shiraz,L,Black,Winter,4.5,Yes,2-Day Shipping,Yes,Yes,38,0,Every 3 Months,Male_Illinois_39,12/19/2023,FALSE,,0,0,0
796,943,26,Male,Cheddar Cheese,Dairy,4550000,Shiraz,M,Cyan,Winter,3.2,Yes,Express,Yes,Yes,38,0,Bi-Weekly,Male_Arizona_26,1/18/2023,FALSE,,0,0,0
797,944,32,Male,Laundry Detergent,Household,3150000,Urmia,L,Cyan,Winter,3.8,Yes,Next Day Air,Yes,Yes,13,0,Fortnightly,Male_Oklahoma_32,7/15/2023,TRUE,Summer Sale Iran,0,1,0
798,945,54,Male,Cola 1.5L,Beverages,4850000,Bandar Abbas,S,Gray,Spring,4.8,Yes,Express,Yes,Yes,39,1,Bi-Weekly,Male_Indiana_54,3/21/2023,TRUE,Festival Norooz,0,1,0
799,946,38,Male,Cheddar Cheese,Dairy,1900000,Hamedan,M,Violet,Summer,4.1,Yes,Store Pickup,Yes,Yes,8,0,Every 3 Months,Male_Minnesota_38,11/23/2023,TRUE,Yalda Festival,0,1,0
290,947,46,Male,Yogurt Bucket,Dairy,1200000,Tehran,XL,Blue,Spring,2.8,Yes,Next Day Air,Yes,Yes,4,0,Quarterly,Male_Pennsylvania_46,4/8/2023,FALSE,,0,0,0
800,948,57,Male,Baguette,Bakery,1600000,Kerman,M,Charcoal,Winter,3.9,Yes,Store Pickup,Yes,Yes,6,1,Every 3 Months,Male_Indiana_57,7/12/2023,TRUE,Summer Sale Iran,1,1,0
403,949,49,Male,Shampoo,Personal Care,4500000,Ahvaz,L,Olive,Summer,4.9,Yes,Express,Yes,Yes,11,0,Every 3 Months,Male_Alabama_49,7/19/2023,TRUE,Summer Sale Iran,1,1,2
801,950,33,Male,Mineral Water 1.5L,Beverages,1800000,Tehran,M,Olive,Summer,3.4,Yes,Standard,Yes,Yes,49,0,Monthly,Male_Montana_33,11/23/2023,TRUE,Yalda Festival,1,1,0
802,951,54,Male,Milk 1L,Dairy,1850000,Tehran,XL,Turquoise,Winter,4.1,Yes,Free Shipping,Yes,Yes,30,0,Quarterly,Male_New Mexico_54,11/6/2023,FALSE,,0,0,0
571,952,47,Male,Laundry Detergent,Household,2550000,Qazvin,M,Cyan,Summer,2.9,Yes,Express,Yes,Yes,34,0,Monthly,Male_Alaska_47,3/28/2023,TRUE,Festival Norooz,0,2,0
803,953,36,Male,Milk 1L,Dairy,3550000,Karaj,S,Red,Fall,3.1,Yes,2-Day Shipping,Yes,Yes,28,0,Monthly,Male_Idaho_36,9/27/2023,FALSE,,0,0,0
804,954,68,Male,Paper Towel Pack,Household,2500000,Kermanshah,S,Cyan,Spring,3.6,Yes,2-Day Shipping,Yes,Yes,36,0,Quarterly,Male_Utah_68,11/26/2023,TRUE,Yalda Festival,0,1,0
805,955,60,Male,Frozen Pizza,Frozen,3700000,Shiraz,S,Turquoise,Fall,3.5,Yes,Standard,Yes,Yes,18,0,Every 3 Months,Male_Louisiana_60,6/24/2023,FALSE,,0,0,0
806,956,55,Male,Frozen Chicken,Frozen,3750000,Isfahan,L,Lavender,Summer,3.4,Yes,Free Shipping,Yes,Yes,4,0,Monthly,Male_Mississippi_55,3/20/2023,TRUE,Festival Norooz,0,1,0
54,957,29,Male,Orange Juice,Beverages,4950000,Sari,XL,Cyan,Spring,2.9,Yes,2-Day Shipping,Yes,Yes,42,0,Quarterly,Male_Mississippi_29,1/10/2023,FALSE,,0,0,0
459,958,38,Male,Milk 1L,Dairy,1150000,Shiraz,XL,Violet,Spring,4.7,Yes,Store Pickup,Yes,Yes,11,1,Quarterly,Male_Indiana_38,7/24/2023,FALSE,,0,0,0
807,959,70,Male,Cheddar Cheese,Dairy,2650000,Isfahan,XL,Beige,Winter,4.4,Yes,Free Shipping,Yes,Yes,31,0,Bi-Weekly,Male_Washington_70,11/2/2023,FALSE,,0,0,0
808,960,36,Male,Chocolate Bar,Snacks,4950000,Tabriz,M,Cyan,Spring,2.6,Yes,Standard,Yes,Yes,12,1,Fortnightly,Male_Nevada_36,3/24/2023,TRUE,Festival Norooz,0,1,1
809,961,18,Male,Sugar 1kg,Grocery,2400000,Qazvin,XL,Indigo,Spring,4.4,Yes,Standard,Yes,Yes,20,0,Quarterly,Male_Louisiana_18,7/19/2023,TRUE,Summer Sale Iran,1,1,0
810,962,62,Male,Cheddar Cheese,Dairy,3600000,Ahvaz,L,Olive,Fall,3.7,Yes,Next Day Air,Yes,Yes,37,0,Quarterly,Male_Pennsylvania_62,3/20/2023,TRUE,Festival Norooz,0,1,0
412,963,29,Male,Sugar 1kg,Grocery,3200000,Isfahan,L,Green,Spring,4.4,Yes,Standard,Yes,Yes,26,0,Fortnightly,Male_Michigan_29,3/19/2023,FALSE,,0,0,0
482,964,21,Male,Body Wash,Personal Care,3150000,Shiraz,L,Green,Spring,2.5,Yes,2-Day Shipping,Yes,Yes,14,0,Weekly,Male_South Carolina_21,7/13/2023,TRUE,Summer Sale Iran,0,3,0
683,965,42,Male,Laundry Detergent,Household,2550000,Karaj,M,Beige,Spring,2.6,Yes,Next Day Air,Yes,Yes,12,0,Bi-Weekly,Male_Arizona_42,2/14/2023,FALSE,,0,0,0
811,966,43,Male,Yogurt Bucket,Dairy,2750000,Rasht,L,Black,Spring,5,Yes,Store Pickup,Yes,Yes,10,0,Annually,Male_Delaware_43,3/21/2023,TRUE,Festival Norooz,0,1,1
812,967,58,Male,Mixed Nuts,Snacks,2750000,Sari,M,Brown,Spring,4.9,Yes,Express,Yes,Yes,19,1,Annually,Male_Kentucky_58,11/29/2023,TRUE,Yalda Festival,1,1,0
813,968,27,Male,Rice 10kg,Grocery,1300000,Urmia,S,Silver,Summer,3.7,Yes,Store Pickup,Yes,Yes,4,1,Weekly,Male_Georgia_27,3/29/2023,TRUE,Festival Norooz,1,1,0
31,969,57,Male,Sugar 1kg,Grocery,3350000,Shiraz,L,Gray,Summer,3.1,Yes,Next Day Air,Yes,Yes,48,0,Quarterly,Male_North Carolina_57,3/20/2023,TRUE,Festival Norooz,0,1,2
543,970,40,Male,Baguette,Bakery,1550000,Karaj,S,Pink,Fall,3.2,Yes,Express,Yes,Yes,37,0,Monthly,Male_California_40,10/6/2023,FALSE,,0,0,0
814,971,45,Male,Mineral Water 1.5L,Beverages,3300000,Hamedan,S,Maroon,Winter,4.4,Yes,Free Shipping,Yes,Yes,4,1,Monthly,Male_California_45,7/19/2023,TRUE,Summer Sale Iran,1,1,0
402,972,47,Male,Tea Box,Grocery,3350000,Qom,M,Cyan,Summer,4.3,Yes,Next Day Air,Yes,Yes,15,0,Weekly,Male_Indiana_47,4/24/2023,FALSE,,0,0,0
815,973,61,Male,Sugar 1kg,Grocery,3050000,Rasht,L,Gold,Winter,3,Yes,Standard,Yes,Yes,33,0,Weekly,Male_Colorado_61,11/23/2023,TRUE,Yalda Festival,0,1,0
816,974,60,Male,Milk 1L,Dairy,3750000,Tehran,M,Teal,Fall,3.5,Yes,2-Day Shipping,Yes,Yes,30,0,Quarterly,Male_Colorado_60,6/9/2023,FALSE,,0,0,0
152,975,69,Male,Dishwashing Liquid,Household,4500000,Qom,M,Beige,Spring,3.6,Yes,2-Day Shipping,Yes,Yes,23,0,Monthly,Male_North Carolina_69,12/1/2023,FALSE,,0,0,0
817,976,58,Male,Yogurt Bucket,Dairy,2000000,Bandar Abbas,M,Olive,Summer,3.8,Yes,2-Day Shipping,Yes,Yes,2,0,Weekly,Male_Washington_58,3/30/2023,TRUE,Festival Norooz,0,1,1
579,977,34,Male,Fresh Bread,Bakery,4500000,Sari,M,Gray,Fall,3.6,Yes,Express,Yes,Yes,50,0,Every 3 Months,Male_Florida_34,11/26/2023,TRUE,Yalda Festival,3,3,0
818,978,20,Male,Cola 1.5L,Beverages,1000000,Ahvaz,M,Black,Spring,4.6,Yes,Express,Yes,Yes,34,1,Bi-Weekly,Male_Washington_20,3/24/2023,TRUE,Festival Norooz,0,1,0
819,979,56,Male,Chocolate Bar,Snacks,2000000,Yazd,M,Turquoise,Summer,2.5,Yes,Standard,Yes,Yes,33,0,Weekly,Male_Colorado_56,3/7/2023,FALSE,,0,0,0
624,980,64,Male,Pasta Pack,Grocery,1650000,Sari,S,Brown,Fall,3.5,Yes,Store Pickup,Yes,Yes,34,0,Monthly,Male_New Hampshire_64,8/31/2023,FALSE,,0,0,0
820,981,56,Male,Laundry Detergent,Household,4900000,Tabriz,S,Magenta,Spring,4,Yes,Free Shipping,Yes,Yes,39,0,Every 3 Months,Male_Maryland_56,7/10/2023,TRUE,Summer Sale Iran,0,1,0
821,982,27,Male,Tea Box,Grocery,2100000,Urmia,M,Silver,Spring,3.5,Yes,Next Day Air,Yes,Yes,47,0,Quarterly,Male_Maryland_27,11/28/2023,TRUE,Yalda Festival,0,1,0
822,983,35,Male,Laundry Detergent,Household,3100000,Yazd,S,Red,Summer,3.2,Yes,Standard,Yes,Yes,37,0,Monthly,Male_Texas_35,2/8/2023,FALSE,,0,0,0
823,984,24,Male,Laundry Detergent,Household,2250000,Rasht,L,Indigo,Winter,3.5,Yes,Free Shipping,Yes,Yes,40,0,Bi-Weekly,Male_New Mexico_24,3/25/2023,TRUE,Festival Norooz,0,1,0
824,985,26,Male,Pasta Pack,Grocery,3900000,Karaj,M,Green,Summer,3.4,Yes,Free Shipping,Yes,Yes,8,0,Bi-Weekly,Male_Utah_26,3/25/2023,TRUE,Festival Norooz,0,1,1
540,986,32,Male,Yogurt Bucket,Dairy,4000000,Sari,M,Gray,Fall,5,Yes,Express,Yes,Yes,12,0,Annually,Male_West Virginia_32,6/18/2023,FALSE,,0,0,0
825,987,54,Male,Yogurt Bucket,Dairy,4800000,Yazd,S,Peach,Spring,4.5,Yes,Store Pickup,Yes,Yes,36,0,Monthly,Male_Connecticut_54,3/27/2023,TRUE,Festival Norooz,0,1,1
826,988,62,Male,Shampoo,Personal Care,2350000,Karaj,M,Charcoal,Summer,2.8,Yes,Express,Yes,Yes,48,0,Weekly,Male_West Virginia_62,7/11/2023,TRUE,Summer Sale Iran,0,1,1
827,989,50,Male,Sugar 1kg,Grocery,4200000,Urmia,M,Orange,Winter,4.9,Yes,2-Day Shipping,Yes,Yes,47,0,Fortnightly,Male_Ohio_50,7/20/2023,TRUE,Summer Sale Iran,0,1,0
828,990,70,Male,Potato Chips,Snacks,1550000,Kermanshah,M,Beige,Spring,3.1,Yes,Store Pickup,Yes,Yes,2,0,Monthly,Male_Texas_70,3/26/2023,TRUE,Festival Norooz,0,2,0
520,991,48,Male,Frozen Chicken,Frozen,3150000,Sari,S,Yellow,Spring,4.8,Yes,Store Pickup,Yes,Yes,24,1,Weekly,Male_Washington_48,7/11/2023,TRUE,Summer Sale Iran,1,3,0
829,992,20,Male,Rice 10kg,Grocery,4850000,Kerman,XL,White,Spring,2.7,Yes,Standard,Yes,Yes,40,0,Bi-Weekly,Male_Wisconsin_20,12/12/2023,FALSE,,0,0,0
675,993,46,Male,Tea Box,Grocery,4950000,Isfahan,M,Gray,Winter,4.6,Yes,Express,Yes,Yes,50,0,Weekly,Male_Louisiana_46,11/27/2023,TRUE,Yalda Festival,1,1,0
480,994,51,Male,Shampoo,Personal Care,4500000,Sari,M,Peach,Winter,4.4,Yes,Store Pickup,Yes,Yes,25,1,Weekly,Male_Iowa_51,11/24/2023,TRUE,Yalda Festival,1,1,1
830,995,53,Male,Shampoo,Personal Care,3400000,Kermanshah,L,Violet,Fall,3.2,Yes,Express,Yes,Yes,20,0,Monthly,Male_New York_53,3/23/2023,TRUE,Festival Norooz,0,1,0
831,996,44,Male,Rice 10kg,Grocery,4000000,Sari,M,Magenta,Spring,3,Yes,2-Day Shipping,Yes,Yes,10,0,Weekly,Male_Idaho_44,3/20/2023,TRUE,Festival Norooz,0,1,0
832,997,29,Male,Laundry Detergent,Household,4550000,Bandar Abbas,L,Maroon,Summer,4.9,Yes,Standard,Yes,Yes,32,0,Quarterly,Male_Delaware_29,7/11/2023,TRUE,Summer Sale Iran,0,1,0
324,998,64,Male,Mineral Water 1.5L,Beverages,1500000,Karaj,M,Cyan,Spring,3.6,Yes,Express,Yes,Yes,31,1,Fortnightly,Male_Kentucky_64,9/9/2023,FALSE,,0,0,0
833,999,51,Male,Shampoo,Personal Care,4500000,Kerman,M,White,Spring,3.8,Yes,Next Day Air,Yes,Yes,48,0,Bi-Weekly,Male_Connecticut_51,7/12/2023,TRUE,Summer Sale Iran,1,1,0
834,1000,50,Male,Tea Box,Grocery,1400000,Isfahan,L,Brown,Spring,2.9,Yes,Standard,Yes,Yes,23,0,Monthly,Male_New Mexico_50,7/13/2023,TRUE,Summer Sale Iran,0,1,0
835,1001,43,Male,Body Wash,Personal Care,2300000,Tabriz,M,Red,Winter,3.9,Yes,Express,Yes,Yes,1,0,Bi-Weekly,Male_Georgia_43,5/29/2023,FALSE,,0,0,0
836,1002,61,Male,Shampoo,Personal Care,3000000,Sari,M,Orange,Fall,3.6,Yes,Standard,Yes,Yes,4,0,Fortnightly,Male_Washington_61,11/19/2023,FALSE,,0,0,0
837,1003,55,Male,Orange Juice,Beverages,2950000,Sari,M,White,Spring,3.5,Yes,Store Pickup,Yes,Yes,3,0,Bi-Weekly,Male_North Dakota_55,11/30/2023,TRUE,Yalda Festival,0,1,0
838,1004,56,Male,Potato Chips,Snacks,3400000,Ahvaz,M,Green,Fall,4,Yes,Store Pickup,Yes,Yes,3,1,Bi-Weekly,Male_Ohio_56,3/24/2023,TRUE,Festival Norooz,0,1,0
839,1005,33,Male,Frozen Pizza,Frozen,3950000,Isfahan,M,Black,Summer,4.8,Yes,2-Day Shipping,Yes,Yes,44,1,Annually,Male_Tennessee_33,7/14/2023,TRUE,Summer Sale Iran,0,1,0
840,1006,43,Male,Chocolate Bar,Snacks,4700000,Urmia,M,Gold,Winter,3.9,Yes,Store Pickup,Yes,Yes,5,0,Bi-Weekly,Male_New York_43,2/24/2023,FALSE,,0,0,0
841,1007,21,Male,Mixed Nuts,Snacks,4150000,Tabriz,S,Lavender,Summer,4.5,Yes,Next Day Air,Yes,Yes,50,0,Quarterly,Male_Michigan_21,3/25/2023,TRUE,Festival Norooz,0,1,0
842,1008,58,Male,Cola 1.5L,Beverages,3100000,Sari,XL,Turquoise,Spring,4.8,Yes,Standard,Yes,Yes,2,0,Annually,Male_Georgia_58,11/29/2023,TRUE,Yalda Festival,0,1,0
593,1009,41,Male,Laundry Detergent,Household,4250000,Bandar Abbas,M,Pink,Spring,2.6,Yes,Store Pickup,Yes,Yes,29,0,Annually,Male_New Mexico_41,11/23/2023,TRUE,Yalda Festival,1,1,0
843,1010,39,Male,Laundry Detergent,Household,1500000,Kermanshah,M,Silver,Summer,3.1,Yes,Express,Yes,Yes,11,0,Annually,Male_Louisiana_39,7/2/2023,FALSE,,0,0,0
844,1011,54,Male,Cheddar Cheese,Dairy,1200000,Mashhad,XL,Gray,Spring,4.7,Yes,2-Day Shipping,Yes,Yes,37,0,Fortnightly,Male_South Dakota_54,3/23/2023,TRUE,Festival Norooz,0,1,0
845,1012,43,Male,Orange Juice,Beverages,1250000,Isfahan,L,Indigo,Spring,2.9,Yes,Next Day Air,Yes,Yes,32,0,Fortnightly,Male_Montana_43,11/25/2023,TRUE,Yalda Festival,1,2,0
784,1013,28,Male,Body Wash,Personal Care,1850000,Qom,L,Teal,Summer,3.8,Yes,Express,Yes,Yes,27,0,Annually,Male_New Mexico_28,4/13/2023,FALSE,,0,0,0
193,1014,59,Male,Chocolate Bar,Snacks,3450000,Karaj,XL,Green,Summer,3.8,Yes,2-Day Shipping,Yes,Yes,31,0,Bi-Weekly,Male_South Carolina_59,7/17/2023,TRUE,Summer Sale Iran,1,1,1
846,1015,28,Male,Cola 1.5L,Beverages,4850000,Qazvin,M,Violet,Summer,3,Yes,Standard,Yes,Yes,36,0,Fortnightly,Male_Ohio_28,7/10/2023,TRUE,Summer Sale Iran,1,1,0
847,1016,68,Male,Dishwashing Liquid,Household,1200000,Qom,M,Cyan,Summer,4.1,Yes,Standard,Yes,Yes,34,1,Weekly,Male_North Carolina_68,5/26/2023,FALSE,,0,0,0
848,1017,20,Male,Fresh Bread,Bakery,1500000,Kerman,XL,Blue,Summer,3.4,Yes,Express,Yes,Yes,15,0,Every 3 Months,Male_Idaho_20,4/26/2023,FALSE,,0,0,0
849,1018,21,Male,Potato Chips,Snacks,2650000,Kermanshah,L,Orange,Fall,2.5,Yes,Express,Yes,Yes,14,0,Annually,Male_Oklahoma_21,3/26/2023,TRUE,Festival Norooz,0,1,0
850,1019,50,Male,Paper Towel Pack,Household,3500000,Rasht,XL,Charcoal,Spring,4.9,Yes,Next Day Air,Yes,Yes,46,1,Weekly,Male_Georgia_50,7/17/2023,TRUE,Summer Sale Iran,0,1,0
851,1020,32,Male,Fresh Bread,Bakery,3800000,Arak,S,Beige,Winter,2.8,Yes,Standard,Yes,Yes,33,0,Bi-Weekly,Male_Kentucky_32,7/11/2023,TRUE,Summer Sale Iran,0,1,1
852,1021,24,Male,Laundry Detergent,Household,4750000,Urmia,M,Black,Fall,4.5,Yes,Express,Yes,Yes,41,0,Annually,Male_Delaware_24,4/30/2023,FALSE,,0,0,0
853,1022,55,Male,Fresh Bread,Bakery,2550000,Kerman,S,Lavender,Winter,4.9,Yes,2-Day Shipping,Yes,Yes,39,0,Weekly,Male_Massachusetts_55,11/28/2023,TRUE,Yalda Festival,1,1,0
854,1023,61,Male,Shampoo,Personal Care,2050000,Hamedan,M,Lavender,Winter,4.9,Yes,Store Pickup,Yes,Yes,7,1,Annually,Male_Nebraska_61,11/27/2023,TRUE,Yalda Festival,0,1,0
466,1024,61,Male,Frozen Chicken,Frozen,3550000,Tehran,S,Turquoise,Winter,3.5,Yes,Free Shipping,Yes,Yes,29,0,Every 3 Months,Male_Maine_61,7/7/2023,FALSE,,0,0,0
748,1025,28,Male,Chocolate Bar,Snacks,3300000,Qazvin,M,Purple,Summer,3.5,Yes,Free Shipping,Yes,Yes,18,0,Quarterly,Male_Pennsylvania_28,10/24/2023,FALSE,,0,0,0
855,1026,60,Male,Laundry Detergent,Household,4200000,Karaj,M,Olive,Winter,4.9,Yes,Free Shipping,Yes,Yes,15,0,Annually,Male_Nebraska_60,11/30/2023,TRUE,Yalda Festival,0,1,0
856,1027,49,Male,Baguette,Bakery,4750000,Hamedan,L,Turquoise,Winter,3,Yes,Express,Yes,Yes,39,0,Bi-Weekly,Male_Virginia_49,3/23/2023,TRUE,Festival Norooz,0,2,1
857,1028,33,Male,Sugar 1kg,Grocery,4500000,Rasht,L,Teal,Summer,2.8,Yes,Next Day Air,Yes,Yes,11,1,Monthly,Male_Ohio_33,7/13/2023,TRUE,Summer Sale Iran,0,1,0
858,1029,45,Male,Cheddar Cheese,Dairy,1800000,Shiraz,S,Lavender,Summer,3.7,Yes,Standard,Yes,Yes,4,1,Fortnightly,Male_Nebraska_45,7/19/2023,TRUE,Summer Sale Iran,0,1,0
859,1030,29,Male,Rice 10kg,Grocery,1100000,Qom,M,Purple,Spring,3.6,Yes,2-Day Shipping,Yes,Yes,33,0,Bi-Weekly,Male_Ohio_29,11/29/2023,TRUE,Yalda Festival,1,1,0
812,1031,58,Male,Rice 10kg,Grocery,4450000,Yazd,L,Blue,Winter,3.3,Yes,Next Day Air,Yes,Yes,37,0,Quarterly,Male_Kentucky_58,9/26/2023,FALSE,,0,0,0
860,1032,22,Male,Yogurt Bucket,Dairy,2500000,Bandar Abbas,M,Teal,Spring,3.4,Yes,Free Shipping,Yes,Yes,32,1,Quarterly,Male_Tennessee_22,4/2/2023,FALSE,,0,0,0
861,1033,55,Male,Cheddar Cheese,Dairy,1800000,Kermanshah,M,Lavender,Fall,4,Yes,Free Shipping,Yes,Yes,44,0,Quarterly,Male_Maine_55,7/31/2023,FALSE,,0,0,0
862,1034,19,Male,Frozen Pizza,Frozen,2600000,Hamedan,S,Silver,Spring,4.6,Yes,Free Shipping,Yes,Yes,41,0,Quarterly,Male_Montana_19,3/25/2023,TRUE,Festival Norooz,0,1,1
863,1035,68,Male,Laundry Detergent,Household,1450000,Kermanshah,M,Olive,Fall,4.2,Yes,Next Day Air,Yes,Yes,44,0,Weekly,Male_Maryland_68,7/18/2023,TRUE,Summer Sale Iran,0,1,1
704,1036,61,Male,Baguette,Bakery,4450000,Shiraz,M,Brown,Fall,2.8,Yes,Express,Yes,Yes,32,0,Annually,Male_Georgia_61,7/17/2023,TRUE,Summer Sale Iran,1,1,1
864,1037,68,Male,Sunflower Oil,Grocery,2350000,Mashhad,M,Yellow,Fall,3.7,Yes,2-Day Shipping,Yes,Yes,13,0,Monthly,Male_Hawaii_68,3/26/2023,TRUE,Festival Norooz,0,1,0
865,1038,52,Male,Milk 1L,Dairy,1250000,Mashhad,XL,Brown,Spring,3.4,Yes,Standard,Yes,Yes,48,0,Quarterly,Male_Rhode Island_52,9/19/2023,FALSE,,0,0,0
743,1039,41,Male,Dishwashing Liquid,Household,3700000,Isfahan,XL,Cyan,Fall,3,Yes,Express,Yes,Yes,3,0,Weekly,Male_Nebraska_41,3/25/2023,TRUE,Festival Norooz,0,1,1
412,1040,29,Male,Shampoo,Personal Care,2300000,Qom,M,Magenta,Fall,4.8,Yes,Standard,Yes,Yes,39,0,Monthly,Male_Michigan_29,3/22/2023,TRUE,Festival Norooz,1,1,1
847,1041,68,Male,Tea Box,Grocery,1100000,Karaj,S,Magenta,Fall,4,Yes,Next Day Air,Yes,Yes,7,1,Fortnightly,Male_North Carolina_68,10/4/2023,FALSE,,0,0,0
866,1042,36,Male,Dishwashing Liquid,Household,1250000,Isfahan,M,Orange,Summer,4.9,Yes,Next Day Air,Yes,Yes,11,1,Fortnightly,Male_Minnesota_36,3/28/2023,TRUE,Festival Norooz,0,1,0
867,1043,55,Male,Fresh Bread,Bakery,4000000,Karaj,M,Maroon,Spring,4.9,Yes,Next Day Air,Yes,Yes,47,0,Weekly,Male_Maryland_55,1/30/2023,FALSE,,0,0,0
673,1044,28,Male,Yogurt Bucket,Dairy,3800000,Yazd,M,Green,Spring,3.3,Yes,2-Day Shipping,Yes,Yes,28,0,Fortnightly,Male_Hawaii_28,3/26/2023,TRUE,Festival Norooz,0,2,1
868,1045,39,Male,Milk 1L,Dairy,1500000,Kermanshah,L,Teal,Summer,4.4,Yes,Next Day Air,Yes,Yes,17,0,Every 3 Months,Male_Oregon_39,11/24/2023,TRUE,Yalda Festival,1,1,0
802,1046,54,Male,Cheddar Cheese,Dairy,3950000,Ahvaz,L,Black,Fall,3.5,Yes,2-Day Shipping,Yes,Yes,11,0,Bi-Weekly,Male_New Mexico_54,7/18/2023,TRUE,Summer Sale Iran,1,1,2
869,1047,40,Male,Toothpaste,Personal Care,1100000,Rasht,M,Magenta,Winter,4.2,Yes,Standard,Yes,Yes,12,0,Annually,Male_Illinois_40,7/14/2023,TRUE,Summer Sale Iran,1,1,1
870,1048,31,Male,Mineral Water 1.5L,Beverages,1800000,Yazd,S,Olive,Fall,4.2,Yes,Standard,Yes,Yes,7,0,Fortnightly,Male_Utah_31,7/14/2023,TRUE,Summer Sale Iran,1,1,0
871,1049,30,Male,Pasta Pack,Grocery,3850000,Urmia,L,Yellow,Fall,2.7,Yes,Standard,Yes,Yes,19,0,Fortnightly,Male_Maine_30,3/20/2023,TRUE,Festival Norooz,0,1,0
872,1050,45,Male,Dishwashing Liquid,Household,1650000,Hamedan,S,Purple,Fall,2.8,Yes,Store Pickup,Yes,Yes,24,1,Quarterly,Male_Virginia_45,7/1/2023,FALSE,,0,0,0
312,1051,48,Male,Tea Box,Grocery,3200000,Sari,M,Beige,Winter,3.8,Yes,Next Day Air,Yes,Yes,19,0,Monthly,Male_Florida_48,7/31/2023,FALSE,,0,0,0
873,1052,45,Male,Orange Juice,Beverages,2650000,Rasht,M,Indigo,Fall,2.6,Yes,Free Shipping,Yes,Yes,39,0,Annually,Male_Ohio_45,11/30/2023,TRUE,Yalda Festival,0,1,0
874,1053,60,Male,Chocolate Bar,Snacks,1800000,Tabriz,XL,Pink,Fall,3,Yes,2-Day Shipping,Yes,Yes,1,0,Fortnightly,Male_Virginia_60,7/13/2023,TRUE,Summer Sale Iran,0,1,1
875,1054,59,Male,Rice 10kg,Grocery,3500000,Kerman,M,Blue,Spring,3.3,No,2-Day Shipping,Yes,Yes,10,0,Bi-Weekly,Male_Kansas_59,7/19/2023,TRUE,Summer Sale Iran,0,1,0
336,1055,18,Male,Baguette,Bakery,4800000,Mashhad,L,Cyan,Winter,4.9,No,Express,Yes,Yes,48,0,Quarterly,Male_Arkansas_18,3/19/2023,FALSE,,0,0,0
114,1056,70,Male,Frozen Chicken,Frozen,1350000,Karaj,M,Orange,Spring,3.3,No,Next Day Air,Yes,Yes,24,0,Annually,Male_Massachusetts_70,7/12/2023,TRUE,Summer Sale Iran,2,1,1
848,1057,20,Male,Sunflower Oil,Grocery,3200000,Rasht,L,Black,Winter,2.9,No,2-Day Shipping,Yes,Yes,42,0,Fortnightly,Male_Idaho_20,1/9/2023,FALSE,,0,0,0
876,1058,65,Male,Orange Juice,Beverages,1150000,Ahvaz,S,Maroon,Spring,4.4,No,2-Day Shipping,Yes,Yes,20,0,Weekly,Male_Wisconsin_65,7/10/2023,TRUE,Summer Sale Iran,0,1,0
877,1059,29,Male,Mixed Nuts,Snacks,1650000,Kermanshah,L,Violet,Summer,3.1,No,Next Day Air,Yes,Yes,49,0,Every 3 Months,Male_New Mexico_29,7/19/2023,TRUE,Summer Sale Iran,0,1,0
878,1060,22,Male,Pasta Pack,Grocery,1700000,Yazd,M,Beige,Winter,2.5,No,Standard,Yes,Yes,25,0,Monthly,Male_North Carolina_22,1/17/2023,FALSE,,0,0,0
255,1061,27,Male,Dishwashing Liquid,Household,1750000,Tabriz,S,Gray,Summer,2.6,No,Next Day Air,Yes,Yes,21,0,Every 3 Months,Male_Iowa_27,3/23/2023,TRUE,Festival Norooz,1,1,0
803,1062,36,Male,Paper Towel Pack,Household,3100000,Urmia,M,Gray,Summer,4.4,No,Free Shipping,Yes,Yes,12,0,Every 3 Months,Male_Idaho_36,4/29/2023,FALSE,,0,0,0
879,1063,59,Male,Pasta Pack,Grocery,3750000,Isfahan,M,Brown,Fall,2.6,No,Next Day Air,Yes,Yes,21,0,Every 3 Months,Male_Ohio_59,3/21/2023,TRUE,Festival Norooz,0,1,0
880,1064,62,Male,Dishwashing Liquid,Household,1450000,Isfahan,S,Indigo,Summer,3.3,No,Free Shipping,Yes,Yes,35,1,Monthly,Male_Alabama_62,9/26/2023,FALSE,,0,0,0
881,1065,34,Male,Milk 1L,Dairy,1400000,Tehran,M,Violet,Spring,3.5,No,Express,Yes,Yes,42,0,Every 3 Months,Male_Wyoming_34,7/15/2023,TRUE,Summer Sale Iran,0,1,0
882,1066,59,Male,Rice 10kg,Grocery,1000000,Rasht,XL,Blue,Spring,4.1,No,Store Pickup,Yes,Yes,3,0,Every 3 Months,Male_Alabama_59,7/20/2023,TRUE,Summer Sale Iran,1,1,0
883,1067,49,Male,Sugar 1kg,Grocery,4800000,Urmia,M,Red,Winter,4,No,Store Pickup,Yes,Yes,11,0,Bi-Weekly,Male_Mississippi_49,7/23/2023,FALSE,,0,0,0
884,1068,18,Male,Chocolate Bar,Snacks,2150000,Kerman,S,Peach,Summer,2.7,No,2-Day Shipping,Yes,Yes,22,0,Quarterly,Male_Pennsylvania_18,7/16/2023,TRUE,Summer Sale Iran,0,2,0
669,1069,55,Male,Frozen Chicken,Frozen,4700000,Urmia,M,Olive,Fall,2.5,No,Standard,Yes,Yes,47,0,Weekly,Male_Wyoming_55,1/14/2023,FALSE,,0,0,0
885,1070,38,Male,Mineral Water 1.5L,Beverages,4050000,Isfahan,XL,White,Fall,4.3,No,Next Day Air,Yes,Yes,33,0,Every 3 Months,Male_Maryland_38,7/24/2023,FALSE,,0,0,0
424,1071,50,Male,Milk 1L,Dairy,3750000,Arak,M,Magenta,Summer,3.3,No,Free Shipping,Yes,Yes,50,0,Weekly,Male_North Carolina_50,4/12/2023,FALSE,,0,0,0
548,1072,61,Male,Paper Towel Pack,Household,4050000,Tabriz,M,Beige,Summer,2.6,No,Express,Yes,Yes,46,0,Monthly,Male_Pennsylvania_61,7/10/2023,TRUE,Summer Sale Iran,0,1,1
886,1073,48,Male,Frozen Pizza,Frozen,4600000,Qom,L,Gold,Fall,3.5,No,Express,Yes,Yes,34,0,Fortnightly,Male_Idaho_48,7/10/2023,TRUE,Summer Sale Iran,0,2,0
887,1074,22,Male,Potato Chips,Snacks,4800000,Rasht,XL,Purple,Spring,4,No,Store Pickup,Yes,Yes,33,0,Monthly,Male_California_22,1/4/2023,FALSE,,0,0,0
70,1075,48,Male,Pasta Pack,Grocery,3550000,Mashhad,S,White,Fall,2.6,No,Standard,Yes,Yes,45,0,Fortnightly,Male_Tennessee_48,7/18/2023,TRUE,Summer Sale Iran,1,2,0
10,1076,57,Male,Milk 1L,Dairy,2500000,Ahvaz,L,Indigo,Summer,4.9,No,Next Day Air,Yes,Yes,32,0,Bi-Weekly,Male_Missouri_57,3/26/2023,TRUE,Festival Norooz,0,1,1
260,1077,33,Male,Cheddar Cheese,Dairy,3600000,Yazd,L,Charcoal,Spring,2.9,No,Standard,Yes,Yes,47,0,Bi-Weekly,Male_North Dakota_33,7/14/2023,TRUE,Summer Sale Iran,1,1,0
304,1078,58,Male,Mixed Nuts,Snacks,1400000,Arak,M,Pink,Winter,3.7,No,Standard,Yes,Yes,5,0,Quarterly,Male_West Virginia_58,11/21/2023,TRUE,Yalda Festival,1,1,0
330,1079,37,Male,Frozen Chicken,Frozen,2950000,Kerman,M,Silver,Fall,4.4,No,Express,Yes,Yes,49,0,Fortnightly,Male_Arizona_37,7/20/2023,TRUE,Summer Sale Iran,2,1,0
888,1080,18,Male,Frozen Pizza,Frozen,1650000,Ahvaz,S,Blue,Summer,4.4,No,Free Shipping,Yes,Yes,48,0,Monthly,Male_Oklahoma_18,11/22/2023,TRUE,Yalda Festival,0,1,0
717,1081,65,Male,Potato Chips,Snacks,2950000,Rasht,L,Blue,Fall,3.8,No,Express,Yes,Yes,22,1,Every 3 Months,Male_Pennsylvania_65,3/24/2023,TRUE,Festival Norooz,0,1,1
409,1082,62,Male,Potato Chips,Snacks,1500000,Isfahan,XL,Brown,Spring,4.5,No,Standard,Yes,Yes,45,0,Annually,Male_Idaho_62,4/14/2023,FALSE,,0,0,0
889,1083,54,Male,Dishwashing Liquid,Household,4250000,Urmia,XL,Cyan,Winter,2.6,No,Next Day Air,Yes,Yes,30,0,Quarterly,Male_South Carolina_54,3/22/2023,TRUE,Festival Norooz,0,1,1
890,1084,35,Male,Paper Towel Pack,Household,4850000,Tabriz,L,Teal,Summer,3.3,No,Store Pickup,Yes,Yes,43,1,Weekly,Male_Washington_35,7/15/2023,TRUE,Summer Sale Iran,0,1,0
891,1085,34,Male,Baguette,Bakery,1800000,Qazvin,S,Purple,Fall,4.1,No,Next Day Air,Yes,Yes,48,1,Quarterly,Male_Arkansas_34,3/25/2023,TRUE,Festival Norooz,0,1,0
892,1086,25,Male,Shampoo,Personal Care,4250000,Kerman,M,Turquoise,Winter,3,No,Store Pickup,Yes,Yes,23,0,Fortnightly,Male_Utah_25,3/13/2023,FALSE,,0,0,0
242,1087,53,Male,Laundry Detergent,Household,3100000,Yazd,M,Olive,Winter,3,No,Free Shipping,Yes,Yes,27,0,Bi-Weekly,Male_Alaska_53,11/26/2023,TRUE,Yalda Festival,2,1,0
893,1088,45,Male,Orange Juice,Beverages,3550000,Yazd,S,White,Winter,3.4,No,Next Day Air,Yes,Yes,7,0,Monthly,Male_West Virginia_45,2/22/2023,FALSE,,0,0,0
894,1089,49,Male,Shampoo,Personal Care,1050000,Kerman,M,Turquoise,Winter,2.7,No,Free Shipping,Yes,Yes,2,0,Weekly,Male_Louisiana_49,7/20/2023,TRUE,Summer Sale Iran,1,1,0
895,1090,40,Male,Rice 10kg,Grocery,3050000,Kerman,M,Silver,Spring,3.8,No,Next Day Air,Yes,Yes,33,0,Bi-Weekly,Male_Arizona_40,3/23/2023,TRUE,Festival Norooz,0,2,0
896,1091,38,Male,Potato Chips,Snacks,2900000,Tehran,M,Violet,Spring,4.2,No,Store Pickup,Yes,Yes,27,1,Fortnightly,Male_Connecticut_38,3/31/2023,TRUE,Festival Norooz,0,1,1
897,1092,44,Male,Sugar 1kg,Grocery,4000000,Bandar Abbas,L,Lavender,Spring,4.7,No,Store Pickup,Yes,Yes,6,0,Fortnightly,Male_North Carolina_44,3/26/2023,TRUE,Festival Norooz,0,1,0
898,1093,68,Male,Frozen Pizza,Frozen,2500000,Ahvaz,L,Magenta,Spring,4.1,No,2-Day Shipping,Yes,Yes,20,0,Quarterly,Male_South Dakota_68,3/25/2023,TRUE,Festival Norooz,0,1,0
899,1094,60,Male,Toothpaste,Personal Care,2400000,Shiraz,S,Indigo,Winter,4.2,No,2-Day Shipping,Yes,Yes,46,0,Every 3 Months,Male_Delaware_60,10/24/2023,FALSE,,0,0,0
157,1095,25,Male,Sunflower Oil,Grocery,2000000,Karaj,M,Black,Winter,4.8,No,Next Day Air,Yes,Yes,25,1,Quarterly,Male_Connecticut_25,10/15/2023,FALSE,,0,0,0
900,1096,19,Male,Pasta Pack,Grocery,1700000,Yazd,S,Peach,Summer,3,No,Free Shipping,Yes,Yes,30,0,Quarterly,Male_Tennessee_19,3/27/2023,TRUE,Festival Norooz,0,1,0
901,1097,57,Male,Yogurt Bucket,Dairy,2300000,Mashhad,S,Beige,Fall,2.6,No,Standard,Yes,Yes,48,0,Annually,Male_New Hampshire_57,3/30/2023,TRUE,Festival Norooz,0,1,2
902,1098,58,Male,Potato Chips,Snacks,1350000,Kerman,M,Black,Summer,3.2,No,Store Pickup,Yes,Yes,47,0,Weekly,Male_Vermont_58,11/22/2023,TRUE,Yalda Festival,0,1,0
903,1099,49,Male,Mixed Nuts,Snacks,4900000,Bandar Abbas,S,Turquoise,Spring,3.6,No,Next Day Air,Yes,Yes,27,0,Weekly,Male_Idaho_49,11/24/2023,TRUE,Yalda Festival,0,1,0
904,1100,19,Male,Toothpaste,Personal Care,3650000,Sari,M,Peach,Fall,2.6,No,Next Day Air,Yes,Yes,45,0,Fortnightly,Male_North Carolina_19,3/27/2023,TRUE,Festival Norooz,0,2,0
905,1101,50,Male,Shampoo,Personal Care,1400000,Sari,L,Gold,Spring,4.4,No,Express,Yes,Yes,2,0,Weekly,Male_Nevada_50,3/21/2023,TRUE,Festival Norooz,0,1,1
535,1102,30,Male,Sunflower Oil,Grocery,3800000,Shiraz,XL,Silver,Fall,3,No,Free Shipping,Yes,Yes,39,1,Fortnightly,Male_Delaware_30,3/26/2023,TRUE,Festival Norooz,0,1,1
906,1103,52,Male,Sugar 1kg,Grocery,4150000,Karaj,M,Peach,Fall,2.9,No,Express,Yes,Yes,24,1,Fortnightly,Male_Texas_52,11/20/2023,TRUE,Yalda Festival,1,1,0
907,1104,35,Male,Potato Chips,Snacks,1150000,Hamedan,S,Charcoal,Spring,4.3,No,Free Shipping,Yes,Yes,8,0,Bi-Weekly,Male_Tennessee_35,9/11/2023,FALSE,,0,0,0
378,1105,35,Male,Chocolate Bar,Snacks,1400000,Ahvaz,M,Beige,Fall,3.1,No,Express,Yes,Yes,8,0,Quarterly,Male_Delaware_35,7/18/2023,TRUE,Summer Sale Iran,0,1,1
908,1106,33,Male,Shampoo,Personal Care,4150000,Rasht,S,Olive,Spring,3,No,Next Day Air,Yes,Yes,6,0,Every 3 Months,Male_Massachusetts_33,1/10/2023,FALSE,,0,0,0
909,1107,52,Male,Shampoo,Personal Care,4800000,Urmia,L,Violet,Winter,3.6,No,Store Pickup,Yes,Yes,12,0,Fortnightly,Male_Minnesota_52,12/28/2023,FALSE,,0,0,0
910,1108,69,Male,Body Wash,Personal Care,3100000,Kermanshah,M,Peach,Fall,2.8,No,Store Pickup,Yes,Yes,26,0,Weekly,Male_Texas_69,3/23/2023,TRUE,Festival Norooz,0,1,0
276,1109,27,Male,Mineral Water 1.5L,Beverages,1250000,Karaj,M,Teal,Fall,2.8,No,Standard,Yes,Yes,50,1,Fortnightly,Male_Nebraska_27,11/21/2023,TRUE,Yalda Festival,1,3,0
911,1110,66,Male,Frozen Chicken,Frozen,4850000,Qom,L,Violet,Winter,4.9,No,Next Day Air,Yes,Yes,2,0,Weekly,Male_Oklahoma_66,6/17/2023,FALSE,,0,0,0
912,1111,28,Male,Dishwashing Liquid,Household,3050000,Qom,L,Cyan,Fall,3,No,Standard,Yes,Yes,31,1,Bi-Weekly,Male_Texas_28,11/24/2023,TRUE,Yalda Festival,1,1,0
913,1112,22,Male,Orange Juice,Beverages,3300000,Shiraz,S,Olive,Summer,4.1,No,Next Day Air,Yes,Yes,4,0,Bi-Weekly,Male_New York_22,11/22/2023,TRUE,Yalda Festival,1,1,0
914,1113,69,Male,Body Wash,Personal Care,3350000,Bandar Abbas,XL,Pink,Spring,4.6,No,Free Shipping,Yes,Yes,32,0,Quarterly,Male_Washington_69,1/21/2023,FALSE,,0,0,0
108,1114,28,Male,Cheddar Cheese,Dairy,4000000,Tabriz,M,Purple,Summer,4.8,No,Next Day Air,Yes,Yes,11,0,Bi-Weekly,Male_Maryland_28,3/23/2023,TRUE,Festival Norooz,1,1,1
105,1115,55,Male,Rice 10kg,Grocery,1250000,Tehran,L,Violet,Fall,2.6,No,Next Day Air,Yes,Yes,47,0,Every 3 Months,Male_New Hampshire_55,3/26/2023,TRUE,Festival Norooz,1,1,1
915,1116,30,Male,Frozen Chicken,Frozen,2900000,Mashhad,S,Peach,Fall,4,No,2-Day Shipping,Yes,Yes,37,1,Weekly,Male_New York_30,5/28/2023,FALSE,,0,0,0
199,1117,67,Male,Laundry Detergent,Household,4800000,Karaj,M,Charcoal,Winter,4.2,No,Express,Yes,Yes,39,0,Fortnightly,Male_Hawaii_67,3/27/2023,TRUE,Festival Norooz,0,2,1
526,1118,25,Male,Dishwashing Liquid,Household,3850000,Ahvaz,L,Lavender,Spring,4.5,No,Store Pickup,Yes,Yes,24,0,Monthly,Male_California_25,10/31/2023,FALSE,,0,0,0
75,1119,49,Male,Laundry Detergent,Household,3250000,Karaj,M,Purple,Summer,4.9,No,Standard,Yes,Yes,11,0,Every 3 Months,Male_Indiana_49,10/21/2023,FALSE,,0,0,0
167,1120,34,Male,Pasta Pack,Grocery,1800000,Arak,M,Indigo,Spring,3.1,No,Standard,Yes,Yes,36,0,Weekly,Male_Louisiana_34,3/30/2023,TRUE,Festival Norooz,0,1,2
916,1121,22,Male,Milk 1L,Dairy,4200000,Qom,M,Magenta,Winter,4,No,Next Day Air,Yes,Yes,40,0,Monthly,Male_Pennsylvania_22,1/7/2023,FALSE,,0,0,0
503,1122,63,Male,Orange Juice,Beverages,2900000,Rasht,XL,Peach,Fall,3.2,No,Express,Yes,Yes,25,1,Quarterly,Male_Florida_63,3/24/2023,TRUE,Festival Norooz,0,1,1
917,1123,70,Male,Shampoo,Personal Care,3100000,Sari,S,Charcoal,Spring,4.3,No,2-Day Shipping,Yes,Yes,12,0,Annually,Male_North Carolina_70,12/19/2023,FALSE,,0,0,0
918,1124,36,Male,Toothpaste,Personal Care,3350000,Rasht,S,Purple,Fall,2.5,No,Store Pickup,Yes,Yes,38,1,Monthly,Male_Massachusetts_36,1/30/2023,FALSE,,0,0,0
415,1125,42,Male,Sunflower Oil,Grocery,1000000,Qazvin,M,Orange,Spring,4.9,No,Express,Yes,Yes,40,1,Quarterly,Male_Iowa_42,3/25/2023,TRUE,Festival Norooz,0,1,2
102,1126,27,Male,Pasta Pack,Grocery,4500000,Bandar Abbas,M,Lavender,Summer,2.7,No,2-Day Shipping,Yes,Yes,10,0,Weekly,Male_North Dakota_27,3/29/2023,TRUE,Festival Norooz,1,1,0
919,1127,23,Male,Milk 1L,Dairy,2900000,Qom,L,Beige,Winter,3.4,No,Standard,Yes,Yes,47,0,Fortnightly,Male_Iowa_23,10/28/2023,FALSE,,0,0,0
77,1128,50,Male,Frozen Pizza,Frozen,2650000,Rasht,XL,Maroon,Spring,4.8,No,Store Pickup,Yes,Yes,22,0,Monthly,Male_Delaware_50,5/3/2023,FALSE,,0,0,0
111,1129,56,Male,Cheddar Cheese,Dairy,1500000,Hamedan,L,Charcoal,Winter,4.7,No,Next Day Air,Yes,Yes,35,0,Monthly,Male_New York_56,3/22/2023,TRUE,Festival Norooz,0,1,2
633,1130,37,Male,Cola 1.5L,Beverages,3250000,Urmia,XL,White,Winter,4.7,No,Express,Yes,Yes,46,0,Fortnightly,Male_New Hampshire_37,11/20/2023,TRUE,Yalda Festival,1,1,0
920,1131,67,Male,Tea Box,Grocery,2050000,Yazd,M,Lavender,Summer,3.9,No,Standard,Yes,Yes,30,0,Bi-Weekly,Male_Kentucky_67,11/2/2023,FALSE,,0,0,0
647,1132,67,Male,Chocolate Bar,Snacks,3650000,Isfahan,M,Black,Spring,3.7,No,Express,Yes,Yes,20,0,Monthly,Male_Illinois_67,3/21/2023,TRUE,Festival Norooz,0,1,2
424,1133,50,Male,Chocolate Bar,Snacks,4900000,Rasht,S,Teal,Spring,4.3,No,Store Pickup,Yes,Yes,25,1,Fortnightly,Male_North Carolina_50,8/11/2023,FALSE,,0,0,0
921,1134,36,Male,Sunflower Oil,Grocery,1800000,Urmia,XL,Magenta,Winter,4.1,No,2-Day Shipping,Yes,Yes,29,1,Weekly,Male_Connecticut_36,3/29/2023,TRUE,Festival Norooz,0,1,0
922,1135,62,Male,Sunflower Oil,Grocery,4050000,Sari,M,Brown,Summer,4.6,No,Express,Yes,Yes,2,0,Every 3 Months,Male_Wisconsin_62,12/27/2023,FALSE,,0,0,0
923,1136,65,Male,Toothpaste,Personal Care,4500000,Kermanshah,L,Peach,Winter,3.6,No,2-Day Shipping,Yes,Yes,32,0,Quarterly,Male_Massachusetts_65,3/27/2023,TRUE,Festival Norooz,0,1,1
924,1137,23,Male,Pasta Pack,Grocery,4150000,Shiraz,S,Cyan,Summer,4.8,No,Free Shipping,Yes,Yes,37,1,Monthly,Male_Illinois_23,11/22/2023,TRUE,Yalda Festival,0,1,0
925,1138,46,Male,Yogurt Bucket,Dairy,4550000,Hamedan,XL,Pink,Winter,2.8,No,2-Day Shipping,Yes,Yes,16,0,Every 3 Months,Male_New Mexico_46,7/11/2023,TRUE,Summer Sale Iran,0,1,0
926,1139,18,Male,Fresh Bread,Bakery,1800000,Tabriz,M,Purple,Summer,4.7,No,Express,Yes,Yes,32,0,Fortnightly,Male_Iowa_18,5/2/2023,FALSE,,0,0,0
110,1140,58,Male,Cheddar Cheese,Dairy,2650000,Kerman,L,Purple,Spring,3.9,No,Standard,Yes,Yes,42,0,Bi-Weekly,Male_Alabama_58,11/23/2023,TRUE,Yalda Festival,2,1,0
927,1141,31,Male,Orange Juice,Beverages,1950000,Mashhad,M,White,Winter,2.6,No,Store Pickup,Yes,Yes,6,0,Every 3 Months,Male_Maryland_31,11/21/2023,TRUE,Yalda Festival,0,1,0
654,1142,39,Male,Tea Box,Grocery,1650000,Qazvin,S,Silver,Winter,4.7,No,Next Day Air,Yes,Yes,23,0,Fortnightly,Male_Ohio_39,9/22/2023,FALSE,,0,0,0
352,1143,69,Male,Chocolate Bar,Snacks,3800000,Kerman,L,Green,Spring,3.5,No,Store Pickup,Yes,Yes,27,0,Bi-Weekly,Male_Ohio_69,6/29/2023,FALSE,,0,0,0
928,1144,68,Male,Sugar 1kg,Grocery,1150000,Kerman,L,Teal,Winter,4.4,No,Standard,Yes,Yes,43,0,Quarterly,Male_Nevada_68,10/23/2023,FALSE,,0,0,0
379,1145,41,Male,Baguette,Bakery,2700000,Isfahan,S,Indigo,Fall,4.4,No,2-Day Shipping,Yes,Yes,25,0,Fortnightly,Male_South Carolina_41,7/20/2023,TRUE,Summer Sale Iran,0,2,1
929,1146,31,Male,Fresh Bread,Bakery,4450000,Hamedan,L,Pink,Summer,3,No,Express,Yes,Yes,30,1,Every 3 Months,Male_Nevada_31,11/28/2023,TRUE,Yalda Festival,0,1,0
930,1147,48,Male,Frozen Chicken,Frozen,1900000,Shiraz,M,Indigo,Summer,4.2,No,Standard,Yes,Yes,7,0,Every 3 Months,Male_Wisconsin_48,3/4/2023,FALSE,,0,0,0
931,1148,59,Male,Cola 1.5L,Beverages,1800000,Yazd,XL,Red,Winter,4.3,No,Next Day Air,Yes,Yes,17,0,Annually,Male_Tennessee_59,10/2/2023,FALSE,,0,0,0
579,1149,34,Male,Orange Juice,Beverages,3300000,Qazvin,M,Violet,Spring,2.6,No,Store Pickup,Yes,Yes,10,0,Fortnightly,Male_Florida_34,6/5/2023,FALSE,,0,0,0
932,1150,21,Male,Body Wash,Personal Care,2100000,Hamedan,L,Cyan,Spring,3.3,No,Store Pickup,Yes,Yes,40,0,Annually,Male_Georgia_21,12/1/2023,FALSE,,0,0,0
275,1151,29,Male,Body Wash,Personal Care,1800000,Yazd,S,Red,Winter,2.7,No,Next Day Air,Yes,Yes,50,0,Bi-Weekly,Male_Kentucky_29,9/19/2023,FALSE,,0,0,0
749,1152,41,Male,Chocolate Bar,Snacks,4300000,Tehran,M,Gray,Spring,4.2,No,Express,Yes,Yes,24,0,Weekly,Male_Ohio_41,7/15/2023,TRUE,Summer Sale Iran,1,1,1
933,1153,62,Male,Laundry Detergent,Household,2450000,Sari,M,Gold,Fall,4,No,Standard,Yes,Yes,8,0,Every 3 Months,Male_Connecticut_62,7/14/2023,TRUE,Summer Sale Iran,1,1,0
934,1154,27,Male,Yogurt Bucket,Dairy,2050000,Sari,M,Pink,Summer,4,No,Free Shipping,Yes,Yes,6,0,Quarterly,Male_Idaho_27,5/11/2023,FALSE,,0,0,0
935,1155,49,Male,Mixed Nuts,Snacks,4100000,Tabriz,L,Cyan,Spring,2.9,No,2-Day Shipping,Yes,Yes,44,0,Bi-Weekly,Male_Georgia_49,2/24/2023,FALSE,,0,0,0
936,1156,67,Male,Laundry Detergent,Household,2650000,Sari,S,Red,Fall,2.6,No,Express,Yes,Yes,47,0,Quarterly,Male_Tennessee_67,7/16/2023,TRUE,Summer Sale Iran,1,1,0
937,1157,20,Male,Cola 1.5L,Beverages,1050000,Ahvaz,M,Gold,Summer,4.8,No,Express,Yes,Yes,6,0,Every 3 Months,Male_Hawaii_20,11/21/2023,TRUE,Yalda Festival,0,2,0
938,1158,37,Male,Orange Juice,Beverages,3300000,Tabriz,M,Charcoal,Fall,4.4,No,Standard,Yes,Yes,11,1,Quarterly,Male_Maryland_37,7/25/2023,FALSE,,0,0,0
939,1159,69,Male,Sunflower Oil,Grocery,4450000,Ahvaz,L,Orange,Summer,4,No,2-Day Shipping,Yes,Yes,41,0,Annually,Male_Nevada_69,4/13/2023,FALSE,,0,0,0
940,1160,66,Male,Frozen Chicken,Frozen,2750000,Shiraz,L,Blue,Fall,3.6,No,2-Day Shipping,Yes,Yes,46,0,Every 3 Months,Male_New Hampshire_66,7/11/2023,TRUE,Summer Sale Iran,0,1,0
742,1161,37,Male,Baguette,Bakery,2100000,Sari,S,Blue,Summer,3.2,No,Next Day Air,Yes,Yes,9,0,Bi-Weekly,Male_North Dakota_37,5/12/2023,FALSE,,0,0,0
941,1162,63,Male,Tea Box,Grocery,2600000,Mashhad,S,Orange,Fall,3.1,No,2-Day Shipping,Yes,Yes,37,0,Monthly,Male_Oklahoma_63,5/11/2023,FALSE,,0,0,0
942,1163,47,Male,Shampoo,Personal Care,4600000,Sari,M,Blue,Winter,4.2,No,Express,Yes,Yes,13,0,Weekly,Male_North Carolina_47,3/30/2023,TRUE,Festival Norooz,0,1,0
943,1164,26,Male,Paper Towel Pack,Household,2800000,Isfahan,L,White,Summer,3,No,2-Day Shipping,Yes,Yes,24,0,Monthly,Male_Tennessee_26,11/26/2023,TRUE,Yalda Festival,0,1,0
944,1165,68,Male,Frozen Chicken,Frozen,4800000,Karaj,M,Green,Winter,4.2,No,Standard,Yes,Yes,47,0,Quarterly,Male_Montana_68,5/3/2023,FALSE,,0,0,0
945,1166,51,Male,Frozen Chicken,Frozen,3200000,Urmia,M,Silver,Winter,2.9,No,Next Day Air,Yes,Yes,21,0,Every 3 Months,Male_Wisconsin_51,3/24/2023,TRUE,Festival Norooz,0,1,1
946,1167,48,Male,Sunflower Oil,Grocery,2400000,Sari,S,Lavender,Winter,3.7,No,Store Pickup,Yes,Yes,22,0,Fortnightly,Male_Connecticut_48,3/25/2023,TRUE,Festival Norooz,0,1,0
947,1168,60,Male,Cheddar Cheese,Dairy,4150000,Mashhad,XL,Beige,Summer,3.6,No,Free Shipping,Yes,Yes,16,0,Quarterly,Male_New Jersey_60,11/26/2023,TRUE,Yalda Festival,0,1,0
948,1169,68,Male,Yogurt Bucket,Dairy,4550000,Shiraz,L,Violet,Summer,3.6,No,Standard,Yes,Yes,37,0,Fortnightly,Male_Mississippi_68,7/17/2023,TRUE,Summer Sale Iran,0,2,0
949,1170,25,Male,Sunflower Oil,Grocery,4700000,Tehran,S,Gray,Fall,4.5,No,2-Day Shipping,Yes,Yes,3,1,Annually,Male_Wyoming_25,3/31/2023,TRUE,Festival Norooz,0,1,1
950,1171,57,Male,Milk 1L,Dairy,3100000,Kerman,S,Red,Spring,3.2,No,Express,Yes,Yes,33,1,Bi-Weekly,Male_Illinois_57,4/2/2023,FALSE,,0,0,0
951,1172,41,Male,Sunflower Oil,Grocery,2750000,Tabriz,M,Lavender,Spring,3.9,No,Next Day Air,Yes,Yes,15,0,Annually,Male_Louisiana_41,5/26/2023,FALSE,,0,0,0
349,1173,59,Male,Shampoo,Personal Care,3400000,Kerman,L,Peach,Spring,4.6,No,Store Pickup,Yes,Yes,42,0,Bi-Weekly,Male_Oregon_59,3/31/2023,TRUE,Festival Norooz,0,1,2
952,1174,44,Male,Paper Towel Pack,Household,3800000,Yazd,M,Indigo,Winter,2.5,No,Express,Yes,Yes,42,1,Bi-Weekly,Male_South Dakota_44,3/27/2023,TRUE,Festival Norooz,0,1,1
953,1175,42,Male,Orange Juice,Beverages,1550000,Ahvaz,M,Black,Winter,4.3,No,Express,Yes,Yes,19,0,Bi-Weekly,Male_Michigan_42,1/7/2023,FALSE,,0,0,0
954,1176,35,Male,Body Wash,Personal Care,4050000,Isfahan,M,Beige,Spring,4.1,No,Store Pickup,Yes,Yes,26,0,Quarterly,Male_New Jersey_35,7/15/2023,TRUE,Summer Sale Iran,0,1,0
328,1177,36,Male,Baguette,Bakery,4150000,Qom,M,Red,Winter,4.6,No,Free Shipping,Yes,Yes,39,0,Quarterly,Male_Oregon_36,11/22/2023,TRUE,Yalda Festival,1,2,0
955,1178,54,Male,Potato Chips,Snacks,1050000,Qom,M,Black,Spring,4.8,No,Standard,Yes,Yes,24,0,Monthly,Male_Iowa_54,2/21/2023,FALSE,,0,0,0
956,1179,37,Male,Baguette,Bakery,1100000,Kermanshah,M,Teal,Spring,4.9,No,Express,Yes,Yes,23,0,Annually,Male_South Carolina_37,3/25/2023,TRUE,Festival Norooz,0,1,0
957,1180,20,Male,Toothpaste,Personal Care,1650000,Ahvaz,M,Blue,Summer,2.8,No,Free Shipping,Yes,Yes,44,0,Annually,Male_Indiana_20,11/23/2023,TRUE,Yalda Festival,0,1,0
958,1181,23,Male,Yogurt Bucket,Dairy,1150000,Qazvin,S,Beige,Spring,4.9,No,Standard,Yes,Yes,34,1,Monthly,Male_Oregon_23,3/6/2023,FALSE,,0,0,0
959,1182,61,Male,Baguette,Bakery,4800000,Bandar Abbas,L,Teal,Summer,3.5,No,Free Shipping,Yes,Yes,43,0,Quarterly,Male_New York_61,7/16/2023,TRUE,Summer Sale Iran,0,1,0
960,1183,37,Male,Cola 1.5L,Beverages,1050000,Isfahan,M,Maroon,Spring,3.8,No,Express,Yes,Yes,45,0,Quarterly,Male_New Mexico_37,11/29/2023,TRUE,Yalda Festival,0,1,0
961,1184,23,Male,Orange Juice,Beverages,1950000,Kermanshah,M,Yellow,Spring,4.5,No,2-Day Shipping,Yes,Yes,4,0,Weekly,Male_Louisiana_23,7/18/2023,TRUE,Summer Sale Iran,2,1,0
962,1185,63,Male,Tea Box,Grocery,3650000,Ahvaz,S,Indigo,Fall,3.4,No,Express,Yes,Yes,19,0,Annually,Male_South Carolina_63,3/29/2023,TRUE,Festival Norooz,0,1,0
306,1186,47,Male,Yogurt Bucket,Dairy,3200000,Tehran,M,Magenta,Spring,3.9,No,Standard,Yes,Yes,29,0,Monthly,Male_Maine_47,7/20/2023,TRUE,Summer Sale Iran,1,1,0
963,1187,63,Male,Cola 1.5L,Beverages,3400000,Tehran,M,Beige,Summer,4.1,No,2-Day Shipping,Yes,Yes,27,0,Annually,Male_Indiana_63,7/15/2023,TRUE,Summer Sale Iran,0,1,0
964,1188,56,Male,Frozen Pizza,Frozen,4450000,Karaj,L,Maroon,Fall,3,No,Express,Yes,Yes,37,0,Every 3 Months,Male_Iowa_56,7/13/2023,TRUE,Summer Sale Iran,0,1,1
948,1189,68,Male,Paper Towel Pack,Household,1450000,Urmia,M,Magenta,Summer,3.3,No,Next Day Air,Yes,Yes,11,0,Weekly,Male_Mississippi_68,7/12/2023,TRUE,Summer Sale Iran,0,2,0
572,1190,64,Male,Shampoo,Personal Care,4850000,Ahvaz,XL,Teal,Summer,4.9,No,Free Shipping,Yes,Yes,28,0,Annually,Male_Arkansas_64,7/20/2023,TRUE,Summer Sale Iran,2,1,1
965,1191,62,Male,Body Wash,Personal Care,2250000,Mashhad,M,Orange,Winter,4.3,No,Next Day Air,Yes,Yes,31,0,Weekly,Male_South Carolina_62,7/28/2023,FALSE,,0,0,0
966,1192,34,Male,Body Wash,Personal Care,3500000,Arak,L,Charcoal,Winter,4.1,No,Free Shipping,Yes,Yes,50,0,Quarterly,Male_Indiana_34,7/20/2023,TRUE,Summer Sale Iran,0,1,0
138,1193,49,Male,Milk 1L,Dairy,2800000,Kermanshah,M,Turquoise,Summer,4,No,2-Day Shipping,Yes,Yes,42,0,Quarterly,Male_Florida_49,11/30/2023,TRUE,Yalda Festival,1,1,0
967,1194,40,Male,Shampoo,Personal Care,2750000,Qom,L,Pink,Fall,5,No,2-Day Shipping,Yes,Yes,18,0,Fortnightly,Male_Alaska_40,11/24/2023,TRUE,Yalda Festival,0,1,0
968,1195,50,Male,Potato Chips,Snacks,2300000,Tabriz,S,Teal,Winter,3.1,No,2-Day Shipping,Yes,Yes,6,0,Fortnightly,Male_New York_50,3/22/2023,TRUE,Festival Norooz,0,1,0
969,1196,25,Male,Yogurt Bucket,Dairy,4750000,Hamedan,M,White,Winter,4,No,2-Day Shipping,Yes,Yes,33,0,Monthly,Male_Texas_25,7/14/2023,TRUE,Summer Sale Iran,0,1,0
970,1197,30,Male,Fresh Bread,Bakery,4400000,Yazd,M,Maroon,Winter,3.2,No,2-Day Shipping,Yes,Yes,13,0,Bi-Weekly,Male_North Dakota_30,11/23/2023,TRUE,Yalda Festival,0,1,0
971,1198,54,Male,Chocolate Bar,Snacks,4600000,Shiraz,L,Violet,Fall,3.9,No,Standard,Yes,Yes,26,0,Annually,Male_Vermont_54,4/12/2023,FALSE,,0,0,0
322,1199,40,Male,Mineral Water 1.5L,Beverages,2450000,Hamedan,M,Brown,Summer,3.9,No,2-Day Shipping,Yes,Yes,17,1,Annually,Male_New Jersey_40,7/17/2023,TRUE,Summer Sale Iran,0,1,1
51,1200,49,Male,Fresh Bread,Bakery,4450000,Arak,M,Indigo,Fall,4.5,No,Free Shipping,Yes,Yes,3,0,Weekly,Male_Maryland_49,3/26/2023,TRUE,Festival Norooz,0,1,2
972,1201,27,Male,Frozen Pizza,Frozen,1100000,Bandar Abbas,XL,Black,Winter,4.4,No,Store Pickup,Yes,Yes,7,0,Weekly,Male_Connecticut_27,7/17/2023,TRUE,Summer Sale Iran,0,1,0
469,1202,27,Male,Paper Towel Pack,Household,3050000,Mashhad,XL,Black,Summer,3.1,No,2-Day Shipping,Yes,Yes,46,0,Fortnightly,Male_Illinois_27,11/30/2023,TRUE,Yalda Festival,4,1,0
973,1203,48,Male,Baguette,Bakery,1450000,Urmia,S,Olive,Spring,2.9,No,Standard,Yes,Yes,14,0,Every 3 Months,Male_Maryland_48,11/26/2023,TRUE,Yalda Festival,0,1,0
974,1204,40,Male,Fresh Bread,Bakery,4100000,Bandar Abbas,M,Orange,Winter,3.7,No,Free Shipping,Yes,Yes,23,0,Annually,Male_Minnesota_40,3/31/2023,TRUE,Festival Norooz,0,1,1
510,1205,67,Male,Shampoo,Personal Care,4700000,Yazd,M,Pink,Spring,3.2,No,2-Day Shipping,Yes,Yes,20,0,Every 3 Months,Male_Florida_67,3/26/2023,TRUE,Festival Norooz,0,1,1
975,1206,52,Male,Potato Chips,Snacks,4950000,Arak,M,Olive,Spring,3.5,No,Standard,Yes,Yes,38,0,Fortnightly,Male_California_52,12/5/2023,FALSE,,0,0,0
371,1207,22,Male,Body Wash,Personal Care,2950000,Rasht,S,Cyan,Fall,3,No,Free Shipping,Yes,Yes,16,0,Every 3 Months,Male_Mississippi_22,10/24/2023,FALSE,,0,0,0
976,1208,62,Male,Potato Chips,Snacks,4500000,Karaj,M,White,Summer,4.1,No,Next Day Air,Yes,Yes,48,0,Every 3 Months,Male_Washington_62,11/26/2023,TRUE,Yalda Festival,0,1,0
829,1209,20,Male,Baguette,Bakery,5000000,Karaj,S,Red,Winter,2.9,No,2-Day Shipping,Yes,Yes,8,0,Annually,Male_Wisconsin_20,11/29/2023,TRUE,Yalda Festival,0,1,1
977,1210,41,Male,Rice 10kg,Grocery,3100000,Sari,M,Blue,Winter,3.8,No,Next Day Air,Yes,Yes,16,0,Monthly,Male_Pennsylvania_41,2/6/2023,FALSE,,0,0,0
978,1211,34,Male,Tea Box,Grocery,3900000,Arak,M,Olive,Fall,4.1,No,Next Day Air,Yes,Yes,5,1,Quarterly,Male_Missouri_34,3/24/2023,TRUE,Festival Norooz,0,1,0
450,1212,23,Male,Pasta Pack,Grocery,4700000,Qazvin,M,Green,Spring,4.6,No,Store Pickup,Yes,Yes,14,0,Every 3 Months,Male_Oklahoma_23,11/22/2023,TRUE,Yalda Festival,1,1,0
979,1213,32,Male,Fresh Bread,Bakery,3700000,Karaj,M,Yellow,Summer,2.5,No,Free Shipping,Yes,Yes,18,0,Weekly,Male_Pennsylvania_32,3/3/2023,FALSE,,0,0,0
980,1214,68,Male,Yogurt Bucket,Dairy,2600000,Yazd,XL,Black,Spring,3.7,No,Express,Yes,Yes,14,0,Every 3 Months,Male_Kentucky_68,11/22/2023,TRUE,Yalda Festival,0,1,0
672,1215,30,Male,Laundry Detergent,Household,4050000,Qom,M,Blue,Fall,3.8,No,Free Shipping,Yes,Yes,5,1,Every 3 Months,Male_Vermont_30,3/15/2023,FALSE,,0,0,0
981,1216,66,Male,Rice 10kg,Grocery,1000000,Kermanshah,L,Pink,Winter,2.6,No,2-Day Shipping,Yes,Yes,15,0,Every 3 Months,Male_Oregon_66,1/7/2023,FALSE,,0,0,0
982,1217,62,Male,Shampoo,Personal Care,1600000,Shiraz,XL,Lavender,Summer,3.7,No,Free Shipping,Yes,Yes,3,0,Every 3 Months,Male_Utah_62,3/27/2023,TRUE,Festival Norooz,0,1,0
79,1218,50,Male,Chocolate Bar,Snacks,3150000,Bandar Abbas,XL,Cyan,Fall,2.6,No,Free Shipping,Yes,Yes,12,1,Every 3 Months,Male_Nebraska_50,3/22/2023,TRUE,Festival Norooz,0,1,2
983,1219,55,Male,Frozen Chicken,Frozen,3950000,Urmia,M,Cyan,Spring,3.1,No,Store Pickup,Yes,Yes,43,1,Every 3 Months,Male_Pennsylvania_55,3/31/2023,TRUE,Festival Norooz,0,1,0
666,1220,19,Male,Orange Juice,Beverages,1150000,Kerman,M,Gold,Winter,2.5,No,Next Day Air,Yes,Yes,35,0,Bi-Weekly,Male_Vermont_19,7/10/2023,TRUE,Summer Sale Iran,1,2,0
920,1221,67,Male,Sugar 1kg,Grocery,3200000,Qazvin,M,Green,Winter,4.9,No,Express,Yes,Yes,36,0,Quarterly,Male_Kentucky_67,11/29/2023,TRUE,Yalda Festival,1,1,0
926,1222,18,Male,Body Wash,Personal Care,3450000,Shiraz,M,Red,Winter,4.5,No,Standard,Yes,Yes,3,1,Quarterly,Male_Iowa_18,10/2/2023,FALSE,,0,0,0
984,1223,58,Male,Paper Towel Pack,Household,3450000,Shiraz,L,Magenta,Fall,3.4,No,Store Pickup,Yes,Yes,27,0,Annually,Male_Indiana_58,3/23/2023,TRUE,Festival Norooz,0,1,0
985,1224,69,Male,Cola 1.5L,Beverages,1200000,Qom,L,Red,Winter,3.9,No,Free Shipping,Yes,Yes,21,0,Weekly,Male_Kansas_69,3/27/2023,TRUE,Festival Norooz,0,1,0
986,1225,62,Male,Tea Box,Grocery,2500000,Ahvaz,M,Yellow,Summer,3.7,No,Store Pickup,Yes,Yes,18,0,Weekly,Male_Illinois_62,11/30/2023,TRUE,Yalda Festival,0,1,0
214,1226,28,Male,Mixed Nuts,Snacks,4850000,Shiraz,S,Turquoise,Fall,2.6,No,Free Shipping,Yes,Yes,16,0,Weekly,Male_North Carolina_28,11/23/2023,TRUE,Yalda Festival,0,1,1
987,1227,53,Male,Chocolate Bar,Snacks,4550000,Shiraz,S,Cyan,Fall,3.4,No,Store Pickup,Yes,Yes,18,0,Bi-Weekly,Male_Ohio_53,11/28/2023,TRUE,Yalda Festival,1,1,0
469,1228,27,Male,Baguette,Bakery,1850000,Ahvaz,L,Yellow,Spring,4.9,No,Store Pickup,Yes,Yes,19,0,Bi-Weekly,Male_Illinois_27,4/5/2023,FALSE,,0,0,0
988,1229,55,Male,Shampoo,Personal Care,2750000,Mashhad,S,Yellow,Winter,3.9,No,Express,Yes,Yes,1,1,Annually,Male_Indiana_55,7/10/2023,TRUE,Summer Sale Iran,0,1,0
989,1230,34,Male,Milk 1L,Dairy,2600000,Sari,XL,Maroon,Winter,3.6,No,Express,Yes,Yes,39,0,Annually,Male_Kansas_34,3/9/2023,FALSE,,0,0,0
712,1231,25,Male,Body Wash,Personal Care,4000000,Arak,L,Brown,Spring,4.6,No,Standard,Yes,Yes,49,0,Monthly,Male_Illinois_25,11/30/2023,TRUE,Yalda Festival,2,2,0
990,1232,66,Male,Tea Box,Grocery,3950000,Yazd,M,Gold,Spring,4,No,2-Day Shipping,Yes,Yes,43,0,Fortnightly,Male_Pennsylvania_66,7/12/2023,TRUE,Summer Sale Iran,0,1,2
991,1233,57,Male,Potato Chips,Snacks,1150000,Mashhad,M,Charcoal,Summer,3.6,No,Free Shipping,Yes,Yes,31,0,Every 3 Months,Male_New York_57,3/23/2023,TRUE,Festival Norooz,2,1,1
992,1234,46,Male,Milk 1L,Dairy,3650000,Urmia,L,Beige,Winter,3.5,No,Next Day Air,Yes,Yes,40,0,Every 3 Months,Male_Utah_46,3/26/2023,TRUE,Festival Norooz,0,1,1
993,1235,38,Male,Mineral Water 1.5L,Beverages,4950000,Qazvin,M,Indigo,Fall,4.1,No,Store Pickup,Yes,Yes,2,0,Bi-Weekly,Male_New Jersey_38,3/24/2023,TRUE,Festival Norooz,0,2,0
994,1236,23,Male,Tea Box,Grocery,1100000,Karaj,M,Red,Spring,3,No,Store Pickup,Yes,Yes,46,0,Every 3 Months,Male_Idaho_23,11/3/2023,FALSE,,0,0,0
995,1237,42,Male,Mixed Nuts,Snacks,3400000,Qazvin,M,White,Summer,4.4,No,Store Pickup,Yes,Yes,35,0,Every 3 Months,Male_New Mexico_42,3/23/2023,TRUE,Festival Norooz,0,1,1
606,1238,25,Male,Yogurt Bucket,Dairy,4600000,Qom,S,Charcoal,Spring,4.4,No,2-Day Shipping,Yes,Yes,42,0,Quarterly,Male_Michigan_25,8/10/2023,FALSE,,0,0,0
669,1239,55,Male,Mixed Nuts,Snacks,3850000,Qom,M,Violet,Winter,3.7,No,Express,Yes,Yes,3,0,Fortnightly,Male_Wyoming_55,4/17/2023,FALSE,,0,0,0
208,1240,62,Male,Dishwashing Liquid,Household,1850000,Rasht,XL,Magenta,Spring,4.8,No,Standard,Yes,Yes,32,0,Every 3 Months,Male_New Jersey_62,7/11/2023,TRUE,Summer Sale Iran,0,1,2
996,1241,41,Male,Baguette,Bakery,3950000,Bandar Abbas,L,White,Winter,2.9,No,Store Pickup,Yes,Yes,48,0,Annually,Male_New Jersey_41,3/27/2023,TRUE,Festival Norooz,1,1,0
997,1242,58,Male,Body Wash,Personal Care,2550000,Qazvin,XL,Pink,Winter,3.1,No,Express,Yes,Yes,34,0,Weekly,Male_Hawaii_58,10/1/2023,FALSE,,0,0,0
335,1243,56,Male,Mineral Water 1.5L,Beverages,1350000,Tehran,M,Lavender,Summer,4,No,Next Day Air,Yes,Yes,15,0,Quarterly,Male_Nevada_56,7/10/2023,TRUE,Summer Sale Iran,1,2,1
998,1244,25,Male,Baguette,Bakery,1150000,Bandar Abbas,S,Pink,Spring,3,No,Store Pickup,Yes,Yes,22,0,Annually,Male_New Hampshire_25,11/20/2023,TRUE,Yalda Festival,0,1,0
197,1245,70,Male,Laundry Detergent,Household,3800000,Ahvaz,S,Silver,Summer,3.9,No,2-Day Shipping,Yes,Yes,2,1,Monthly,Male_Indiana_70,3/21/2023,TRUE,Festival Norooz,0,2,3
999,1246,42,Male,Paper Towel Pack,Household,1550000,Shiraz,M,Violet,Fall,3.4,No,Standard,Yes,Yes,30,0,Weekly,Male_New York_42,7/17/2023,TRUE,Summer Sale Iran,0,1,1
8,1247,27,Male,Chocolate Bar,Snacks,3000000,Qom,M,Charcoal,Winter,2.7,No,Standard,Yes,Yes,27,1,Monthly,Male_Louisiana_27,7/19/2023,TRUE,Summer Sale Iran,1,1,0
1000,1248,65,Male,Toothpaste,Personal Care,4950000,Tehran,M,Charcoal,Spring,3.5,No,Express,Yes,Yes,18,0,Bi-Weekly,Male_Virginia_65,7/20/2023,TRUE,Summer Sale Iran,0,1,0
922,1249,62,Male,Sunflower Oil,Grocery,1850000,Isfahan,XL,Red,Winter,3,No,Free Shipping,Yes,Yes,8,0,Annually,Male_Wisconsin_62,11/27/2023,TRUE,Yalda Festival,1,1,1
1001,1250,62,Male,Cola 1.5L,Beverages,2500000,Karaj,M,Peach,Winter,4.5,No,Express,Yes,Yes,48,0,Fortnightly,Male_Oregon_62,9/11/2023,FALSE,,0,0,0
1002,1251,52,Male,Baguette,Bakery,1300000,Arak,XL,Purple,Winter,4.1,No,Free Shipping,Yes,Yes,24,1,Monthly,Male_New Hampshire_52,2/5/2023,FALSE,,0,0,0
1003,1252,56,Male,Yogurt Bucket,Dairy,4300000,Karaj,XL,Orange,Spring,5,No,Next Day Air,Yes,Yes,43,0,Monthly,Male_Indiana_56,7/20/2023,TRUE,Summer Sale Iran,0,1,0
1004,1253,28,Male,Toothpaste,Personal Care,2050000,Qazvin,L,Magenta,Fall,4,No,Standard,Yes,Yes,8,1,Quarterly,Male_Massachusetts_28,11/20/2023,TRUE,Yalda Festival,0,1,0
1005,1254,39,Male,Laundry Detergent,Household,1150000,Qazvin,XL,Red,Winter,4.9,No,Express,Yes,Yes,49,0,Annually,Male_Montana_39,9/4/2023,FALSE,,0,0,0
161,1255,54,Male,Cola 1.5L,Beverages,2800000,Tehran,XL,Black,Spring,3.3,No,2-Day Shipping,Yes,Yes,2,0,Bi-Weekly,Male_California_54,9/30/2023,FALSE,,0,0,0
1006,1256,30,Male,Tea Box,Grocery,3400000,Karaj,M,Peach,Fall,4.1,No,Standard,Yes,Yes,38,1,Fortnightly,Male_Indiana_30,8/18/2023,FALSE,,0,0,0
893,1257,45,Male,Frozen Pizza,Frozen,2400000,Karaj,S,Olive,Winter,3.6,No,Express,Yes,Yes,4,1,Fortnightly,Male_West Virginia_45,3/25/2023,TRUE,Festival Norooz,2,1,0
1007,1258,68,Male,Mixed Nuts,Snacks,3350000,Yazd,L,Gold,Spring,3,No,Free Shipping,Yes,Yes,31,1,Every 3 Months,Male_Minnesota_68,7/14/2023,TRUE,Summer Sale Iran,0,2,0
1008,1259,47,Male,Orange Juice,Beverages,4350000,Ahvaz,XL,Gold,Spring,4.1,No,2-Day Shipping,Yes,Yes,34,0,Every 3 Months,Male_Ohio_47,4/16/2023,FALSE,,0,0,0
1007,1260,68,Male,Pasta Pack,Grocery,3200000,Qom,M,Turquoise,Fall,3.9,No,Standard,Yes,Yes,45,0,Monthly,Male_Minnesota_68,7/19/2023,TRUE,Summer Sale Iran,0,2,0
1009,1261,63,Male,Shampoo,Personal Care,4650000,Urmia,XL,Green,Spring,4.1,No,Store Pickup,Yes,Yes,30,0,Quarterly,Male_Virginia_63,2/27/2023,FALSE,,0,0,0
1010,1262,20,Male,Orange Juice,Beverages,1450000,Shiraz,L,Maroon,Summer,2.8,No,Next Day Air,Yes,Yes,2,0,Fortnightly,Male_Connecticut_20,12/8/2023,FALSE,,0,0,0
1011,1263,29,Male,Paper Towel Pack,Household,3100000,Isfahan,L,Brown,Winter,4.8,No,Store Pickup,Yes,Yes,44,0,Monthly,Male_Tennessee_29,3/28/2023,TRUE,Festival Norooz,0,1,0
470,1264,41,Male,Pasta Pack,Grocery,3500000,Kermanshah,L,Brown,Winter,4.6,No,2-Day Shipping,Yes,Yes,1,0,Bi-Weekly,Male_Delaware_41,7/10/2023,TRUE,Summer Sale Iran,0,3,1
1012,1265,52,Male,Mixed Nuts,Snacks,4600000,Bandar Abbas,S,Blue,Winter,2.5,No,Next Day Air,Yes,Yes,1,0,Bi-Weekly,Male_Vermont_52,7/16/2023,TRUE,Summer Sale Iran,0,1,0
251,1266,32,Male,Laundry Detergent,Household,3950000,Qom,M,Lavender,Spring,2.7,No,Next Day Air,Yes,Yes,27,0,Weekly,Male_Louisiana_32,11/22/2023,TRUE,Yalda Festival,2,1,0
581,1267,20,Male,Pasta Pack,Grocery,1550000,Arak,M,Peach,Fall,4,No,Standard,Yes,Yes,14,0,Every 3 Months,Male_North Dakota_20,11/26/2023,TRUE,Yalda Festival,4,1,0
1013,1268,47,Male,Yogurt Bucket,Dairy,4150000,Qazvin,S,Gray,Spring,2.7,No,Standard,Yes,Yes,41,1,Weekly,Male_Oregon_47,3/30/2023,TRUE,Festival Norooz,0,1,0
994,1269,23,Male,Chocolate Bar,Snacks,4400000,Kerman,XL,Charcoal,Winter,2.9,No,Next Day Air,Yes,Yes,25,0,Bi-Weekly,Male_Idaho_23,11/23/2023,TRUE,Yalda Festival,3,2,0
1014,1270,43,Male,Chocolate Bar,Snacks,2650000,Urmia,M,Lavender,Spring,3,No,Standard,Yes,Yes,47,0,Quarterly,Male_Vermont_43,3/22/2023,TRUE,Festival Norooz,0,1,1
360,1271,67,Male,Dishwashing Liquid,Household,4900000,Mashhad,M,Green,Fall,3.3,No,Standard,Yes,Yes,20,1,Annually,Male_West Virginia_67,8/9/2023,FALSE,,0,0,0
1015,1272,70,Male,Baguette,Bakery,2850000,Ahvaz,S,Gray,Spring,4.3,No,Store Pickup,Yes,Yes,42,0,Annually,Male_Kentucky_70,11/24/2023,TRUE,Yalda Festival,0,1,0
1016,1273,35,Male,Dishwashing Liquid,Household,4000000,Isfahan,M,Orange,Winter,4.4,No,Express,Yes,Yes,16,0,Monthly,Male_Wisconsin_35,11/22/2023,TRUE,Yalda Festival,0,1,0
57,1274,41,Male,Cheddar Cheese,Dairy,1450000,Karaj,L,Silver,Spring,4.1,No,Next Day Air,Yes,Yes,32,0,Every 3 Months,Male_Mississippi_41,3/28/2023,TRUE,Festival Norooz,3,1,2
1017,1275,54,Male,Fresh Bread,Bakery,3650000,Shiraz,M,Olive,Spring,3.1,No,2-Day Shipping,Yes,Yes,37,0,Quarterly,Male_Missouri_54,11/30/2023,TRUE,Yalda Festival,0,1,0
781,1276,55,Male,Chocolate Bar,Snacks,1600000,Kerman,S,Turquoise,Fall,4.5,No,Standard,Yes,Yes,1,0,Monthly,Male_Arkansas_55,7/12/2023,TRUE,Summer Sale Iran,0,2,1
1018,1277,51,Male,Frozen Pizza,Frozen,3400000,Bandar Abbas,L,Turquoise,Spring,4.8,No,Next Day Air,Yes,Yes,37,0,Weekly,Male_Wyoming_51,1/19/2023,FALSE,,0,0,0
1019,1278,19,Male,Frozen Pizza,Frozen,4850000,Karaj,L,Green,Spring,5,No,Express,Yes,Yes,5,0,Quarterly,Male_Rhode Island_19,7/10/2023,TRUE,Summer Sale Iran,0,1,0
1020,1279,28,Male,Tea Box,Grocery,4900000,Hamedan,M,Violet,Fall,2.8,No,Next Day Air,Yes,Yes,31,0,Fortnightly,Male_Utah_28,3/31/2023,TRUE,Festival Norooz,0,1,0
427,1280,63,Male,Baguette,Bakery,2800000,Qazvin,L,Charcoal,Fall,3.7,No,Express,Yes,Yes,18,0,Annually,Male_Maryland_63,11/28/2023,TRUE,Yalda Festival,1,1,0
1021,1281,30,Male,Shampoo,Personal Care,3900000,Hamedan,L,White,Winter,4.4,No,2-Day Shipping,Yes,Yes,39,0,Every 3 Months,Male_Georgia_30,10/8/2023,FALSE,,0,0,0
1022,1282,29,Male,Fresh Bread,Bakery,4050000,Qom,M,Olive,Spring,4.5,No,Store Pickup,Yes,Yes,8,0,Bi-Weekly,Male_New Jersey_29,3/24/2023,TRUE,Festival Norooz,0,1,1
1023,1283,24,Male,Potato Chips,Snacks,3400000,Urmia,L,Violet,Winter,3,No,Free Shipping,Yes,Yes,20,0,Monthly,Male_New Hampshire_24,11/27/2023,TRUE,Yalda Festival,0,1,0
1024,1284,69,Male,Dishwashing Liquid,Household,4700000,Sari,M,Violet,Winter,3.9,No,2-Day Shipping,Yes,Yes,23,0,Every 3 Months,Male_Oregon_69,3/30/2023,TRUE,Festival Norooz,0,1,1
1025,1285,65,Male,Sugar 1kg,Grocery,4650000,Urmia,M,Black,Spring,3.9,No,Express,Yes,Yes,38,0,Fortnightly,Male_Arkansas_65,8/1/2023,FALSE,,0,0,0
1026,1286,64,Male,Orange Juice,Beverages,4950000,Yazd,M,Charcoal,Fall,3.5,No,Next Day Air,Yes,Yes,45,0,Fortnightly,Male_North Carolina_64,4/25/2023,FALSE,,0,0,0
1027,1287,40,Male,Mineral Water 1.5L,Beverages,2450000,Ahvaz,L,Yellow,Winter,4.9,No,Next Day Air,Yes,Yes,44,0,Fortnightly,Male_West Virginia_40,7/19/2023,TRUE,Summer Sale Iran,0,1,2
1028,1288,24,Male,Chocolate Bar,Snacks,1400000,Shiraz,XL,Blue,Winter,3.4,No,Standard,Yes,Yes,20,0,Monthly,Male_Utah_24,6/27/2023,FALSE,,0,0,0
1029,1289,66,Male,Cola 1.5L,Beverages,4650000,Tabriz,XL,Charcoal,Winter,4.1,No,Standard,Yes,Yes,34,0,Bi-Weekly,Male_South Dakota_66,7/19/2023,TRUE,Summer Sale Iran,1,1,1
1030,1290,35,Male,Potato Chips,Snacks,1200000,Urmia,M,Red,Fall,2.9,No,Next Day Air,Yes,Yes,10,0,Weekly,Male_New Hampshire_35,3/25/2023,TRUE,Festival Norooz,1,1,0
550,1291,67,Male,Frozen Chicken,Frozen,1750000,Rasht,M,Indigo,Spring,3.4,No,Free Shipping,Yes,Yes,3,0,Annually,Male_Maryland_67,11/29/2023,TRUE,Yalda Festival,1,1,0
205,1292,69,Male,Shampoo,Personal Care,3400000,Hamedan,S,Beige,Spring,3.2,No,2-Day Shipping,Yes,Yes,23,0,Fortnightly,Male_South Dakota_69,11/24/2023,TRUE,Yalda Festival,0,2,0
1031,1293,26,Male,Yogurt Bucket,Dairy,3050000,Hamedan,M,Maroon,Summer,3.9,No,Free Shipping,Yes,Yes,42,0,Annually,Male_Kentucky_26,9/12/2023,FALSE,,0,0,0
1032,1294,23,Male,Mixed Nuts,Snacks,3700000,Mashhad,XL,Yellow,Fall,4.1,No,Standard,Yes,Yes,30,0,Annually,Male_Florida_23,7/14/2023,TRUE,Summer Sale Iran,0,1,0
159,1295,27,Male,Mineral Water 1.5L,Beverages,3200000,Rasht,M,Silver,Summer,4.5,No,Standard,Yes,Yes,21,1,Every 3 Months,Male_Texas_27,11/15/2023,FALSE,,0,0,0
132,1296,30,Male,Cola 1.5L,Beverages,3000000,Shiraz,M,Olive,Fall,2.8,No,Standard,Yes,Yes,50,0,Weekly,Male_New Mexico_30,11/30/2023,TRUE,Yalda Festival,3,1,1
1033,1297,48,Male,Yogurt Bucket,Dairy,1450000,Urmia,S,Teal,Spring,2.8,No,Express,Yes,Yes,16,1,Bi-Weekly,Male_South Dakota_48,3/30/2023,TRUE,Festival Norooz,0,1,0
113,1298,44,Male,Sugar 1kg,Grocery,4250000,Urmia,M,Silver,Summer,4.6,No,Standard,Yes,Yes,32,0,Annually,Male_New Jersey_44,3/22/2023,TRUE,Festival Norooz,0,1,1
1034,1299,29,Male,Mixed Nuts,Snacks,4050000,Karaj,S,Indigo,Summer,3,No,Free Shipping,Yes,Yes,14,0,Fortnightly,Male_Indiana_29,3/25/2023,TRUE,Festival Norooz,0,1,0
1035,1300,29,Male,Laundry Detergent,Household,1150000,Isfahan,L,Teal,Fall,3.6,No,2-Day Shipping,Yes,Yes,42,0,Bi-Weekly,Male_Louisiana_29,3/4/2023,FALSE,,0,0,0
360,1301,67,Male,Cheddar Cheese,Dairy,5000000,Tabriz,M,Charcoal,Spring,4.5,No,Next Day Air,Yes,Yes,47,0,Every 3 Months,Male_West Virginia_67,7/16/2023,TRUE,Summer Sale Iran,0,2,1
1036,1302,42,Male,Cheddar Cheese,Dairy,2700000,Qazvin,M,Orange,Fall,5,No,Express,Yes,Yes,21,0,Weekly,Male_Maine_42,7/11/2023,TRUE,Summer Sale Iran,1,1,0
994,1303,23,Male,Toothpaste,Personal Care,1250000,Urmia,M,Gold,Fall,2.9,No,Next Day Air,Yes,Yes,37,0,Monthly,Male_Idaho_23,6/4/2023,FALSE,,0,0,0
671,1304,34,Male,Baguette,Bakery,1600000,Karaj,L,Silver,Summer,3.1,No,Next Day Air,Yes,Yes,10,0,Annually,Male_New York_34,11/22/2023,TRUE,Yalda Festival,1,1,0
1037,1305,64,Male,Pasta Pack,Grocery,3150000,Qazvin,S,Orange,Spring,4,No,2-Day Shipping,Yes,Yes,18,0,Every 3 Months,Male_Montana_64,1/8/2023,FALSE,,0,0,0
1038,1306,31,Male,Sunflower Oil,Grocery,2800000,Isfahan,XL,Peach,Spring,4.5,No,Express,Yes,Yes,2,0,Every 3 Months,Male_Mississippi_31,7/16/2023,TRUE,Summer Sale Iran,0,1,0
663,1307,54,Male,Frozen Pizza,Frozen,1650000,Ahvaz,L,Brown,Winter,4.5,No,Next Day Air,Yes,Yes,40,0,Annually,Male_Alaska_54,3/28/2023,TRUE,Festival Norooz,0,1,1
604,1308,23,Male,Rice 10kg,Grocery,1600000,Qom,L,Black,Summer,3.1,No,Express,Yes,Yes,43,0,Annually,Male_Missouri_23,10/29/2023,FALSE,,0,0,0
1039,1309,59,Male,Frozen Chicken,Frozen,1900000,Hamedan,L,Red,Summer,4.4,No,Next Day Air,Yes,Yes,14,0,Every 3 Months,Male_Rhode Island_59,4/30/2023,FALSE,,0,0,0
183,1310,32,Male,Pasta Pack,Grocery,1050000,Isfahan,L,Lavender,Summer,4.7,No,Store Pickup,Yes,Yes,41,1,Quarterly,Male_Hawaii_32,7/17/2023,TRUE,Summer Sale Iran,1,2,1
1040,1311,43,Male,Pasta Pack,Grocery,2950000,Karaj,L,Brown,Winter,3.1,No,Store Pickup,Yes,Yes,38,0,Every 3 Months,Male_South Carolina_43,3/21/2023,TRUE,Festival Norooz,0,1,0
1041,1312,32,Male,Baguette,Bakery,4350000,Sari,M,Maroon,Fall,4.2,No,Express,Yes,Yes,12,0,Annually,Male_Tennessee_32,11/21/2023,TRUE,Yalda Festival,0,1,0
1042,1313,66,Male,Cheddar Cheese,Dairy,3950000,Rasht,M,Violet,Winter,3,No,Store Pickup,Yes,Yes,19,0,Monthly,Male_Missouri_66,2/20/2023,FALSE,,0,0,0
1043,1314,70,Male,Sunflower Oil,Grocery,1400000,Tabriz,M,Lavender,Summer,2.6,No,Free Shipping,Yes,Yes,23,0,Bi-Weekly,Male_Missouri_70,11/30/2023,TRUE,Yalda Festival,0,1,0
465,1315,42,Male,Yogurt Bucket,Dairy,3350000,Arak,S,Magenta,Summer,3.4,No,Free Shipping,Yes,Yes,49,0,Annually,Male_Missouri_42,3/23/2023,TRUE,Festival Norooz,0,2,0
1044,1316,56,Male,Paper Towel Pack,Household,3750000,Tehran,L,Green,Spring,4.2,No,2-Day Shipping,Yes,Yes,29,0,Quarterly,Male_Mississippi_56,3/26/2023,TRUE,Festival Norooz,0,1,0
1045,1317,28,Male,Toothpaste,Personal Care,1600000,Kerman,S,Lavender,Spring,4.6,No,Standard,Yes,Yes,14,0,Bi-Weekly,Male_Arkansas_28,3/27/2023,TRUE,Festival Norooz,0,1,0
474,1318,28,Male,Cheddar Cheese,Dairy,2150000,Rasht,M,Green,Spring,2.8,No,Free Shipping,Yes,Yes,19,1,Monthly,Male_Kentucky_28,11/27/2023,TRUE,Yalda Festival,1,1,0
494,1319,52,Male,Tea Box,Grocery,4650000,Yazd,M,Maroon,Spring,2.7,No,Express,Yes,Yes,19,0,Bi-Weekly,Male_Connecticut_52,8/15/2023,FALSE,,0,0,0
1046,1320,65,Male,Cheddar Cheese,Dairy,1200000,Yazd,M,Magenta,Spring,4,No,Standard,Yes,Yes,48,0,Weekly,Male_Oklahoma_65,7/10/2023,TRUE,Summer Sale Iran,0,1,0
23,1321,56,Male,Cheddar Cheese,Dairy,1550000,Qazvin,XL,Teal,Fall,3.1,No,Free Shipping,Yes,Yes,19,0,Annually,Male_California_56,3/31/2023,TRUE,Festival Norooz,0,1,2
716,1322,59,Male,Dishwashing Liquid,Household,4200000,Ahvaz,L,Orange,Winter,3.7,No,Express,Yes,Yes,45,0,Every 3 Months,Male_Missouri_59,7/18/2023,TRUE,Summer Sale Iran,1,1,1
1047,1323,23,Male,Mineral Water 1.5L,Beverages,3700000,Isfahan,M,Violet,Winter,4,No,Next Day Air,Yes,Yes,17,0,Quarterly,Male_Washington_23,3/22/2023,TRUE,Festival Norooz,0,1,1
1048,1324,58,Male,Toothpaste,Personal Care,3100000,Qom,M,Yellow,Spring,4.6,No,Standard,Yes,Yes,15,0,Every 3 Months,Male_New York_58,5/3/2023,FALSE,,0,0,0
1049,1325,39,Male,Orange Juice,Beverages,3850000,Ahvaz,S,Orange,Summer,3.8,No,Free Shipping,Yes,Yes,11,0,Fortnightly,Male_Indiana_39,7/17/2023,TRUE,Summer Sale Iran,1,1,1
1050,1326,28,Male,Cola 1.5L,Beverages,3650000,Mashhad,L,Gold,Summer,3.5,No,Express,Yes,Yes,1,1,Monthly,Male_Oregon_28,3/29/2023,TRUE,Festival Norooz,0,1,0
1051,1327,40,Male,Cheddar Cheese,Dairy,2500000,Tabriz,M,Indigo,Spring,4.6,No,Free Shipping,Yes,Yes,17,1,Monthly,Male_Texas_40,7/20/2023,TRUE,Summer Sale Iran,0,1,0
1052,1328,52,Male,Orange Juice,Beverages,2000000,Tabriz,M,Turquoise,Winter,2.8,No,Standard,Yes,Yes,37,1,Weekly,Male_Florida_52,7/20/2023,TRUE,Summer Sale Iran,0,1,0
369,1329,37,Male,Sunflower Oil,Grocery,4850000,Yazd,M,Orange,Winter,3.7,No,Standard,Yes,Yes,40,0,Weekly,Male_Rhode Island_37,11/26/2023,TRUE,Yalda Festival,1,1,0
828,1330,70,Male,Laundry Detergent,Household,3150000,Bandar Abbas,M,Indigo,Fall,3.3,No,Express,Yes,Yes,50,0,Every 3 Months,Male_Texas_70,3/30/2023,TRUE,Festival Norooz,0,2,0
672,1331,30,Male,Shampoo,Personal Care,3250000,Mashhad,M,Charcoal,Fall,2.9,No,Standard,Yes,Yes,20,0,Bi-Weekly,Male_Vermont_30,7/14/2023,TRUE,Summer Sale Iran,2,1,2
885,1332,38,Male,Pasta Pack,Grocery,4550000,Ahvaz,M,Lavender,Spring,3.2,No,Standard,Yes,Yes,8,0,Bi-Weekly,Male_Maryland_38,11/21/2023,TRUE,Yalda Festival,1,1,0
1053,1333,66,Male,Laundry Detergent,Household,3000000,Tehran,S,Gold,Spring,4.3,No,Store Pickup,Yes,Yes,16,0,Quarterly,Male_Alaska_66,3/21/2023,TRUE,Festival Norooz,0,1,0
502,1334,29,Male,Milk 1L,Dairy,3450000,Tehran,M,Lavender,Winter,2.7,No,Next Day Air,Yes,Yes,9,0,Quarterly,Male_Idaho_29,7/18/2023,TRUE,Summer Sale Iran,0,1,2
1054,1335,46,Male,Cheddar Cheese,Dairy,2600000,Bandar Abbas,S,White,Spring,4.2,No,Store Pickup,Yes,Yes,12,0,Monthly,Male_West Virginia_46,7/20/2023,TRUE,Summer Sale Iran,0,1,0
335,1336,56,Male,Pasta Pack,Grocery,2450000,Yazd,M,Lavender,Fall,4.8,No,2-Day Shipping,Yes,Yes,26,0,Weekly,Male_Nevada_56,3/28/2023,TRUE,Festival Norooz,0,1,3
958,1337,23,Male,Tea Box,Grocery,4250000,Bandar Abbas,M,Charcoal,Spring,4.8,No,Store Pickup,Yes,Yes,44,0,Fortnightly,Male_Oregon_23,7/20/2023,TRUE,Summer Sale Iran,1,1,0
1055,1338,37,Male,Yogurt Bucket,Dairy,4300000,Hamedan,L,Silver,Spring,3.4,No,Express,Yes,Yes,19,0,Bi-Weekly,Male_Tennessee_37,7/16/2023,TRUE,Summer Sale Iran,0,1,0
1056,1339,56,Male,Frozen Pizza,Frozen,2550000,Karaj,S,Yellow,Winter,2.6,No,Standard,Yes,Yes,43,0,Fortnightly,Male_Alabama_56,7/11/2023,TRUE,Summer Sale Iran,0,1,1
1057,1340,36,Male,Milk 1L,Dairy,2800000,Bandar Abbas,L,Olive,Winter,5,No,Next Day Air,Yes,Yes,5,0,Every 3 Months,Male_Indiana_36,3/25/2023,TRUE,Festival Norooz,0,1,0
1058,1341,40,Male,Milk 1L,Dairy,3600000,Kerman,M,Peach,Fall,4.4,No,Next Day Air,Yes,Yes,5,0,Every 3 Months,Male_Idaho_40,11/22/2023,TRUE,Yalda Festival,0,1,0
1059,1342,26,Male,Dishwashing Liquid,Household,1350000,Qom,XL,Yellow,Fall,2.9,No,Standard,Yes,Yes,31,0,Quarterly,Male_Rhode Island_26,7/26/2023,FALSE,,0,0,0
1060,1343,57,Male,Baguette,Bakery,2150000,Kermanshah,XL,Yellow,Summer,3.4,No,2-Day Shipping,Yes,Yes,11,0,Monthly,Male_Arizona_57,11/28/2023,TRUE,Yalda Festival,1,1,0
1061,1344,68,Male,Cheddar Cheese,Dairy,2800000,Urmia,M,Indigo,Spring,3.4,No,Standard,Yes,Yes,34,0,Monthly,Male_Florida_68,3/23/2023,TRUE,Festival Norooz,0,1,0
111,1345,56,Male,Tea Box,Grocery,1850000,Tabriz,S,Violet,Fall,4.9,No,Next Day Air,Yes,Yes,14,1,Annually,Male_New York_56,8/12/2023,FALSE,,0,0,0
1062,1346,40,Male,Dishwashing Liquid,Household,1050000,Shiraz,M,White,Fall,3.6,No,Standard,Yes,Yes,42,0,Weekly,Male_Nebraska_40,1/7/2023,FALSE,,0,0,0
1063,1347,44,Male,Frozen Pizza,Frozen,4550000,Ahvaz,L,White,Winter,3,No,Free Shipping,Yes,Yes,15,0,Bi-Weekly,Male_Mississippi_44,2/17/2023,FALSE,,0,0,0
1064,1348,44,Male,Cola 1.5L,Beverages,4750000,Kermanshah,M,Cyan,Summer,3.9,No,2-Day Shipping,Yes,Yes,47,0,Monthly,Male_Vermont_44,3/22/2023,TRUE,Festival Norooz,0,1,0
435,1349,19,Male,Mineral Water 1.5L,Beverages,2700000,Kerman,XL,Purple,Spring,3.2,No,Standard,Yes,Yes,23,0,Fortnightly,Male_Nebraska_19,7/19/2023,TRUE,Summer Sale Iran,3,2,1
482,1350,21,Male,Yogurt Bucket,Dairy,1800000,Urmia,XL,Black,Spring,3.2,No,Next Day Air,Yes,Yes,23,1,Bi-Weekly,Male_South Carolina_21,7/12/2023,TRUE,Summer Sale Iran,0,3,0
1065,1351,31,Male,Milk 1L,Dairy,3550000,Karaj,M,Orange,Fall,4.3,No,Next Day Air,Yes,Yes,1,1,Every 3 Months,Male_Delaware_31,7/19/2023,TRUE,Summer Sale Iran,0,1,0
672,1352,30,Male,Potato Chips,Snacks,1550000,Rasht,L,Maroon,Summer,2.8,No,2-Day Shipping,Yes,Yes,28,0,Quarterly,Male_Vermont_30,1/12/2023,FALSE,,0,0,0
188,1353,65,Male,Rice 10kg,Grocery,4450000,Kermanshah,XL,Orange,Spring,4.5,No,Next Day Air,Yes,Yes,37,0,Bi-Weekly,Male_Indiana_65,11/30/2023,TRUE,Yalda Festival,2,2,0
868,1354,39,Male,Rice 10kg,Grocery,4150000,Qom,M,Teal,Winter,4.1,No,Next Day Air,Yes,Yes,4,1,Every 3 Months,Male_Oregon_39,3/31/2023,TRUE,Festival Norooz,0,1,1
259,1355,64,Male,Yogurt Bucket,Dairy,2100000,Bandar Abbas,M,Gray,Spring,3.6,No,2-Day Shipping,Yes,Yes,21,0,Quarterly,Male_Maryland_64,7/13/2023,TRUE,Summer Sale Iran,0,2,1
1066,1356,59,Male,Fresh Bread,Bakery,4550000,Kerman,M,Blue,Summer,3,No,2-Day Shipping,Yes,Yes,50,0,Bi-Weekly,Male_Florida_59,9/23/2023,FALSE,,0,0,0
75,1357,49,Male,Potato Chips,Snacks,3050000,Tehran,M,Cyan,Spring,4,No,Free Shipping,Yes,Yes,34,0,Annually,Male_Indiana_49,3/29/2023,TRUE,Festival Norooz,0,1,3
400,1358,24,Male,Body Wash,Personal Care,3300000,Shiraz,S,Red,Summer,3.5,No,Next Day Air,Yes,Yes,20,1,Quarterly,Male_Texas_24,7/18/2023,TRUE,Summer Sale Iran,2,1,0
435,1359,19,Male,Milk 1L,Dairy,1100000,Kermanshah,XL,Pink,Spring,2.5,No,Store Pickup,Yes,Yes,25,0,Every 3 Months,Male_Nebraska_19,9/28/2023,FALSE,,0,0,0
350,1360,27,Male,Milk 1L,Dairy,3400000,Rasht,S,Cyan,Winter,4.3,No,Store Pickup,Yes,Yes,26,0,Fortnightly,Male_North Carolina_27,7/18/2023,TRUE,Summer Sale Iran,1,1,0
1056,1361,56,Male,Paper Towel Pack,Household,2150000,Kermanshah,L,Black,Fall,2.8,No,Express,Yes,Yes,4,0,Annually,Male_Alabama_56,11/28/2023,TRUE,Yalda Festival,1,1,0
403,1362,49,Male,Tea Box,Grocery,1600000,Shiraz,M,Beige,Fall,3.7,No,Next Day Air,Yes,Yes,39,0,Monthly,Male_Alabama_49,11/21/2023,TRUE,Yalda Festival,2,2,0
1067,1363,41,Male,Baguette,Bakery,2300000,Sari,M,Gray,Fall,4.3,No,Express,Yes,Yes,29,1,Weekly,Male_Colorado_41,3/20/2023,TRUE,Festival Norooz,1,1,0
792,1364,36,Male,Frozen Pizza,Frozen,4500000,Kerman,L,Red,Summer,4,No,Express,Yes,Yes,47,0,Quarterly,Male_Wisconsin_36,7/19/2023,TRUE,Summer Sale Iran,2,1,0
1068,1365,68,Male,Dishwashing Liquid,Household,3750000,Tabriz,L,Yellow,Fall,4.7,No,Express,Yes,Yes,5,1,Every 3 Months,Male_Delaware_68,3/26/2023,TRUE,Festival Norooz,0,1,1
1069,1366,28,Male,Sunflower Oil,Grocery,3450000,Isfahan,M,Magenta,Winter,4.5,No,Store Pickup,Yes,Yes,18,0,Fortnightly,Male_Indiana_28,3/27/2023,TRUE,Festival Norooz,0,1,0
1070,1367,45,Male,Baguette,Bakery,2000000,Mashhad,M,Magenta,Fall,3.1,No,Free Shipping,Yes,Yes,10,0,Fortnightly,Male_Iowa_45,6/11/2023,FALSE,,0,0,0
1071,1368,60,Male,Sugar 1kg,Grocery,3150000,Kermanshah,S,Black,Fall,3.8,No,Express,Yes,Yes,25,1,Quarterly,Male_Iowa_60,7/13/2023,TRUE,Summer Sale Iran,0,1,0
1072,1369,21,Male,Dishwashing Liquid,Household,1800000,Rasht,L,Orange,Summer,4.9,No,Express,Yes,Yes,2,1,Weekly,Male_Wisconsin_21,7/10/2023,TRUE,Summer Sale Iran,1,1,0
524,1370,32,Male,Toothpaste,Personal Care,3750000,Bandar Abbas,M,Green,Winter,3.2,No,Standard,Yes,Yes,48,0,Fortnightly,Male_Iowa_32,3/24/2023,TRUE,Festival Norooz,0,1,3
1073,1371,27,Male,Cheddar Cheese,Dairy,3350000,Kerman,L,Peach,Summer,2.9,No,2-Day Shipping,Yes,Yes,41,0,Every 3 Months,Male_Montana_27,11/25/2023,TRUE,Yalda Festival,0,1,1
759,1372,40,Male,Fresh Bread,Bakery,3200000,Sari,M,Charcoal,Spring,2.8,No,Store Pickup,Yes,Yes,42,0,Monthly,Male_Mississippi_40,8/16/2023,FALSE,,0,0,0
1074,1373,64,Male,Frozen Chicken,Frozen,3050000,Qom,M,Gray,Fall,4,No,2-Day Shipping,Yes,Yes,44,0,Bi-Weekly,Male_Michigan_64,3/24/2023,TRUE,Festival Norooz,0,1,0
1075,1374,18,Male,Frozen Pizza,Frozen,2000000,Ahvaz,L,Turquoise,Winter,2.6,No,Store Pickup,Yes,Yes,6,1,Quarterly,Male_Virginia_18,11/28/2023,TRUE,Yalda Festival,0,1,0
913,1375,22,Male,Yogurt Bucket,Dairy,4850000,Ahvaz,M,Red,Fall,2.7,No,Free Shipping,Yes,Yes,5,0,Quarterly,Male_New York_22,7/10/2023,TRUE,Summer Sale Iran,0,1,1
1036,1376,42,Male,Dishwashing Liquid,Household,1550000,Hamedan,L,Brown,Spring,4.1,No,2-Day Shipping,Yes,Yes,8,0,Annually,Male_Maine_42,4/29/2023,FALSE,,0,0,0
1076,1377,57,Male,Cheddar Cheese,Dairy,3250000,Kermanshah,L,Pink,Spring,5,No,Free Shipping,Yes,Yes,24,0,Annually,Male_New Jersey_57,3/28/2023,TRUE,Festival Norooz,0,1,0
1077,1378,33,Male,Milk 1L,Dairy,2700000,Ahvaz,L,Olive,Spring,3,No,Next Day Air,Yes,Yes,42,0,Monthly,Male_Maryland_33,7/17/2023,TRUE,Summer Sale Iran,0,1,0
621,1379,37,Male,Paper Towel Pack,Household,2450000,Bandar Abbas,XL,Lavender,Fall,3.6,No,Free Shipping,Yes,Yes,24,0,Weekly,Male_Kentucky_37,11/20/2023,TRUE,Yalda Festival,1,1,0
272,1380,21,Male,Frozen Pizza,Frozen,3200000,Yazd,L,Purple,Fall,2.8,No,2-Day Shipping,Yes,Yes,38,0,Bi-Weekly,Male_Minnesota_21,7/10/2023,TRUE,Summer Sale Iran,0,2,1
538,1381,51,Male,Rice 10kg,Grocery,1750000,Kerman,S,Beige,Winter,4.6,No,Standard,Yes,Yes,41,1,Fortnightly,Male_Massachusetts_51,3/21/2023,TRUE,Festival Norooz,0,1,2
1078,1382,30,Male,Mineral Water 1.5L,Beverages,4300000,Arak,L,Green,Winter,2.9,No,Standard,Yes,Yes,48,0,Quarterly,Male_Illinois_30,7/18/2023,TRUE,Summer Sale Iran,0,1,0
1079,1383,68,Male,Chocolate Bar,Snacks,2750000,Yazd,L,Brown,Winter,4.8,No,Express,Yes,Yes,16,0,Quarterly,Male_Michigan_68,11/28/2023,TRUE,Yalda Festival,1,1,0
792,1384,36,Male,Milk 1L,Dairy,2900000,Arak,M,Beige,Spring,3.3,No,Express,Yes,Yes,4,0,Monthly,Male_Wisconsin_36,3/20/2023,TRUE,Festival Norooz,0,1,2
1080,1385,46,Male,Fresh Bread,Bakery,4800000,Mashhad,M,Beige,Fall,4.6,No,Standard,Yes,Yes,8,0,Weekly,Male_Alaska_46,3/20/2023,TRUE,Festival Norooz,0,1,0
57,1386,41,Male,Orange Juice,Beverages,3200000,Tehran,M,Indigo,Fall,2.6,No,Store Pickup,Yes,Yes,1,0,Bi-Weekly,Male_Mississippi_41,9/10/2023,FALSE,,0,0,0
1081,1387,68,Male,Dishwashing Liquid,Household,2800000,Shiraz,M,Silver,Fall,4,No,Next Day Air,Yes,Yes,4,0,Quarterly,Male_Oregon_68,1/20/2023,FALSE,,0,0,0
1082,1388,21,Male,Mineral Water 1.5L,Beverages,4250000,Urmia,M,Gold,Winter,3.8,No,Standard,Yes,Yes,20,0,Monthly,Male_Maryland_21,11/28/2023,TRUE,Yalda Festival,0,1,0
442,1389,62,Male,Milk 1L,Dairy,1150000,Karaj,M,Lavender,Spring,3.9,No,Express,Yes,Yes,40,1,Quarterly,Male_Arkansas_62,1/29/2023,FALSE,,0,0,0
430,1390,59,Male,Pasta Pack,Grocery,3600000,Shiraz,L,Orange,Fall,2.6,No,Store Pickup,Yes,Yes,8,0,Fortnightly,Male_Illinois_59,7/20/2023,TRUE,Summer Sale Iran,0,1,2
218,1391,25,Male,Sugar 1kg,Grocery,1900000,Yazd,M,Maroon,Summer,4.3,No,Standard,Yes,Yes,42,0,Weekly,Male_Arkansas_25,3/22/2023,TRUE,Festival Norooz,0,1,2
18,1392,53,Male,Baguette,Bakery,1450000,Isfahan,S,White,Winter,3.6,No,Express,Yes,Yes,38,0,Annually,Male_Mississippi_53,1/4/2023,FALSE,,0,0,0
1083,1393,31,Male,Frozen Pizza,Frozen,2300000,Tabriz,M,Yellow,Spring,4.2,No,Express,Yes,Yes,34,0,Every 3 Months,Male_Arkansas_31,11/28/2023,TRUE,Yalda Festival,0,1,1
1084,1394,46,Male,Baguette,Bakery,2900000,Shiraz,L,Yellow,Spring,3.9,No,Express,Yes,Yes,14,0,Fortnightly,Male_Idaho_46,7/10/2023,TRUE,Summer Sale Iran,1,1,1
1085,1395,26,Male,Sunflower Oil,Grocery,2150000,Yazd,L,Magenta,Fall,4.7,No,Next Day Air,Yes,Yes,39,1,Weekly,Male_Iowa_26,5/22/2023,FALSE,,0,0,0
1086,1396,47,Male,Mineral Water 1.5L,Beverages,1600000,Rasht,L,Turquoise,Spring,2.8,No,Next Day Air,Yes,Yes,40,0,Bi-Weekly,Male_West Virginia_47,8/10/2023,FALSE,,0,0,0
1087,1397,37,Male,Rice 10kg,Grocery,1500000,Sari,XL,Lavender,Winter,3,No,Next Day Air,Yes,Yes,49,0,Monthly,Male_Wisconsin_37,11/26/2023,TRUE,Yalda Festival,0,1,0
853,1398,55,Male,Frozen Chicken,Frozen,3350000,Urmia,S,Magenta,Summer,4.7,No,Store Pickup,Yes,Yes,33,0,Annually,Male_Massachusetts_55,6/18/2023,FALSE,,0,0,0
1088,1399,30,Male,Pasta Pack,Grocery,2250000,Ahvaz,M,Cyan,Summer,2.5,No,Free Shipping,Yes,Yes,25,0,Weekly,Male_Texas_30,3/28/2023,TRUE,Festival Norooz,0,1,0
435,1400,19,Male,Sugar 1kg,Grocery,4050000,Yazd,M,Olive,Winter,3.1,No,Store Pickup,Yes,Yes,48,0,Annually,Male_Nebraska_19,7/10/2023,TRUE,Summer Sale Iran,3,2,1
808,1401,36,Male,Tea Box,Grocery,1150000,Qom,M,Red,Fall,3.6,No,Next Day Air,Yes,Yes,22,0,Every 3 Months,Male_Nevada_36,7/19/2023,TRUE,Summer Sale Iran,1,1,0
1089,1402,23,Male,Laundry Detergent,Household,2950000,Yazd,M,Blue,Fall,3.5,No,2-Day Shipping,Yes,Yes,1,0,Weekly,Male_Indiana_23,11/28/2023,TRUE,Yalda Festival,1,1,0
343,1403,62,Male,Shampoo,Personal Care,1050000,Qazvin,L,White,Summer,3.1,No,Express,Yes,Yes,47,0,Monthly,Male_North Dakota_62,3/25/2023,TRUE,Festival Norooz,0,1,1
1090,1404,26,Male,Frozen Chicken,Frozen,1000000,Kermanshah,M,Peach,Spring,3.6,No,Store Pickup,Yes,Yes,20,0,Bi-Weekly,Male_Georgia_26,5/23/2023,FALSE,,0,0,0
1091,1405,36,Male,Frozen Chicken,Frozen,1400000,Hamedan,M,Charcoal,Winter,3.5,No,Next Day Air,Yes,Yes,10,0,Weekly,Male_New Mexico_36,3/22/2023,TRUE,Festival Norooz,0,1,2
1092,1406,33,Male,Frozen Chicken,Frozen,5000000,Mashhad,M,Peach,Winter,2.7,No,Store Pickup,Yes,Yes,39,0,Monthly,Male_New Hampshire_33,5/7/2023,FALSE,,0,0,0
1093,1407,32,Male,Sunflower Oil,Grocery,2300000,Karaj,L,Turquoise,Spring,3.6,No,Express,Yes,Yes,15,0,Monthly,Male_Washington_32,8/7/2023,FALSE,,0,0,0
335,1408,56,Male,Frozen Pizza,Frozen,3050000,Isfahan,XL,Charcoal,Spring,4.5,No,Express,Yes,Yes,11,0,Annually,Male_Nevada_56,7/14/2023,TRUE,Summer Sale Iran,1,2,1
454,1409,58,Male,Paper Towel Pack,Household,2900000,Karaj,M,Yellow,Winter,4.1,No,Free Shipping,Yes,Yes,38,0,Weekly,Male_Maine_58,3/26/2023,TRUE,Festival Norooz,0,2,1
618,1410,34,Male,Fresh Bread,Bakery,2500000,Urmia,M,Blue,Spring,4.2,No,Standard,Yes,Yes,41,1,Fortnightly,Male_Idaho_34,5/28/2023,FALSE,,0,0,0
1094,1411,61,Male,Body Wash,Personal Care,4650000,Qazvin,M,Purple,Summer,4,No,Store Pickup,Yes,Yes,18,0,Annually,Male_Tennessee_61,7/8/2023,FALSE,,0,0,0
1095,1412,48,Male,Sunflower Oil,Grocery,1200000,Kermanshah,L,Green,Summer,2.8,No,Store Pickup,Yes,Yes,13,0,Quarterly,Male_Louisiana_48,3/29/2023,TRUE,Festival Norooz,0,1,0
606,1413,25,Male,Body Wash,Personal Care,5000000,Bandar Abbas,M,Charcoal,Summer,2.6,No,2-Day Shipping,Yes,Yes,43,0,Annually,Male_Michigan_25,7/20/2023,TRUE,Summer Sale Iran,0,2,1
1096,1414,51,Male,Tea Box,Grocery,3950000,Tehran,S,Indigo,Fall,2.7,No,Store Pickup,Yes,Yes,12,0,Quarterly,Male_New Hampshire_51,7/10/2023,TRUE,Summer Sale Iran,0,1,0
1097,1415,29,Male,Tea Box,Grocery,2550000,Mashhad,M,Black,Summer,4.5,No,Store Pickup,Yes,Yes,3,0,Bi-Weekly,Male_Minnesota_29,7/15/2023,TRUE,Summer Sale Iran,1,1,1
1098,1416,54,Male,Cola 1.5L,Beverages,4500000,Yazd,M,Blue,Winter,3.7,No,Free Shipping,Yes,Yes,12,0,Every 3 Months,Male_Illinois_54,11/28/2023,TRUE,Yalda Festival,2,1,0
886,1417,48,Male,Cheddar Cheese,Dairy,2800000,Tehran,L,Silver,Summer,3.4,No,Free Shipping,Yes,Yes,46,1,Quarterly,Male_Idaho_48,7/13/2023,TRUE,Summer Sale Iran,0,2,0
658,1418,62,Male,Shampoo,Personal Care,1250000,Urmia,S,Brown,Spring,4.6,No,Standard,Yes,Yes,21,0,Fortnightly,Male_Montana_62,7/19/2023,TRUE,Summer Sale Iran,1,1,1
1099,1419,18,Male,Milk 1L,Dairy,3750000,Ahvaz,M,Violet,Summer,4.1,No,2-Day Shipping,Yes,Yes,23,0,Every 3 Months,Male_Alabama_18,7/1/2023,FALSE,,0,0,0
845,1420,43,Male,Fresh Bread,Bakery,3750000,Bandar Abbas,M,Orange,Summer,2.6,No,Free Shipping,Yes,Yes,4,0,Quarterly,Male_Montana_43,3/25/2023,TRUE,Festival Norooz,0,1,2
887,1421,22,Male,Chocolate Bar,Snacks,2650000,Ahvaz,XL,Gray,Summer,4.6,No,Store Pickup,Yes,Yes,45,0,Every 3 Months,Male_California_22,7/18/2023,TRUE,Summer Sale Iran,2,1,0
1100,1422,68,Male,Cheddar Cheese,Dairy,5000000,Qom,S,Gold,Spring,3,No,Standard,Yes,Yes,24,0,Fortnightly,Male_Pennsylvania_68,3/20/2023,TRUE,Festival Norooz,0,1,0
1101,1423,44,Male,Sunflower Oil,Grocery,1350000,Rasht,L,Charcoal,Fall,3.4,No,Free Shipping,Yes,Yes,3,0,Bi-Weekly,Male_Texas_44,11/22/2023,TRUE,Yalda Festival,0,1,0
1102,1424,51,Male,Potato Chips,Snacks,3000000,Tehran,S,Black,Fall,3.5,No,Free Shipping,Yes,Yes,12,0,Every 3 Months,Male_Michigan_51,11/20/2023,TRUE,Yalda Festival,0,1,0
1103,1425,66,Male,Rice 10kg,Grocery,1150000,Tabriz,S,Indigo,Fall,3.5,No,Standard,Yes,Yes,34,0,Every 3 Months,Male_Connecticut_66,3/27/2023,TRUE,Festival Norooz,0,1,1
1104,1426,59,Male,Body Wash,Personal Care,2000000,Arak,S,White,Winter,3.7,No,Next Day Air,Yes,Yes,39,0,Annually,Male_Wyoming_59,3/28/2023,TRUE,Festival Norooz,0,1,0
1105,1427,60,Male,Laundry Detergent,Household,1900000,Karaj,M,Yellow,Summer,4.8,No,Free Shipping,Yes,Yes,35,0,Every 3 Months,Male_Michigan_60,12/6/2023,FALSE,,0,0,0
1106,1428,31,Male,Rice 10kg,Grocery,4500000,Rasht,S,Orange,Summer,4.9,No,Store Pickup,Yes,Yes,8,0,Annually,Male_South Dakota_31,11/20/2023,TRUE,Yalda Festival,0,1,0
581,1429,20,Male,Laundry Detergent,Household,4850000,Yazd,S,Green,Summer,4.9,No,Express,Yes,Yes,42,0,Quarterly,Male_North Dakota_20,7/18/2023,TRUE,Summer Sale Iran,0,2,3
1107,1430,24,Male,Orange Juice,Beverages,1900000,Arak,L,Gold,Fall,4.7,No,Standard,Yes,Yes,6,0,Every 3 Months,Male_Maryland_24,7/11/2023,TRUE,Summer Sale Iran,1,1,0
1108,1431,48,Male,Yogurt Bucket,Dairy,1500000,Tehran,S,Orange,Summer,4.9,No,Free Shipping,Yes,Yes,3,0,Fortnightly,Male_Michigan_48,7/20/2023,TRUE,Summer Sale Iran,1,1,0
1109,1432,39,Male,Toothpaste,Personal Care,4400000,Qazvin,M,Cyan,Fall,2.9,No,Express,Yes,Yes,29,0,Quarterly,Male_South Dakota_39,7/17/2023,TRUE,Summer Sale Iran,0,1,1
579,1433,34,Male,Potato Chips,Snacks,1650000,Qazvin,L,Black,Winter,4.4,No,Express,Yes,Yes,32,0,Quarterly,Male_Florida_34,5/9/2023,FALSE,,0,0,0
751,1434,70,Male,Sunflower Oil,Grocery,3000000,Arak,L,Yellow,Winter,3.2,No,Next Day Air,Yes,Yes,45,0,Weekly,Male_Minnesota_70,3/29/2023,TRUE,Festival Norooz,1,1,2
1110,1435,59,Male,Cola 1.5L,Beverages,3200000,Isfahan,L,Maroon,Summer,4.6,No,Free Shipping,Yes,Yes,21,0,Bi-Weekly,Male_New York_59,2/5/2023,FALSE,,0,0,0
5,1436,45,Male,Milk 1L,Dairy,4750000,Karaj,XL,Black,Fall,4,No,Standard,Yes,Yes,41,1,Weekly,Male_Oregon_45,12/22/2023,FALSE,,0,0,0
383,1437,35,Male,Cheddar Cheese,Dairy,4150000,Qazvin,M,Gray,Winter,3.7,No,Free Shipping,Yes,Yes,23,0,Fortnightly,Male_Minnesota_35,3/27/2023,TRUE,Festival Norooz,0,1,2
1111,1438,69,Male,Cola 1.5L,Beverages,4850000,Kermanshah,XL,Orange,Winter,4.2,No,Free Shipping,Yes,Yes,14,1,Annually,Male_Montana_69,11/22/2023,TRUE,Yalda Festival,0,1,0
817,1439,58,Male,Cheddar Cheese,Dairy,1900000,Yazd,M,Cyan,Spring,2.9,No,Standard,Yes,Yes,24,0,Monthly,Male_Washington_58,11/30/2023,TRUE,Yalda Festival,1,1,0
688,1440,25,Male,Frozen Chicken,Frozen,2400000,Tabriz,M,Magenta,Summer,4.8,No,Next Day Air,Yes,Yes,25,1,Fortnightly,Male_New Mexico_25,7/21/2023,FALSE,,0,0,0
1112,1441,27,Male,Cola 1.5L,Beverages,3800000,Karaj,M,Pink,Spring,4.4,No,Standard,Yes,Yes,13,0,Monthly,Male_Arizona_27,7/20/2023,TRUE,Summer Sale Iran,1,1,0
1113,1442,34,Male,Baguette,Bakery,1250000,Kermanshah,S,Turquoise,Summer,3.4,No,Free Shipping,Yes,Yes,3,0,Every 3 Months,Male_Nebraska_34,3/28/2023,TRUE,Festival Norooz,0,1,0
1114,1443,53,Male,Cheddar Cheese,Dairy,4600000,Shiraz,S,Violet,Spring,2.8,No,2-Day Shipping,Yes,Yes,42,0,Annually,Male_Idaho_53,3/22/2023,TRUE,Festival Norooz,0,1,0
1115,1444,58,Male,Tea Box,Grocery,2350000,Tehran,L,Teal,Fall,4.2,No,Next Day Air,Yes,Yes,2,1,Monthly,Male_Idaho_58,3/28/2023,TRUE,Festival Norooz,0,1,1
1116,1445,32,Male,Fresh Bread,Bakery,1800000,Isfahan,L,Pink,Fall,3.8,No,Express,Yes,Yes,26,1,Quarterly,Male_Vermont_32,11/26/2023,TRUE,Yalda Festival,0,1,1
572,1446,64,Male,Laundry Detergent,Household,2550000,Hamedan,M,Gold,Fall,3.1,No,2-Day Shipping,Yes,Yes,24,0,Annually,Male_Arkansas_64,11/27/2023,TRUE,Yalda Festival,3,1,0
1117,1447,63,Male,Cheddar Cheese,Dairy,1750000,Urmia,XL,Red,Summer,3.2,No,Express,Yes,Yes,6,0,Quarterly,Male_Wyoming_63,3/25/2023,TRUE,Festival Norooz,0,1,0
1118,1448,23,Male,Fresh Bread,Bakery,2850000,Yazd,S,Beige,Summer,3,No,Next Day Air,Yes,Yes,25,0,Monthly,Male_New Mexico_23,2/27/2023,FALSE,,0,0,0
120,1449,64,Male,Fresh Bread,Bakery,4750000,Rasht,M,Black,Summer,3.6,No,Free Shipping,Yes,Yes,11,0,Every 3 Months,Male_West Virginia_64,1/6/2023,FALSE,,0,0,0
1119,1450,18,Male,Paper Towel Pack,Household,2050000,Qazvin,L,Lavender,Winter,2.5,No,Store Pickup,Yes,Yes,20,1,Every 3 Months,Male_New York_18,11/30/2023,TRUE,Yalda Festival,0,1,0
712,1451,25,Male,Sugar 1kg,Grocery,2200000,Tehran,S,Teal,Winter,3.4,No,Free Shipping,Yes,Yes,25,1,Quarterly,Male_Illinois_25,11/25/2023,TRUE,Yalda Festival,2,2,0
423,1452,54,Male,Sugar 1kg,Grocery,1700000,Rasht,M,Maroon,Fall,2.5,No,Next Day Air,Yes,Yes,35,0,Quarterly,Male_Utah_54,8/18/2023,FALSE,,0,0,0
816,1453,60,Male,Milk 1L,Dairy,1250000,Isfahan,L,Blue,Spring,4.7,No,2-Day Shipping,Yes,Yes,11,0,Quarterly,Male_Colorado_60,7/8/2023,FALSE,,0,0,0
72,1454,36,Male,Chocolate Bar,Snacks,4650000,Kerman,S,Teal,Winter,3.2,No,2-Day Shipping,Yes,Yes,41,0,Fortnightly,Male_Virginia_36,11/27/2023,TRUE,Yalda Festival,0,2,0
1120,1455,66,Male,Frozen Pizza,Frozen,2500000,Karaj,L,Maroon,Winter,2.9,No,Free Shipping,Yes,Yes,17,0,Annually,Male_Georgia_66,3/26/2023,TRUE,Festival Norooz,0,1,2
1121,1456,60,Male,Dishwashing Liquid,Household,3950000,Shiraz,L,Silver,Fall,4.9,No,Express,Yes,Yes,1,0,Every 3 Months,Male_Alabama_60,3/29/2023,TRUE,Festival Norooz,0,1,1
1122,1457,59,Male,Sugar 1kg,Grocery,5000000,Sari,S,Olive,Spring,2.7,No,Store Pickup,Yes,Yes,30,0,Every 3 Months,Male_Montana_59,3/24/2023,TRUE,Festival Norooz,1,1,0
333,1458,58,Male,Frozen Chicken,Frozen,2850000,Ahvaz,S,Gray,Spring,4.7,No,Express,Yes,Yes,47,0,Fortnightly,Male_Pennsylvania_58,1/17/2023,FALSE,,0,0,0
155,1459,35,Male,Frozen Chicken,Frozen,1400000,Arak,M,Peach,Spring,2.9,No,2-Day Shipping,Yes,Yes,34,0,Weekly,Male_Missouri_35,9/14/2023,FALSE,,0,0,0
1123,1460,20,Male,Frozen Pizza,Frozen,1750000,Kerman,L,Yellow,Winter,4.8,No,Express,Yes,Yes,18,0,Fortnightly,Male_Maine_20,3/24/2023,TRUE,Festival Norooz,2,1,0
1124,1461,70,Male,Laundry Detergent,Household,4250000,Sari,L,Violet,Fall,4.6,No,Standard,Yes,Yes,33,0,Bi-Weekly,Male_Pennsylvania_70,11/20/2023,TRUE,Yalda Festival,0,1,0
1125,1462,54,Male,Cola 1.5L,Beverages,4750000,Rasht,S,Red,Summer,5,No,2-Day Shipping,Yes,Yes,42,0,Quarterly,Male_Oregon_54,7/17/2023,TRUE,Summer Sale Iran,0,2,0
1126,1463,38,Male,Sugar 1kg,Grocery,4500000,Sari,S,Charcoal,Summer,4.8,No,2-Day Shipping,Yes,Yes,2,0,Quarterly,Male_Utah_38,3/21/2023,TRUE,Festival Norooz,0,1,0
433,1464,54,Male,Cheddar Cheese,Dairy,2450000,Rasht,M,Beige,Summer,4.9,No,Store Pickup,Yes,Yes,1,0,Monthly,Male_Oklahoma_54,11/30/2023,TRUE,Yalda Festival,1,1,0
801,1465,33,Male,Potato Chips,Snacks,4600000,Bandar Abbas,M,Peach,Winter,4.6,No,2-Day Shipping,Yes,Yes,23,0,Quarterly,Male_Montana_33,3/20/2023,TRUE,Festival Norooz,0,1,1
189,1466,46,Male,Sunflower Oil,Grocery,3600000,Kermanshah,XL,Violet,Winter,3.9,No,Store Pickup,Yes,Yes,42,1,Bi-Weekly,Male_Nebraska_46,3/21/2023,TRUE,Festival Norooz,1,1,0
110,1467,58,Male,Sugar 1kg,Grocery,3550000,Qazvin,M,Green,Summer,4.5,No,Store Pickup,Yes,Yes,3,0,Annually,Male_Alabama_58,4/9/2023,FALSE,,0,0,0
1127,1468,30,Male,Cola 1.5L,Beverages,1350000,Qom,XL,Olive,Winter,4.7,No,Store Pickup,Yes,Yes,16,0,Fortnightly,Male_Ohio_30,11/28/2023,TRUE,Yalda Festival,1,1,0
1128,1469,42,Male,Milk 1L,Dairy,1950000,Sari,S,Silver,Fall,3.9,No,Express,Yes,Yes,46,1,Fortnightly,Male_Arkansas_42,11/30/2023,TRUE,Yalda Festival,0,1,0
1129,1470,28,Male,Mixed Nuts,Snacks,4900000,Qom,M,Purple,Winter,4.4,No,Standard,Yes,Yes,31,0,Every 3 Months,Male_Mississippi_28,7/17/2023,TRUE,Summer Sale Iran,1,1,0
546,1471,43,Male,Tea Box,Grocery,1350000,Tabriz,M,Silver,Spring,3.9,No,Next Day Air,Yes,Yes,15,1,Every 3 Months,Male_California_43,7/20/2023,TRUE,Summer Sale Iran,0,2,1
1130,1472,31,Male,Frozen Chicken,Frozen,3550000,Hamedan,S,Gray,Spring,2.8,No,2-Day Shipping,Yes,Yes,48,0,Every 3 Months,Male_Alaska_31,11/23/2023,TRUE,Yalda Festival,0,2,0
1049,1473,39,Male,Mineral Water 1.5L,Beverages,1200000,Rasht,L,Turquoise,Spring,3.5,No,Store Pickup,Yes,Yes,11,1,Weekly,Male_Indiana_39,11/23/2023,TRUE,Yalda Festival,2,1,0
1131,1474,69,Male,Mixed Nuts,Snacks,3150000,Tabriz,M,Violet,Fall,4.3,No,Express,Yes,Yes,20,0,Every 3 Months,Male_Wisconsin_69,3/28/2023,TRUE,Festival Norooz,1,1,0
1132,1475,31,Male,Toothpaste,Personal Care,3600000,Shiraz,S,Pink,Fall,3.9,No,Next Day Air,Yes,Yes,6,0,Monthly,Male_New Jersey_31,11/23/2023,TRUE,Yalda Festival,1,1,0
1133,1476,44,Male,Tea Box,Grocery,3050000,Bandar Abbas,M,Teal,Spring,4,No,Express,Yes,Yes,24,1,Monthly,Male_Rhode Island_44,11/23/2023,TRUE,Yalda Festival,1,1,0
1134,1477,39,Male,Paper Towel Pack,Household,2800000,Urmia,M,Magenta,Fall,4.1,No,Next Day Air,Yes,Yes,18,0,Monthly,Male_Wyoming_39,6/2/2023,FALSE,,0,0,0
476,1478,24,Male,Mineral Water 1.5L,Beverages,1600000,Sari,XL,Silver,Summer,4.3,No,Standard,Yes,Yes,1,0,Every 3 Months,Male_Oregon_24,11/23/2023,TRUE,Yalda Festival,1,1,0
1135,1479,28,Male,Chocolate Bar,Snacks,1150000,Urmia,M,Blue,Summer,4.2,No,Free Shipping,Yes,Yes,13,0,Bi-Weekly,Male_Washington_28,11/20/2023,TRUE,Yalda Festival,0,1,0
520,1480,48,Male,Yogurt Bucket,Dairy,5000000,Sari,L,Black,Spring,4,No,Standard,Yes,Yes,2,0,Weekly,Male_Washington_48,7/15/2023,TRUE,Summer Sale Iran,1,3,0
356,1481,39,Male,Tea Box,Grocery,3700000,Arak,M,Gold,Fall,3.6,No,Express,Yes,Yes,26,1,Quarterly,Male_New Hampshire_39,3/29/2023,TRUE,Festival Norooz,0,2,0
259,1482,64,Male,Paper Towel Pack,Household,1650000,Karaj,S,Gray,Spring,3.3,No,Standard,Yes,Yes,31,0,Quarterly,Male_Maryland_64,10/18/2023,FALSE,,0,0,0
1136,1483,28,Male,Frozen Pizza,Frozen,3350000,Arak,S,Magenta,Spring,4.1,No,2-Day Shipping,Yes,Yes,43,0,Weekly,Male_Wisconsin_28,3/29/2023,TRUE,Festival Norooz,0,1,0
1137,1484,39,Male,Body Wash,Personal Care,3050000,Kerman,S,Yellow,Summer,4.7,No,Next Day Air,Yes,Yes,12,0,Bi-Weekly,Male_Massachusetts_39,11/23/2023,TRUE,Yalda Festival,1,1,0
1138,1485,49,Male,Orange Juice,Beverages,2300000,Tehran,M,Teal,Summer,4.4,No,Store Pickup,Yes,Yes,22,0,Every 3 Months,Male_Nebraska_49,2/10/2023,FALSE,,0,0,0
1139,1486,22,Male,Fresh Bread,Bakery,2800000,Tehran,L,Red,Spring,3.4,No,Standard,Yes,Yes,3,1,Fortnightly,Male_Nebraska_22,7/14/2023,TRUE,Summer Sale Iran,0,1,0
1140,1487,25,Male,Milk 1L,Dairy,3650000,Qom,S,Yellow,Spring,5,No,Free Shipping,Yes,Yes,23,0,Every 3 Months,Male_Idaho_25,11/22/2023,TRUE,Yalda Festival,0,1,0
895,1488,40,Male,Laundry Detergent,Household,2200000,Qazvin,L,Black,Summer,4.6,No,Store Pickup,Yes,Yes,26,0,Annually,Male_Arizona_40,3/23/2023,TRUE,Festival Norooz,0,2,0
1141,1489,23,Male,Potato Chips,Snacks,2200000,Shiraz,L,Pink,Winter,4,No,Standard,Yes,Yes,37,0,Weekly,Male_Hawaii_23,7/16/2023,TRUE,Summer Sale Iran,0,1,1
144,1490,24,Male,Fresh Bread,Bakery,1300000,Arak,XL,Magenta,Summer,4.1,No,Next Day Air,Yes,Yes,42,0,Quarterly,Male_Missouri_24,12/17/2023,FALSE,,0,0,0
1142,1491,66,Male,Fresh Bread,Bakery,2600000,Isfahan,L,Olive,Spring,4.9,No,Express,Yes,Yes,15,0,Bi-Weekly,Male_Louisiana_66,11/29/2023,TRUE,Yalda Festival,0,1,0
1143,1492,27,Male,Laundry Detergent,Household,2700000,Mashhad,S,Black,Summer,2.7,No,Free Shipping,Yes,Yes,10,0,Quarterly,Male_Arkansas_27,3/22/2023,TRUE,Festival Norooz,0,1,0
1144,1493,62,Male,Pasta Pack,Grocery,1900000,Ahvaz,M,Maroon,Summer,4.5,No,Free Shipping,Yes,Yes,3,0,Quarterly,Male_North Carolina_62,3/23/2023,TRUE,Festival Norooz,0,1,0
1145,1494,70,Male,Yogurt Bucket,Dairy,2200000,Rasht,S,Gold,Fall,2.7,No,Standard,Yes,Yes,44,0,Quarterly,Male_North Dakota_70,9/25/2023,FALSE,,0,0,0
845,1495,43,Male,Dishwashing Liquid,Household,3800000,Mashhad,M,Gray,Spring,3,No,Next Day Air,Yes,Yes,23,0,Fortnightly,Male_Montana_43,11/21/2023,TRUE,Yalda Festival,1,2,0
640,1496,45,Male,Potato Chips,Snacks,1150000,Qom,M,Brown,Winter,4.5,No,Next Day Air,Yes,Yes,6,0,Weekly,Male_Rhode Island_45,11/29/2023,TRUE,Yalda Festival,2,1,0
146,1497,63,Male,Mixed Nuts,Snacks,4900000,Qom,M,Purple,Winter,5,No,Standard,Yes,Yes,9,0,Bi-Weekly,Male_Idaho_63,11/28/2023,TRUE,Yalda Festival,0,1,1
1146,1498,69,Male,Orange Juice,Beverages,1650000,Qom,S,Magenta,Spring,3.8,No,2-Day Shipping,Yes,Yes,16,0,Every 3 Months,Male_Michigan_69,7/17/2023,TRUE,Summer Sale Iran,1,1,0
430,1499,59,Male,Frozen Pizza,Frozen,1600000,Arak,M,Teal,Summer,3.1,No,Standard,Yes,Yes,46,0,Fortnightly,Male_Illinois_59,11/22/2023,TRUE,Yalda Festival,1,2,0
83,1500,19,Male,Chocolate Bar,Snacks,4250000,Bandar Abbas,S,Olive,Fall,3.4,No,Free Shipping,Yes,Yes,24,0,Every 3 Months,Male_Georgia_19,7/18/2023,TRUE,Summer Sale Iran,1,1,1
605,1501,63,Male,Yogurt Bucket,Dairy,3450000,Arak,L,Maroon,Summer,4.8,No,Next Day Air,Yes,Yes,22,0,Monthly,Male_Alabama_63,11/24/2023,TRUE,Yalda Festival,2,2,0
1147,1502,37,Male,Yogurt Bucket,Dairy,2750000,Qom,XL,Silver,Spring,2.7,No,Standard,Yes,Yes,13,0,Every 3 Months,Male_Alaska_37,7/18/2023,TRUE,Summer Sale Iran,0,1,0
1148,1503,37,Male,Frozen Chicken,Frozen,3300000,Tehran,M,Black,Summer,3.2,No,Store Pickup,Yes,Yes,20,1,Fortnightly,Male_Massachusetts_37,3/31/2023,TRUE,Festival Norooz,0,1,0
457,1504,50,Male,Orange Juice,Beverages,1500000,Tabriz,M,Maroon,Fall,3.9,No,2-Day Shipping,Yes,Yes,46,1,Quarterly,Male_Michigan_50,3/23/2023,TRUE,Festival Norooz,0,2,0
1149,1505,60,Male,Laundry Detergent,Household,4000000,Kermanshah,M,Teal,Winter,4.2,No,Next Day Air,Yes,Yes,10,0,Monthly,Male_Alaska_60,4/14/2023,FALSE,,0,0,0
314,1506,46,Male,Dishwashing Liquid,Household,1000000,Karaj,M,Teal,Summer,3,No,Express,Yes,Yes,39,1,Monthly,Male_North Dakota_46,11/20/2023,TRUE,Yalda Festival,2,1,0
1150,1507,35,Male,Fresh Bread,Bakery,1500000,Hamedan,L,Beige,Fall,3,No,2-Day Shipping,Yes,Yes,44,0,Quarterly,Male_South Carolina_35,3/22/2023,TRUE,Festival Norooz,0,1,1
990,1508,66,Male,Cola 1.5L,Beverages,4300000,Kerman,S,Maroon,Winter,3.7,No,2-Day Shipping,Yes,Yes,7,0,Annually,Male_Pennsylvania_66,8/28/2023,FALSE,,0,0,0
594,1509,35,Male,Cheddar Cheese,Dairy,4200000,Bandar Abbas,L,Beige,Spring,4.4,No,Store Pickup,Yes,Yes,3,1,Every 3 Months,Male_Colorado_35,3/23/2023,TRUE,Festival Norooz,0,3,1
1151,1510,20,Male,Body Wash,Personal Care,2700000,Urmia,XL,White,Summer,4.6,No,Free Shipping,Yes,Yes,44,0,Annually,Male_New Hampshire_20,11/25/2023,TRUE,Yalda Festival,1,1,0
867,1511,55,Male,Shampoo,Personal Care,1500000,Sari,XL,Gray,Fall,3,No,Free Shipping,Yes,Yes,31,0,Annually,Male_Maryland_55,6/7/2023,FALSE,,0,0,0
436,1512,34,Male,Yogurt Bucket,Dairy,4550000,Hamedan,M,Violet,Winter,3.6,No,Express,Yes,Yes,48,0,Weekly,Male_Georgia_34,11/28/2023,TRUE,Yalda Festival,1,1,0
1152,1513,60,Male,Mineral Water 1.5L,Beverages,1150000,Hamedan,L,Silver,Winter,3.9,No,Standard,Yes,Yes,18,0,Bi-Weekly,Male_Wisconsin_60,10/1/2023,FALSE,,0,0,0
1153,1514,22,Male,Cola 1.5L,Beverages,1750000,Hamedan,M,Red,Spring,4.1,No,Free Shipping,Yes,Yes,27,1,Monthly,Male_Texas_22,11/25/2023,TRUE,Yalda Festival,0,1,0
824,1515,26,Male,Frozen Chicken,Frozen,4500000,Shiraz,L,Brown,Winter,3.9,No,2-Day Shipping,Yes,Yes,1,0,Weekly,Male_Utah_26,11/24/2023,TRUE,Yalda Festival,1,1,0
1049,1516,39,Male,Cola 1.5L,Beverages,4650000,Urmia,S,Turquoise,Fall,3.9,No,2-Day Shipping,Yes,Yes,34,1,Weekly,Male_Indiana_39,3/23/2023,TRUE,Festival Norooz,0,1,2
1154,1517,20,Male,Mixed Nuts,Snacks,3400000,Qom,L,Indigo,Winter,4.5,No,Express,Yes,Yes,5,0,Bi-Weekly,Male_Nevada_20,11/22/2023,TRUE,Yalda Festival,0,1,0
901,1518,57,Male,Milk 1L,Dairy,2050000,Sari,M,Violet,Spring,3.4,No,Standard,Yes,Yes,12,1,Quarterly,Male_New Hampshire_57,11/25/2023,TRUE,Yalda Festival,1,1,1
1155,1519,68,Male,Toothpaste,Personal Care,3650000,Rasht,M,Yellow,Winter,4.1,No,Next Day Air,Yes,Yes,14,0,Fortnightly,Male_New York_68,11/30/2023,TRUE,Yalda Festival,1,1,0
1156,1520,50,Male,Dishwashing Liquid,Household,3650000,Karaj,L,Cyan,Fall,4.9,No,Next Day Air,Yes,Yes,40,0,Weekly,Male_Texas_50,3/27/2023,TRUE,Festival Norooz,0,1,0
1157,1521,21,Male,Cola 1.5L,Beverages,3300000,Kerman,M,Brown,Summer,4.4,No,2-Day Shipping,Yes,Yes,39,1,Quarterly,Male_Iowa_21,10/18/2023,FALSE,,0,0,0
529,1522,29,Male,Orange Juice,Beverages,2950000,Mashhad,M,White,Summer,2.7,No,2-Day Shipping,Yes,Yes,50,0,Weekly,Male_Washington_29,1/3/2023,FALSE,,0,0,0
1158,1523,38,Male,Milk 1L,Dairy,3600000,Qazvin,L,Yellow,Spring,4.8,No,Free Shipping,Yes,Yes,5,0,Monthly,Male_Tennessee_38,1/16/2023,FALSE,,0,0,0
1159,1524,54,Male,Pasta Pack,Grocery,4400000,Urmia,M,White,Summer,3.3,No,2-Day Shipping,Yes,Yes,35,0,Annually,Male_Georgia_54,11/23/2023,TRUE,Yalda Festival,0,1,0
1160,1525,22,Male,Milk 1L,Dairy,3800000,Bandar Abbas,L,Pink,Summer,4.4,No,Free Shipping,Yes,Yes,6,1,Bi-Weekly,Male_Massachusetts_22,5/25/2023,FALSE,,0,0,0
1161,1526,29,Male,Fresh Bread,Bakery,1550000,Yazd,M,Indigo,Winter,4.6,No,2-Day Shipping,Yes,Yes,22,1,Fortnightly,Male_Oregon_29,11/20/2023,TRUE,Yalda Festival,0,1,0
153,1527,41,Male,Shampoo,Personal Care,1100000,Bandar Abbas,L,White,Summer,3.1,No,Next Day Air,Yes,Yes,27,0,Monthly,Male_Oklahoma_41,2/24/2023,FALSE,,0,0,0
1162,1528,26,Male,Laundry Detergent,Household,3750000,Rasht,L,Red,Fall,4.5,No,2-Day Shipping,Yes,Yes,33,0,Fortnightly,Male_Wisconsin_26,3/27/2023,TRUE,Festival Norooz,0,1,0
1024,1529,69,Male,Frozen Chicken,Frozen,3750000,Isfahan,S,Red,Spring,4,No,Store Pickup,Yes,Yes,47,0,Bi-Weekly,Male_Oregon_69,7/13/2023,TRUE,Summer Sale Iran,1,1,0
440,1530,20,Male,Toothpaste,Personal Care,3150000,Tehran,M,Lavender,Winter,3.1,No,Free Shipping,Yes,Yes,48,0,Bi-Weekly,Male_Georgia_20,11/27/2023,TRUE,Yalda Festival,1,1,0
1163,1531,59,Male,Sunflower Oil,Grocery,1050000,Ahvaz,M,Teal,Spring,3.9,No,Next Day Air,Yes,Yes,22,0,Quarterly,Male_New Mexico_59,3/31/2023,TRUE,Festival Norooz,0,1,0
630,1532,63,Male,Shampoo,Personal Care,4150000,Bandar Abbas,S,Violet,Spring,4.5,No,Next Day Air,Yes,Yes,8,0,Bi-Weekly,Male_Mississippi_63,3/20/2023,TRUE,Festival Norooz,0,1,1
1164,1533,68,Male,Shampoo,Personal Care,2300000,Shiraz,S,Silver,Winter,4.4,No,Next Day Air,Yes,Yes,5,0,Every 3 Months,Male_Wisconsin_68,7/18/2023,TRUE,Summer Sale Iran,1,1,1
1165,1534,50,Male,Cheddar Cheese,Dairy,2950000,Sari,M,Gold,Summer,3.6,No,2-Day Shipping,Yes,Yes,16,0,Quarterly,Male_New Hampshire_50,7/13/2023,TRUE,Summer Sale Iran,0,1,0
669,1535,55,Male,Rice 10kg,Grocery,3300000,Mashhad,M,Green,Summer,3.4,No,Free Shipping,Yes,Yes,26,0,Fortnightly,Male_Wyoming_55,5/22/2023,FALSE,,0,0,0
187,1536,36,Male,Fresh Bread,Bakery,3700000,Hamedan,S,Turquoise,Fall,4,No,2-Day Shipping,Yes,Yes,8,0,Monthly,Male_West Virginia_36,11/29/2023,TRUE,Yalda Festival,1,1,0
1166,1537,18,Male,Pasta Pack,Grocery,4100000,Tabriz,M,Indigo,Summer,2.6,No,Store Pickup,Yes,Yes,17,1,Quarterly,Male_Michigan_18,7/14/2023,TRUE,Summer Sale Iran,0,1,0
1167,1538,68,Male,Cheddar Cheese,Dairy,4450000,Tabriz,L,Black,Spring,3.2,No,Next Day Air,Yes,Yes,50,0,Annually,Male_Alaska_68,10/28/2023,FALSE,,0,0,0
1168,1539,56,Male,Cheddar Cheese,Dairy,3250000,Hamedan,L,Charcoal,Fall,3.2,No,Standard,Yes,Yes,22,0,Bi-Weekly,Male_Illinois_56,3/31/2023,TRUE,Festival Norooz,0,1,1
183,1540,32,Male,Orange Juice,Beverages,2750000,Qom,M,Turquoise,Spring,5,No,2-Day Shipping,Yes,Yes,19,1,Every 3 Months,Male_Hawaii_32,7/25/2023,FALSE,,0,0,0
1169,1541,28,Male,Orange Juice,Beverages,4750000,Ahvaz,M,Red,Winter,2.9,No,Next Day Air,Yes,Yes,14,0,Monthly,Male_Colorado_28,7/12/2023,TRUE,Summer Sale Iran,1,2,0
590,1542,24,Male,Frozen Pizza,Frozen,3850000,Mashhad,S,Indigo,Winter,2.9,No,Store Pickup,Yes,Yes,35,1,Bi-Weekly,Male_Illinois_24,7/10/2023,TRUE,Summer Sale Iran,1,1,0
1170,1543,59,Male,Shampoo,Personal Care,2200000,Sari,M,Maroon,Winter,3.5,No,Next Day Air,Yes,Yes,43,0,Weekly,Male_Hawaii_59,11/22/2023,TRUE,Yalda Festival,2,1,0
1171,1544,56,Male,Potato Chips,Snacks,4450000,Qazvin,M,Indigo,Fall,4,No,Standard,Yes,Yes,24,0,Annually,Male_Wisconsin_56,11/13/2023,FALSE,,0,0,0
1172,1545,30,Male,Rice 10kg,Grocery,1200000,Arak,M,Maroon,Spring,3.9,No,Standard,Yes,Yes,17,0,Bi-Weekly,Male_Arkansas_30,7/10/2023,TRUE,Summer Sale Iran,1,1,0
287,1546,48,Male,Sugar 1kg,Grocery,2150000,Karaj,M,Black,Winter,4.9,No,Store Pickup,Yes,Yes,49,0,Annually,Male_Delaware_48,11/12/2023,FALSE,,0,0,0
1173,1547,60,Male,Tea Box,Grocery,2550000,Ahvaz,XL,Purple,Summer,3.8,No,Express,Yes,Yes,17,0,Annually,Male_Oregon_60,7/13/2023,TRUE,Summer Sale Iran,1,1,0
370,1548,46,Male,Laundry Detergent,Household,2300000,Shiraz,L,Teal,Summer,3.5,No,Standard,Yes,Yes,40,1,Quarterly,Male_South Carolina_46,3/27/2023,TRUE,Festival Norooz,0,2,2
288,1549,69,Male,Laundry Detergent,Household,1600000,Mashhad,M,Silver,Summer,3.7,No,Store Pickup,Yes,Yes,43,0,Weekly,Male_Maryland_69,11/22/2023,TRUE,Yalda Festival,0,1,1
1174,1550,19,Male,Rice 10kg,Grocery,2750000,Tehran,M,Black,Spring,2.9,No,2-Day Shipping,Yes,Yes,19,0,Every 3 Months,Male_Kansas_19,3/22/2023,TRUE,Festival Norooz,0,1,0
1175,1551,66,Male,Baguette,Bakery,1300000,Rasht,S,Black,Summer,2.8,No,Free Shipping,Yes,Yes,40,0,Quarterly,Male_Arkansas_66,7/16/2023,TRUE,Summer Sale Iran,1,1,0
107,1552,64,Male,Body Wash,Personal Care,1450000,Kermanshah,M,Olive,Summer,3.7,No,2-Day Shipping,Yes,Yes,13,0,Monthly,Male_Minnesota_64,3/31/2023,TRUE,Festival Norooz,1,1,2
802,1553,54,Male,Yogurt Bucket,Dairy,2450000,Hamedan,L,Purple,Spring,3,No,Express,Yes,Yes,20,0,Monthly,Male_New Mexico_54,11/20/2023,TRUE,Yalda Festival,3,1,0
1176,1554,27,Male,Yogurt Bucket,Dairy,2250000,Rasht,M,Indigo,Spring,4.8,No,Free Shipping,Yes,Yes,21,0,Quarterly,Male_Delaware_27,11/21/2023,TRUE,Yalda Festival,0,1,0
76,1555,64,Male,Potato Chips,Snacks,2400000,Yazd,S,Lavender,Winter,2.7,No,Standard,Yes,Yes,18,1,Bi-Weekly,Male_Utah_64,3/24/2023,TRUE,Festival Norooz,0,2,1
1177,1556,43,Male,Mixed Nuts,Snacks,2350000,Arak,S,Cyan,Winter,4.5,No,Free Shipping,Yes,Yes,44,1,Quarterly,Male_Ohio_43,7/12/2023,TRUE,Summer Sale Iran,0,1,0
1178,1557,43,Male,Mixed Nuts,Snacks,2850000,Ahvaz,M,Gold,Fall,2.7,No,Standard,Yes,Yes,26,0,Quarterly,Male_Alabama_43,11/29/2023,TRUE,Yalda Festival,0,1,0
1179,1558,27,Male,Frozen Chicken,Frozen,1700000,Tabriz,L,Magenta,Fall,3.5,No,Next Day Air,Yes,Yes,34,0,Quarterly,Male_South Dakota_27,7/10/2023,TRUE,Summer Sale Iran,0,1,0
1180,1559,35,Male,Tea Box,Grocery,3750000,Yazd,XL,Teal,Fall,3.5,No,Express,Yes,Yes,24,0,Every 3 Months,Male_New Mexico_35,11/27/2023,TRUE,Yalda Festival,0,1,0
1181,1560,43,Male,Milk 1L,Dairy,4700000,Yazd,L,Beige,Fall,4.5,No,Store Pickup,Yes,Yes,23,0,Fortnightly,Male_Oregon_43,12/9/2023,FALSE,,0,0,0
1182,1561,57,Male,Yogurt Bucket,Dairy,4200000,Tehran,M,Teal,Winter,3.8,No,Free Shipping,Yes,Yes,3,0,Weekly,Male_Oregon_57,7/28/2023,FALSE,,0,0,0
1183,1562,50,Male,Rice 10kg,Grocery,1900000,Yazd,M,Indigo,Summer,3.8,No,Standard,Yes,Yes,2,0,Quarterly,Male_Mississippi_50,11/30/2023,TRUE,Yalda Festival,0,1,0
1184,1563,37,Male,Cheddar Cheese,Dairy,3750000,Ahvaz,M,Purple,Winter,3.2,No,Next Day Air,Yes,Yes,23,0,Bi-Weekly,Male_Alabama_37,10/3/2023,FALSE,,0,0,0
1185,1564,68,Male,Sunflower Oil,Grocery,2200000,Qazvin,M,Teal,Fall,4.3,No,Next Day Air,Yes,Yes,8,1,Weekly,Male_Kansas_68,7/10/2023,TRUE,Summer Sale Iran,0,1,0
887,1565,22,Male,Orange Juice,Beverages,1650000,Karaj,XL,Turquoise,Summer,4.5,No,Next Day Air,Yes,Yes,30,0,Every 3 Months,Male_California_22,3/24/2023,TRUE,Festival Norooz,1,1,1
1115,1566,58,Male,Shampoo,Personal Care,4650000,Kerman,L,Peach,Fall,4.2,No,Free Shipping,Yes,Yes,48,0,Annually,Male_Idaho_58,11/27/2023,TRUE,Yalda Festival,1,1,0
326,1567,48,Male,Tea Box,Grocery,4950000,Rasht,S,Green,Winter,3,No,Free Shipping,Yes,Yes,21,1,Bi-Weekly,Male_Wyoming_48,3/23/2023,TRUE,Festival Norooz,0,1,1
1186,1568,30,Male,Orange Juice,Beverages,1650000,Isfahan,M,Turquoise,Spring,4.1,No,Standard,Yes,Yes,9,1,Monthly,Male_Minnesota_30,1/27/2023,FALSE,,0,0,0
1187,1569,51,Male,Baguette,Bakery,3800000,Kermanshah,L,Yellow,Spring,4.6,No,Store Pickup,Yes,Yes,8,0,Monthly,Male_Washington_51,4/8/2023,FALSE,,0,0,0
937,1570,20,Male,Orange Juice,Beverages,3150000,Isfahan,M,Orange,Summer,2.9,No,Standard,Yes,Yes,29,0,Weekly,Male_Hawaii_20,11/26/2023,TRUE,Yalda Festival,0,2,0
142,1571,30,Male,Frozen Pizza,Frozen,2050000,Karaj,L,Brown,Winter,4.8,No,Next Day Air,Yes,Yes,3,0,Every 3 Months,Male_Missouri_30,7/15/2023,TRUE,Summer Sale Iran,0,1,2
1169,1572,28,Male,Laundry Detergent,Household,4400000,Tabriz,L,Silver,Winter,4.5,No,Next Day Air,Yes,Yes,11,0,Fortnightly,Male_Colorado_28,7/16/2023,TRUE,Summer Sale Iran,1,2,0
1188,1573,37,Male,Laundry Detergent,Household,4600000,Shiraz,L,White,Summer,3.4,No,2-Day Shipping,Yes,Yes,16,0,Monthly,Male_Washington_37,12/23/2023,FALSE,,0,0,0
35,1574,36,Male,Toothpaste,Personal Care,1550000,Rasht,L,Indigo,Summer,4.3,No,2-Day Shipping,Yes,Yes,25,0,Weekly,Male_North Dakota_36,3/27/2023,TRUE,Festival Norooz,0,1,2
1189,1575,18,Male,Chocolate Bar,Snacks,1250000,Bandar Abbas,S,Magenta,Spring,4.2,No,Free Shipping,Yes,Yes,32,0,Bi-Weekly,Male_Minnesota_18,3/30/2023,TRUE,Festival Norooz,0,1,1
975,1576,52,Male,Cheddar Cheese,Dairy,1400000,Bandar Abbas,M,Turquoise,Spring,3.6,No,Next Day Air,Yes,Yes,28,1,Fortnightly,Male_California_52,9/1/2023,FALSE,,0,0,0
601,1577,56,Male,Frozen Pizza,Frozen,3750000,Hamedan,M,White,Spring,3.7,No,2-Day Shipping,Yes,Yes,36,0,Monthly,Male_Michigan_56,3/25/2023,TRUE,Festival Norooz,0,2,0
1068,1578,68,Male,Rice 10kg,Grocery,1700000,Bandar Abbas,S,Olive,Spring,4,No,Standard,Yes,Yes,7,0,Fortnightly,Male_Delaware_68,11/30/2023,TRUE,Yalda Festival,1,1,0
1190,1579,62,Male,Dishwashing Liquid,Household,4850000,Shiraz,S,Maroon,Winter,4.9,No,2-Day Shipping,Yes,Yes,2,0,Quarterly,Male_California_62,3/21/2023,TRUE,Festival Norooz,0,1,0
210,1580,35,Male,Frozen Chicken,Frozen,4000000,Bandar Abbas,M,Violet,Summer,3.1,No,Free Shipping,Yes,Yes,6,0,Monthly,Male_Oklahoma_35,7/10/2023,TRUE,Summer Sale Iran,2,1,1
160,1581,65,Male,Frozen Pizza,Frozen,3550000,Tehran,L,Cyan,Summer,3.7,No,Standard,Yes,Yes,30,1,Annually,Male_North Dakota_65,11/27/2023,TRUE,Yalda Festival,1,1,1
352,1582,69,Male,Dishwashing Liquid,Household,3850000,Ahvaz,L,Teal,Fall,4.2,No,Free Shipping,Yes,Yes,46,1,Quarterly,Male_Ohio_69,11/7/2023,FALSE,,0,0,0
673,1583,28,Male,Cola 1.5L,Beverages,2050000,Hamedan,L,Red,Spring,2.5,No,Next Day Air,Yes,Yes,39,1,Monthly,Male_Hawaii_28,3/23/2023,TRUE,Festival Norooz,0,2,1
938,1584,37,Male,Baguette,Bakery,4600000,Yazd,XL,Yellow,Summer,4.3,No,Next Day Air,Yes,Yes,8,0,Annually,Male_Maryland_37,11/20/2023,TRUE,Yalda Festival,2,1,0
1191,1585,41,Male,Shampoo,Personal Care,4750000,Tabriz,S,Silver,Spring,3.1,No,Store Pickup,Yes,Yes,46,0,Quarterly,Male_Hawaii_41,10/25/2023,FALSE,,0,0,0
1184,1586,37,Male,Rice 10kg,Grocery,1250000,Qom,M,Charcoal,Fall,3,No,Next Day Air,Yes,Yes,40,0,Fortnightly,Male_Alabama_37,3/22/2023,TRUE,Festival Norooz,0,1,2
1192,1587,25,Male,Baguette,Bakery,3850000,Tabriz,M,Purple,Fall,4,No,Express,Yes,Yes,21,0,Weekly,Male_Oklahoma_25,9/14/2023,FALSE,,0,0,0
1193,1588,41,Male,Potato Chips,Snacks,4950000,Isfahan,M,Beige,Summer,3.5,No,Free Shipping,Yes,Yes,33,0,Fortnightly,Male_Alabama_41,8/3/2023,FALSE,,0,0,0
1194,1589,48,Male,Frozen Chicken,Frozen,1200000,Qazvin,L,Cyan,Winter,3.2,No,Next Day Air,Yes,Yes,3,0,Monthly,Male_Vermont_48,5/2/2023,FALSE,,0,0,0
1195,1590,42,Male,Paper Towel Pack,Household,3600000,Mashhad,M,Silver,Summer,2.7,No,Store Pickup,Yes,Yes,48,1,Weekly,Male_Ohio_42,3/5/2023,FALSE,,0,0,0
1196,1591,54,Male,Toothpaste,Personal Care,4000000,Karaj,S,Pink,Winter,3,No,Free Shipping,Yes,Yes,8,0,Annually,Male_Wisconsin_54,11/29/2023,TRUE,Yalda Festival,1,1,0
1197,1592,18,Male,Dishwashing Liquid,Household,5000000,Tehran,L,Gold,Winter,2.9,No,Next Day Air,Yes,Yes,24,0,Annually,Male_South Dakota_18,11/22/2023,TRUE,Yalda Festival,0,1,0
964,1593,56,Male,Potato Chips,Snacks,4150000,Rasht,M,Cyan,Summer,3.3,No,Free Shipping,Yes,Yes,10,0,Every 3 Months,Male_Iowa_56,11/23/2023,TRUE,Yalda Festival,1,1,0
1198,1594,61,Male,Frozen Pizza,Frozen,4750000,Tabriz,M,Black,Spring,4.9,No,2-Day Shipping,Yes,Yes,25,0,Monthly,Male_Maryland_61,12/7/2023,FALSE,,0,0,0
525,1595,40,Male,Sunflower Oil,Grocery,2050000,Kerman,XL,Charcoal,Summer,3.7,No,Store Pickup,Yes,Yes,3,1,Fortnightly,Male_Colorado_40,3/2/2023,FALSE,,0,0,0
1199,1596,34,Male,Toothpaste,Personal Care,1750000,Bandar Abbas,S,Magenta,Spring,3.5,No,Standard,Yes,Yes,45,0,Fortnightly,Male_Wisconsin_34,11/24/2023,TRUE,Yalda Festival,0,1,0
1200,1597,42,Male,Cheddar Cheese,Dairy,1500000,Kermanshah,S,Pink,Fall,4.7,No,Store Pickup,Yes,Yes,15,0,Monthly,Male_Mississippi_42,7/10/2023,TRUE,Summer Sale Iran,1,1,0
126,1598,43,Male,Paper Towel Pack,Household,1050000,Tehran,XL,Maroon,Winter,2.6,No,Store Pickup,Yes,Yes,34,0,Quarterly,Male_Mississippi_43,1/12/2023,FALSE,,0,0,0
90,1599,47,Male,Baguette,Bakery,4250000,Mashhad,M,Teal,Fall,4.1,No,Express,Yes,Yes,21,0,Bi-Weekly,Male_California_47,7/13/2023,TRUE,Summer Sale Iran,1,1,0
287,1600,48,Male,Paper Towel Pack,Household,2700000,Bandar Abbas,M,Orange,Winter,2.8,No,2-Day Shipping,Yes,Yes,22,0,Bi-Weekly,Male_Delaware_48,11/5/2023,FALSE,,0,0,0
372,1601,20,Male,Tea Box,Grocery,1300000,Shiraz,S,Yellow,Spring,4.7,No,Next Day Air,Yes,Yes,24,0,Weekly,Male_Montana_20,7/15/2023,TRUE,Summer Sale Iran,1,1,1
188,1602,65,Male,Yogurt Bucket,Dairy,2950000,Isfahan,XL,Red,Spring,2.9,No,Store Pickup,Yes,Yes,33,0,Monthly,Male_Indiana_65,7/19/2023,TRUE,Summer Sale Iran,1,1,2
104,1603,54,Male,Yogurt Bucket,Dairy,2400000,Qazvin,S,Charcoal,Winter,2.8,No,Free Shipping,Yes,Yes,13,0,Fortnightly,Male_West Virginia_54,7/16/2023,TRUE,Summer Sale Iran,2,1,0
919,1604,23,Male,Yogurt Bucket,Dairy,4900000,Qom,L,Black,Summer,4.3,No,Next Day Air,Yes,Yes,17,0,Bi-Weekly,Male_Iowa_23,3/23/2023,TRUE,Festival Norooz,0,1,2
1201,1605,18,Male,Rice 10kg,Grocery,4600000,Sari,M,White,Summer,4.8,No,2-Day Shipping,Yes,Yes,25,0,Every 3 Months,Male_Maine_18,6/8/2023,FALSE,,0,0,0
1202,1606,70,Male,Chocolate Bar,Snacks,2300000,Isfahan,M,Lavender,Winter,3.4,No,Next Day Air,Yes,Yes,15,0,Bi-Weekly,Male_Connecticut_70,6/16/2023,FALSE,,0,0,0
1203,1607,55,Male,Tea Box,Grocery,1050000,Isfahan,S,White,Spring,4.3,No,Standard,Yes,Yes,4,0,Fortnightly,Male_Kansas_55,3/31/2023,TRUE,Festival Norooz,0,1,0
232,1608,49,Male,Paper Towel Pack,Household,3600000,Kerman,S,Gray,Fall,2.7,No,Free Shipping,Yes,Yes,43,0,Quarterly,Male_Vermont_49,2/20/2023,FALSE,,0,0,0
1204,1609,26,Male,Chocolate Bar,Snacks,2900000,Bandar Abbas,XL,Cyan,Fall,4.6,No,Next Day Air,Yes,Yes,12,0,Bi-Weekly,Male_Nebraska_26,3/24/2023,TRUE,Festival Norooz,0,1,0
1205,1610,33,Male,Milk 1L,Dairy,4650000,Arak,S,Brown,Fall,4.1,No,Standard,Yes,Yes,3,0,Monthly,Male_Nevada_33,11/21/2023,TRUE,Yalda Festival,1,1,0
43,1611,20,Male,Shampoo,Personal Care,1550000,Shiraz,L,Purple,Spring,3.4,No,2-Day Shipping,Yes,Yes,1,0,Annually,Male_Tennessee_20,7/20/2023,TRUE,Summer Sale Iran,1,1,1
1206,1612,41,Male,Frozen Chicken,Frozen,1300000,Qom,L,Yellow,Winter,4.5,No,Next Day Air,Yes,Yes,6,0,Monthly,Male_Arkansas_41,3/23/2023,TRUE,Festival Norooz,0,1,1
1207,1613,18,Male,Frozen Pizza,Frozen,3400000,Ahvaz,M,Indigo,Summer,4.4,No,Standard,Yes,Yes,26,0,Monthly,Male_Wisconsin_18,2/4/2023,FALSE,,0,0,0
697,1614,26,Male,Mixed Nuts,Snacks,1550000,Tabriz,S,Black,Summer,4,No,Next Day Air,Yes,Yes,6,0,Fortnightly,Male_Illinois_26,7/20/2023,TRUE,Summer Sale Iran,1,1,0
1208,1615,30,Male,Frozen Pizza,Frozen,2050000,Mashhad,S,Gray,Summer,3.4,No,Free Shipping,Yes,Yes,22,1,Bi-Weekly,Male_Kansas_30,7/12/2023,TRUE,Summer Sale Iran,2,1,0
15,1616,64,Male,Baguette,Bakery,3100000,Mashhad,M,Indigo,Fall,3.2,No,Standard,Yes,Yes,45,1,Bi-Weekly,Male_New York_64,11/16/2023,FALSE,,0,0,0
1209,1617,26,Male,Tea Box,Grocery,2050000,Rasht,M,Green,Spring,3.4,No,Standard,Yes,Yes,50,1,Quarterly,Male_Colorado_26,3/20/2023,TRUE,Festival Norooz,0,1,1
1210,1618,43,Male,Tea Box,Grocery,3200000,Mashhad,M,Peach,Winter,4.3,No,Standard,Yes,Yes,50,0,Fortnightly,Male_Wisconsin_43,3/25/2023,TRUE,Festival Norooz,0,1,0
1211,1619,63,Male,Fresh Bread,Bakery,3600000,Rasht,L,Purple,Summer,5,No,Standard,Yes,Yes,39,0,Quarterly,Male_Michigan_63,7/16/2023,TRUE,Summer Sale Iran,0,1,0
268,1620,57,Male,Milk 1L,Dairy,3900000,Tehran,L,Beige,Winter,3.5,No,Store Pickup,Yes,Yes,50,0,Bi-Weekly,Male_Hawaii_57,6/5/2023,FALSE,,0,0,0
1212,1621,25,Male,Baguette,Bakery,2350000,Kermanshah,M,Charcoal,Winter,3.1,No,2-Day Shipping,Yes,Yes,27,0,Every 3 Months,Male_Virginia_25,11/30/2023,TRUE,Yalda Festival,0,1,0
1213,1622,68,Male,Frozen Pizza,Frozen,2300000,Arak,L,Gray,Summer,3.9,No,2-Day Shipping,Yes,Yes,38,0,Fortnightly,Male_Ohio_68,8/28/2023,FALSE,,0,0,0
1214,1623,31,Male,Sugar 1kg,Grocery,2150000,Karaj,S,Brown,Winter,4,No,Store Pickup,Yes,Yes,37,0,Every 3 Months,Male_Missouri_31,11/28/2023,TRUE,Yalda Festival,2,1,0
473,1624,64,Male,Body Wash,Personal Care,2900000,Kermanshah,M,Cyan,Summer,3.5,No,Next Day Air,Yes,Yes,50,0,Annually,Male_Indiana_64,11/26/2023,TRUE,Yalda Festival,0,2,0
1215,1625,38,Male,Chocolate Bar,Snacks,1600000,Arak,M,White,Winter,3.6,No,Free Shipping,Yes,Yes,40,0,Every 3 Months,Male_Florida_38,11/21/2023,TRUE,Yalda Festival,1,1,0
1216,1626,34,Male,Mixed Nuts,Snacks,2250000,Bandar Abbas,L,Beige,Winter,3,No,Next Day Air,Yes,Yes,3,0,Bi-Weekly,Male_Minnesota_34,11/24/2023,TRUE,Yalda Festival,0,1,0
212,1627,32,Male,Pasta Pack,Grocery,1750000,Qom,L,Orange,Summer,2.6,No,Next Day Air,Yes,Yes,45,0,Bi-Weekly,Male_Nevada_32,3/24/2023,TRUE,Festival Norooz,0,1,1
522,1628,69,Male,Rice 10kg,Grocery,1050000,Mashhad,M,Olive,Winter,2.9,No,Next Day Air,Yes,Yes,8,0,Annually,Male_Maine_69,3/22/2023,TRUE,Festival Norooz,0,1,1
1217,1629,45,Male,Body Wash,Personal Care,3200000,Yazd,S,Teal,Winter,3.1,No,Next Day Air,Yes,Yes,7,1,Monthly,Male_Massachusetts_45,2/7/2023,FALSE,,0,0,0
610,1630,35,Male,Yogurt Bucket,Dairy,4400000,Shiraz,S,Silver,Spring,3.3,No,Next Day Air,Yes,Yes,13,0,Quarterly,Male_North Dakota_35,3/25/2023,TRUE,Festival Norooz,0,1,1
1218,1631,63,Male,Pasta Pack,Grocery,2400000,Arak,M,Gold,Summer,2.9,No,Store Pickup,Yes,Yes,29,0,Every 3 Months,Male_New Jersey_63,7/11/2023,TRUE,Summer Sale Iran,0,1,0
188,1632,65,Male,Mixed Nuts,Snacks,1800000,Mashhad,L,Violet,Summer,3.9,No,2-Day Shipping,Yes,Yes,7,0,Fortnightly,Male_Indiana_65,11/29/2023,TRUE,Yalda Festival,2,2,0
1219,1633,35,Male,Cheddar Cheese,Dairy,1400000,Arak,S,White,Summer,4.7,No,2-Day Shipping,Yes,Yes,50,0,Every 3 Months,Male_Oregon_35,11/30/2023,TRUE,Yalda Festival,0,1,0
1220,1634,54,Male,Baguette,Bakery,4000000,Tabriz,M,Peach,Spring,4.4,No,2-Day Shipping,Yes,Yes,33,0,Bi-Weekly,Male_North Dakota_54,3/31/2023,TRUE,Festival Norooz,0,1,1
1221,1635,28,Male,Fresh Bread,Bakery,1150000,Tabriz,S,Orange,Summer,3.6,No,Store Pickup,Yes,Yes,30,1,Every 3 Months,Male_South Carolina_28,7/17/2023,TRUE,Summer Sale Iran,0,1,0
847,1636,68,Male,Frozen Pizza,Frozen,1200000,Urmia,L,Violet,Summer,3.2,No,Standard,Yes,Yes,40,1,Annually,Male_North Carolina_68,7/12/2023,TRUE,Summer Sale Iran,2,1,2
1222,1637,58,Male,Cola 1.5L,Beverages,1100000,Mashhad,L,Green,Fall,4,No,Free Shipping,Yes,Yes,49,1,Fortnightly,Male_North Dakota_58,12/16/2023,FALSE,,0,0,0
721,1638,35,Male,Orange Juice,Beverages,1050000,Kermanshah,M,Peach,Spring,3.5,No,Next Day Air,Yes,Yes,32,0,Fortnightly,Male_Massachusetts_35,7/15/2023,TRUE,Summer Sale Iran,0,1,1
1223,1639,68,Male,Chocolate Bar,Snacks,2550000,Hamedan,M,Black,Spring,4.6,No,Free Shipping,Yes,Yes,18,0,Weekly,Male_Tennessee_68,11/23/2023,TRUE,Yalda Festival,0,1,0
1224,1640,41,Male,Mineral Water 1.5L,Beverages,3250000,Karaj,L,Blue,Summer,3.3,No,Free Shipping,Yes,Yes,50,0,Annually,Male_Missouri_41,11/20/2023,TRUE,Yalda Festival,1,1,0
1225,1641,65,Male,Toothpaste,Personal Care,2550000,Tehran,S,Magenta,Spring,4,No,2-Day Shipping,Yes,Yes,13,0,Weekly,Male_Tennessee_65,3/23/2023,TRUE,Festival Norooz,0,1,0
552,1642,50,Male,Dishwashing Liquid,Household,1600000,Arak,L,Violet,Summer,3.4,No,Free Shipping,Yes,Yes,1,0,Every 3 Months,Male_Colorado_50,3/28/2023,TRUE,Festival Norooz,1,1,1
1226,1643,18,Male,Milk 1L,Dairy,3500000,Sari,M,Beige,Spring,4.2,No,Store Pickup,Yes,Yes,16,0,Fortnightly,Male_Mississippi_18,3/25/2023,TRUE,Festival Norooz,0,1,0
1227,1644,38,Male,Sunflower Oil,Grocery,3850000,Sari,L,Pink,Summer,3.9,No,2-Day Shipping,Yes,Yes,6,0,Monthly,Male_Ohio_38,9/30/2023,FALSE,,0,0,0
847,1645,68,Male,Pasta Pack,Grocery,4500000,Tabriz,S,Beige,Summer,3.9,No,Next Day Air,Yes,Yes,21,0,Monthly,Male_North Carolina_68,4/4/2023,FALSE,,0,0,0
987,1646,53,Male,Laundry Detergent,Household,1800000,Kermanshah,L,Green,Summer,2.8,No,Standard,Yes,Yes,36,0,Every 3 Months,Male_Ohio_53,11/12/2023,FALSE,,0,0,0
519,1647,58,Male,Pasta Pack,Grocery,3850000,Tehran,S,Silver,Summer,3.7,No,Standard,Yes,Yes,20,0,Every 3 Months,Male_Nebraska_58,11/26/2023,TRUE,Yalda Festival,2,1,0
1228,1648,34,Male,Shampoo,Personal Care,3900000,Tabriz,M,Purple,Summer,4.9,No,Store Pickup,Yes,Yes,8,0,Quarterly,Male_Hawaii_34,12/8/2023,FALSE,,0,0,0
1229,1649,36,Male,Tea Box,Grocery,3450000,Sari,M,Gray,Summer,2.6,No,Express,Yes,Yes,22,0,Monthly,Male_Oklahoma_36,11/20/2023,TRUE,Yalda Festival,0,1,0
1230,1650,58,Male,Frozen Pizza,Frozen,3150000,Mashhad,M,White,Summer,4.9,No,Free Shipping,Yes,Yes,3,0,Quarterly,Male_Wisconsin_58,3/27/2023,TRUE,Festival Norooz,0,1,0
1231,1651,60,Male,Body Wash,Personal Care,1800000,Urmia,M,Silver,Winter,3.4,No,Next Day Air,Yes,Yes,46,0,Fortnightly,Male_Arkansas_60,11/27/2023,TRUE,Yalda Festival,1,1,0
1232,1652,59,Male,Tea Box,Grocery,4000000,Isfahan,M,Blue,Winter,3.9,No,Standard,Yes,Yes,42,0,Monthly,Male_Texas_59,7/14/2023,TRUE,Summer Sale Iran,1,1,0
1233,1653,65,Male,Mixed Nuts,Snacks,1750000,Kermanshah,M,Orange,Summer,4,No,Next Day Air,Yes,Yes,1,0,Fortnightly,Male_New Mexico_65,12/23/2023,FALSE,,0,0,0
705,1654,31,Male,Mixed Nuts,Snacks,4650000,Karaj,L,Silver,Winter,3,No,2-Day Shipping,Yes,Yes,29,0,Bi-Weekly,Male_Colorado_31,11/30/2023,TRUE,Yalda Festival,0,2,0
1234,1655,43,Male,Rice 10kg,Grocery,1250000,Kermanshah,L,Gray,Spring,2.6,No,Store Pickup,Yes,Yes,14,0,Quarterly,Male_Indiana_43,3/27/2023,TRUE,Festival Norooz,0,1,0
330,1656,37,Male,Sunflower Oil,Grocery,4050000,Urmia,L,Gold,Spring,3.2,No,Next Day Air,Yes,Yes,4,0,Monthly,Male_Arizona_37,3/25/2023,TRUE,Festival Norooz,1,1,1
1235,1657,21,Male,Pasta Pack,Grocery,2100000,Rasht,L,Brown,Spring,2.6,No,2-Day Shipping,Yes,Yes,41,0,Every 3 Months,Male_Indiana_21,7/10/2023,TRUE,Summer Sale Iran,0,1,0
1236,1658,69,Male,Laundry Detergent,Household,1800000,Kerman,L,Turquoise,Spring,3.2,No,Store Pickup,Yes,Yes,4,0,Bi-Weekly,Male_Indiana_69,7/11/2023,TRUE,Summer Sale Iran,0,1,0
1237,1659,32,Male,Laundry Detergent,Household,3300000,Urmia,S,Pink,Spring,4.1,No,Store Pickup,Yes,Yes,47,1,Weekly,Male_Alaska_32,3/26/2023,TRUE,Festival Norooz,0,1,2
390,1660,53,Male,Pasta Pack,Grocery,1850000,Kerman,M,Black,Fall,3.9,No,Next Day Air,Yes,Yes,44,0,Annually,Male_Utah_53,3/29/2023,TRUE,Festival Norooz,0,1,1
620,1661,59,Male,Milk 1L,Dairy,2250000,Kerman,L,Yellow,Winter,4.1,No,Standard,Yes,Yes,37,0,Monthly,Male_Louisiana_59,3/24/2023,TRUE,Festival Norooz,0,1,2
1238,1662,64,Male,Body Wash,Personal Care,4300000,Ahvaz,S,Beige,Summer,2.7,No,2-Day Shipping,Yes,Yes,21,0,Quarterly,Male_Iowa_64,7/18/2023,TRUE,Summer Sale Iran,0,1,0
1239,1663,63,Male,Yogurt Bucket,Dairy,1200000,Ahvaz,M,Olive,Winter,4.6,No,Free Shipping,Yes,Yes,46,0,Fortnightly,Male_New Mexico_63,6/19/2023,FALSE,,0,0,0
1240,1664,43,Male,Orange Juice,Beverages,1100000,Ahvaz,XL,Gold,Summer,3.5,No,Standard,Yes,Yes,1,1,Bi-Weekly,Male_Maine_43,8/27/2023,FALSE,,0,0,0
477,1665,19,Male,Orange Juice,Beverages,2650000,Tehran,M,Purple,Spring,5,No,Next Day Air,Yes,Yes,35,0,Weekly,Male_Minnesota_19,3/21/2023,TRUE,Festival Norooz,0,1,1
1241,1666,40,Male,Cheddar Cheese,Dairy,2050000,Qazvin,L,Pink,Fall,3.4,No,Next Day Air,Yes,Yes,49,0,Monthly,Male_New Mexico_40,5/19/2023,FALSE,,0,0,0
1242,1667,51,Male,Orange Juice,Beverages,3200000,Mashhad,M,Blue,Summer,3.1,No,Store Pickup,Yes,Yes,47,0,Annually,Male_Arkansas_51,11/24/2023,TRUE,Yalda Festival,0,1,0
103,1668,51,Male,Mixed Nuts,Snacks,2000000,Kermanshah,L,Brown,Winter,3.4,No,2-Day Shipping,Yes,Yes,24,0,Every 3 Months,Male_Oklahoma_51,11/29/2023,TRUE,Yalda Festival,2,2,0
223,1669,66,Male,Body Wash,Personal Care,1650000,Kerman,L,Charcoal,Summer,4,No,Standard,Yes,Yes,28,0,Fortnightly,Male_Utah_66,7/17/2023,TRUE,Summer Sale Iran,0,1,1
1243,1670,42,Male,Frozen Pizza,Frozen,2950000,Yazd,L,Maroon,Winter,2.7,No,Store Pickup,Yes,Yes,22,0,Quarterly,Male_Wisconsin_42,3/27/2023,TRUE,Festival Norooz,1,1,0
1244,1671,22,Male,Fresh Bread,Bakery,3650000,Tehran,L,Cyan,Fall,3.6,No,Free Shipping,Yes,Yes,20,1,Weekly,Male_Utah_22,7/19/2023,TRUE,Summer Sale Iran,0,1,0
870,1672,31,Male,Sunflower Oil,Grocery,1100000,Rasht,M,Olive,Winter,4,No,Free Shipping,Yes,Yes,25,0,Weekly,Male_Utah_31,7/4/2023,FALSE,,0,0,0
1245,1673,18,Male,Baguette,Bakery,3650000,Hamedan,L,Gold,Fall,3.8,No,Free Shipping,Yes,Yes,15,0,Quarterly,Male_South Carolina_18,7/11/2023,TRUE,Summer Sale Iran,0,1,0
1246,1674,21,Male,Rice 10kg,Grocery,3100000,Kermanshah,M,Violet,Fall,3.4,No,Next Day Air,Yes,Yes,49,0,Bi-Weekly,Male_Hawaii_21,3/28/2023,TRUE,Festival Norooz,2,1,1
1247,1675,35,Male,Potato Chips,Snacks,2800000,Karaj,M,Peach,Winter,3.2,No,Free Shipping,Yes,Yes,10,0,Fortnightly,Male_Alaska_35,7/14/2023,TRUE,Summer Sale Iran,0,1,0
594,1676,35,Male,Frozen Chicken,Frozen,4500000,Qom,M,Beige,Spring,4.7,No,Next Day Air,Yes,Yes,21,0,Annually,Male_Colorado_35,3/28/2023,TRUE,Festival Norooz,0,3,1
1248,1677,27,Male,Rice 10kg,Grocery,2200000,Urmia,M,Cyan,Winter,3.1,No,Next Day Air,Yes,Yes,34,0,Weekly,Male_West Virginia_27,3/25/2023,TRUE,Festival Norooz,1,1,0
1249,1678,65,Male,Body Wash,Personal Care,1750000,Tehran,L,Silver,Summer,3.3,No,Next Day Air,No,No,41,0,Weekly,Male_Oregon_65,9/4/2023,FALSE,,0,0,0
749,1679,41,Male,Mixed Nuts,Snacks,3550000,Isfahan,S,Magenta,Summer,4.8,No,2-Day Shipping,No,No,30,0,Fortnightly,Male_Ohio_41,2/20/2023,FALSE,,0,0,0
609,1680,60,Male,Baguette,Bakery,2600000,Kermanshah,S,Black,Fall,4.5,No,Next Day Air,No,No,24,0,Bi-Weekly,Male_Massachusetts_60,3/30/2023,TRUE,Festival Norooz,0,1,1
769,1681,61,Male,Shampoo,Personal Care,1850000,Shiraz,M,Olive,Summer,3.4,No,Store Pickup,No,No,6,0,Annually,Male_Louisiana_61,3/7/2023,FALSE,,0,0,0
325,1682,24,Male,Paper Towel Pack,Household,4750000,Kermanshah,L,Green,Winter,3.7,No,2-Day Shipping,No,No,14,0,Bi-Weekly,Male_Virginia_24,8/7/2023,FALSE,,0,0,0
1250,1683,65,Male,Frozen Pizza,Frozen,4850000,Bandar Abbas,M,Yellow,Fall,4.9,No,2-Day Shipping,No,No,37,0,Bi-Weekly,Male_New York_65,6/1/2023,FALSE,,0,0,0
269,1684,23,Male,Milk 1L,Dairy,2850000,Ahvaz,S,Lavender,Spring,3.5,No,Next Day Air,No,No,37,0,Quarterly,Male_Arkansas_23,5/26/2023,FALSE,,0,0,0
132,1685,30,Male,Baguette,Bakery,4650000,Karaj,M,Indigo,Spring,4.6,No,Standard,No,No,28,0,Weekly,Male_New Mexico_30,3/2/2023,FALSE,,0,0,0
660,1686,33,Male,Toothpaste,Personal Care,2400000,Arak,M,Pink,Winter,4.6,No,Standard,No,No,43,0,Bi-Weekly,Male_Minnesota_33,9/13/2023,FALSE,,0,0,0
1251,1687,22,Male,Cola 1.5L,Beverages,3750000,Tehran,L,Red,Fall,4.2,No,Store Pickup,No,No,25,1,Annually,Male_Illinois_22,8/28/2023,FALSE,,0,0,0
1252,1688,67,Male,Tea Box,Grocery,3500000,Shiraz,S,Magenta,Winter,3.7,No,Free Shipping,No,No,4,0,Annually,Male_Georgia_67,3/25/2023,TRUE,Festival Norooz,0,1,0
1129,1689,28,Male,Laundry Detergent,Household,1300000,Mashhad,S,Peach,Winter,3,No,Next Day Air,No,No,13,0,Fortnightly,Male_Mississippi_28,4/9/2023,FALSE,,0,0,0
391,1690,32,Male,Body Wash,Personal Care,3650000,Mashhad,L,Turquoise,Winter,4.6,No,Store Pickup,No,No,32,0,Monthly,Male_North Carolina_32,12/2/2023,FALSE,,0,0,0
1253,1691,40,Male,Chocolate Bar,Snacks,1500000,Bandar Abbas,M,Black,Summer,3.2,No,Free Shipping,No,No,1,1,Annually,Male_Nevada_40,8/16/2023,FALSE,,0,0,0
1254,1692,64,Male,Pasta Pack,Grocery,3050000,Tabriz,L,Blue,Summer,3.5,No,Next Day Air,No,No,4,1,Annually,Male_Connecticut_64,9/12/2023,FALSE,,0,0,0
1255,1693,56,Male,Shampoo,Personal Care,3750000,Qom,M,Beige,Winter,2.6,No,Standard,No,No,33,1,Bi-Weekly,Male_Utah_56,6/23/2023,FALSE,,0,0,0
1256,1694,63,Male,Frozen Chicken,Frozen,4400000,Kerman,XL,Olive,Fall,4.9,No,Standard,No,No,45,0,Fortnightly,Male_Tennessee_63,9/3/2023,FALSE,,0,0,0
583,1695,20,Male,Frozen Chicken,Frozen,3350000,Shiraz,M,Turquoise,Summer,2.7,No,Express,No,No,20,0,Fortnightly,Male_Mississippi_20,7/18/2023,TRUE,Summer Sale Iran,1,1,0
171,1696,54,Male,Body Wash,Personal Care,4750000,Kerman,S,Yellow,Fall,4.7,No,2-Day Shipping,No,No,1,0,Fortnightly,Male_Nebraska_54,4/19/2023,FALSE,,0,0,0
1257,1697,31,Male,Shampoo,Personal Care,3450000,Yazd,S,Turquoise,Spring,4,No,Free Shipping,No,No,7,0,Bi-Weekly,Male_West Virginia_31,5/23/2023,FALSE,,0,0,0
1258,1698,36,Male,Orange Juice,Beverages,4350000,Bandar Abbas,L,Lavender,Fall,3.5,No,Next Day Air,No,No,48,0,Every 3 Months,Male_South Carolina_36,6/28/2023,FALSE,,0,0,0
1259,1699,25,Male,Cola 1.5L,Beverages,2050000,Tabriz,XL,Turquoise,Winter,4.8,No,Standard,No,No,46,0,Quarterly,Male_Iowa_25,8/24/2023,FALSE,,0,0,0
581,1700,20,Male,Yogurt Bucket,Dairy,3350000,Hamedan,L,Teal,Spring,4,No,Free Shipping,No,No,34,0,Annually,Male_North Dakota_20,8/14/2023,FALSE,,0,0,0
826,1701,62,Male,Body Wash,Personal Care,3500000,Karaj,L,Black,Fall,4.1,No,Express,No,No,36,0,Monthly,Male_West Virginia_62,10/21/2023,FALSE,,0,0,0
1260,1702,69,Male,Orange Juice,Beverages,2050000,Rasht,XL,Blue,Winter,3.8,No,Next Day Air,No,No,44,0,Every 3 Months,Male_Mississippi_69,6/4/2023,FALSE,,0,0,0
1261,1703,54,Male,Toothpaste,Personal Care,4150000,Mashhad,XL,Yellow,Summer,5,No,Express,No,No,48,0,Weekly,Male_Alabama_54,9/19/2023,FALSE,,0,0,0
1262,1704,39,Male,Mixed Nuts,Snacks,1100000,Qom,M,Black,Spring,4,No,Next Day Air,No,No,12,0,Annually,Male_California_39,9/30/2023,FALSE,,0,0,0
1263,1705,56,Male,Potato Chips,Snacks,1000000,Urmia,M,Lavender,Summer,3.9,No,Store Pickup,No,No,19,1,Every 3 Months,Male_Idaho_56,7/10/2023,TRUE,Summer Sale Iran,0,1,0
1109,1706,39,Male,Dishwashing Liquid,Household,1450000,Sari,L,Cyan,Summer,3.4,No,2-Day Shipping,No,No,49,0,Bi-Weekly,Male_South Dakota_39,11/10/2023,FALSE,,0,0,0
742,1707,37,Male,Toothpaste,Personal Care,4350000,Kermanshah,M,Brown,Spring,3,No,Standard,No,No,25,0,Fortnightly,Male_North Dakota_37,6/5/2023,FALSE,,0,0,0
698,1708,25,Male,Sunflower Oil,Grocery,4050000,Shiraz,L,Maroon,Fall,4.9,No,2-Day Shipping,No,No,25,1,Bi-Weekly,Male_Nevada_25,5/1/2023,FALSE,,0,0,0
1264,1709,35,Male,Frozen Pizza,Frozen,2900000,Isfahan,L,Cyan,Spring,3.2,No,Express,No,No,1,0,Quarterly,Male_Florida_35,12/17/2023,FALSE,,0,0,0
1265,1710,45,Male,Fresh Bread,Bakery,4150000,Sari,M,Pink,Winter,3.8,No,Standard,No,No,19,0,Annually,Male_Indiana_45,3/14/2023,FALSE,,0,0,0
730,1711,19,Male,Tea Box,Grocery,2950000,Shiraz,XL,Orange,Fall,3.8,No,Store Pickup,No,No,7,0,Quarterly,Male_Arkansas_19,12/25/2023,FALSE,,0,0,0
646,1712,21,Male,Sugar 1kg,Grocery,4650000,Arak,M,Lavender,Spring,4.7,No,Express,No,No,19,0,Monthly,Male_North Carolina_21,4/24/2023,FALSE,,0,0,0
1266,1713,65,Male,Paper Towel Pack,Household,4350000,Urmia,S,Beige,Fall,3.8,No,2-Day Shipping,No,No,9,1,Fortnightly,Male_Illinois_65,5/26/2023,FALSE,,0,0,0
1267,1714,49,Male,Potato Chips,Snacks,1100000,Karaj,M,Pink,Winter,4.6,No,Free Shipping,No,No,37,0,Quarterly,Male_Missouri_49,4/8/2023,FALSE,,0,0,0
1268,1715,30,Male,Toothpaste,Personal Care,3550000,Sari,S,Charcoal,Summer,4.4,No,Standard,No,No,15,1,Monthly,Male_South Dakota_30,2/9/2023,FALSE,,0,0,0
994,1716,23,Male,Rice 10kg,Grocery,3450000,Tabriz,XL,Gray,Spring,3.4,No,2-Day Shipping,No,No,30,0,Bi-Weekly,Male_Idaho_23,11/24/2023,TRUE,Yalda Festival,3,2,0
283,1717,69,Male,Body Wash,Personal Care,2350000,Kermanshah,M,Cyan,Winter,4.7,No,Standard,No,No,30,1,Every 3 Months,Male_Connecticut_69,1/20/2023,FALSE,,0,0,0
1269,1718,29,Male,Milk 1L,Dairy,2500000,Tehran,L,Orange,Summer,2.9,No,Express,No,No,16,0,Bi-Weekly,Male_Hawaii_29,12/17/2023,FALSE,,0,0,0
1270,1719,54,Male,Cheddar Cheese,Dairy,4800000,Kerman,L,Pink,Winter,3.4,No,2-Day Shipping,No,No,14,0,Every 3 Months,Male_Maryland_54,12/31/2023,FALSE,,0,0,0
1271,1720,45,Male,Sunflower Oil,Grocery,1950000,Kermanshah,M,White,Winter,3.2,No,Free Shipping,No,No,8,0,Quarterly,Male_Maryland_45,5/10/2023,FALSE,,0,0,0
1272,1721,25,Male,Mixed Nuts,Snacks,4200000,Qazvin,S,Beige,Winter,2.8,No,Express,No,No,40,0,Bi-Weekly,Male_Massachusetts_25,10/15/2023,FALSE,,0,0,0
1273,1722,34,Male,Fresh Bread,Bakery,1400000,Kermanshah,S,Magenta,Spring,4.3,No,Free Shipping,No,No,24,0,Monthly,Male_Delaware_34,4/20/2023,FALSE,,0,0,0
1274,1723,46,Male,Cheddar Cheese,Dairy,2550000,Qom,L,Violet,Summer,3.3,No,Standard,No,No,14,1,Fortnightly,Male_Massachusetts_46,1/2/2023,FALSE,,0,0,0
1275,1724,70,Male,Toothpaste,Personal Care,1000000,Ahvaz,XL,Gold,Spring,3.3,No,Standard,No,No,39,0,Annually,Male_New York_70,1/12/2023,FALSE,,0,0,0
1276,1725,42,Male,Yogurt Bucket,Dairy,3600000,Bandar Abbas,S,Teal,Winter,3.3,No,Free Shipping,No,No,21,0,Weekly,Male_Delaware_42,2/6/2023,FALSE,,0,0,0
1217,1726,45,Male,Rice 10kg,Grocery,1650000,Qom,M,Indigo,Spring,3,No,Next Day Air,No,No,32,0,Quarterly,Male_Massachusetts_45,12/4/2023,FALSE,,0,0,0
800,1727,57,Male,Orange Juice,Beverages,1400000,Sari,S,Olive,Summer,2.8,No,Express,No,No,45,0,Weekly,Male_Indiana_57,3/9/2023,FALSE,,0,0,0
856,1728,49,Male,Body Wash,Personal Care,2650000,Urmia,S,Violet,Spring,4,No,Express,No,No,19,0,Monthly,Male_Virginia_49,3/20/2023,TRUE,Festival Norooz,0,2,1
1277,1729,23,Male,Mixed Nuts,Snacks,2400000,Qom,L,Black,Fall,4.3,No,Express,No,No,1,0,Every 3 Months,Male_Wyoming_23,3/20/2023,TRUE,Festival Norooz,0,1,0
1278,1730,47,Male,Mineral Water 1.5L,Beverages,1050000,Isfahan,M,Brown,Winter,3.8,No,Store Pickup,No,No,12,0,Fortnightly,Male_Illinois_47,12/31/2023,FALSE,,0,0,0
432,1731,23,Male,Baguette,Bakery,1100000,Hamedan,S,Silver,Fall,4.2,No,Free Shipping,No,No,26,0,Weekly,Male_Alabama_23,1/7/2023,FALSE,,0,0,0
1279,1732,21,Male,Paper Towel Pack,Household,4350000,Rasht,M,Gray,Fall,3.1,No,Next Day Air,No,No,12,1,Monthly,Male_Idaho_21,6/17/2023,FALSE,,0,0,0
640,1733,45,Male,Paper Towel Pack,Household,2500000,Qazvin,S,Charcoal,Winter,2.6,No,Free Shipping,No,No,36,1,Every 3 Months,Male_Rhode Island_45,3/9/2023,FALSE,,0,0,0
1280,1734,67,Male,Baguette,Bakery,4250000,Tabriz,L,Black,Summer,3.4,No,Express,No,No,22,0,Annually,Male_New York_67,12/23/2023,FALSE,,0,0,0
1214,1735,31,Male,Sunflower Oil,Grocery,4900000,Hamedan,L,Brown,Spring,3.1,No,Next Day Air,No,No,16,0,Quarterly,Male_Missouri_31,4/22/2023,FALSE,,0,0,0
1281,1736,58,Male,Chocolate Bar,Snacks,1700000,Karaj,M,Purple,Winter,3.6,No,Express,No,No,31,0,Annually,Male_Texas_58,3/24/2023,TRUE,Festival Norooz,0,1,0
1282,1737,57,Male,Laundry Detergent,Household,3050000,Urmia,M,Purple,Summer,2.6,No,2-Day Shipping,No,No,43,1,Quarterly,Male_Tennessee_57,10/12/2023,FALSE,,0,0,0
1195,1738,42,Male,Tea Box,Grocery,4900000,Kerman,L,Gray,Summer,4.2,No,Store Pickup,No,No,50,0,Bi-Weekly,Male_Ohio_42,4/28/2023,FALSE,,0,0,0
1283,1739,60,Male,Baguette,Bakery,3050000,Shiraz,M,Green,Spring,2.9,No,2-Day Shipping,No,No,37,0,Weekly,Male_Tennessee_60,4/4/2023,FALSE,,0,0,0
272,1740,21,Male,Body Wash,Personal Care,4900000,Mashhad,L,Silver,Winter,4.2,No,Express,No,No,23,1,Weekly,Male_Minnesota_21,10/30/2023,FALSE,,0,0,0
1131,1741,69,Male,Chocolate Bar,Snacks,1050000,Ahvaz,L,Charcoal,Fall,3.3,No,Next Day Air,No,No,10,0,Every 3 Months,Male_Wisconsin_69,3/1/2023,FALSE,,0,0,0
470,1742,41,Male,Potato Chips,Snacks,2550000,Mashhad,XL,Teal,Winter,3.6,No,Next Day Air,No,No,20,0,Monthly,Male_Delaware_41,7/17/2023,TRUE,Summer Sale Iran,0,3,1
555,1743,51,Male,Baguette,Bakery,4000000,Arak,XL,White,Spring,4.3,No,Express,No,No,18,0,Every 3 Months,Male_Kansas_51,6/21/2023,FALSE,,0,0,0
604,1744,23,Male,Rice 10kg,Grocery,3600000,Yazd,XL,Brown,Winter,3.3,No,Standard,No,No,3,0,Weekly,Male_Missouri_23,4/23/2023,FALSE,,0,0,0
1284,1745,57,Male,Orange Juice,Beverages,3150000,Hamedan,L,Teal,Winter,3,No,Standard,No,No,23,0,Weekly,Male_Michigan_57,4/2/2023,FALSE,,0,0,0
1027,1746,40,Male,Yogurt Bucket,Dairy,1350000,Hamedan,L,Red,Winter,3.6,No,Store Pickup,No,No,27,1,Weekly,Male_West Virginia_40,11/11/2023,FALSE,,0,0,0
65,1747,65,Male,Rice 10kg,Grocery,2200000,Ahvaz,L,Brown,Summer,3.1,No,Store Pickup,No,No,44,0,Fortnightly,Male_Alabama_65,11/23/2023,TRUE,Yalda Festival,1,3,0
1285,1748,61,Male,Body Wash,Personal Care,1150000,Tehran,M,Yellow,Winter,2.9,No,Express,No,No,41,0,Quarterly,Male_New Hampshire_61,10/4/2023,FALSE,,0,0,0
1286,1749,34,Male,Rice 10kg,Grocery,4650000,Yazd,L,Teal,Winter,3.9,No,2-Day Shipping,No,No,41,0,Annually,Male_Montana_34,3/2/2023,FALSE,,0,0,0
1287,1750,43,Male,Shampoo,Personal Care,3500000,Tabriz,L,Pink,Fall,3.2,No,2-Day Shipping,No,No,36,0,Every 3 Months,Male_Wyoming_43,1/19/2023,FALSE,,0,0,0
1214,1751,31,Male,Tea Box,Grocery,4250000,Shiraz,M,White,Fall,3.1,No,Express,No,No,38,0,Every 3 Months,Male_Missouri_31,7/18/2023,TRUE,Summer Sale Iran,1,1,1
1288,1752,57,Male,Sugar 1kg,Grocery,2000000,Shiraz,M,Silver,Winter,3.2,No,2-Day Shipping,No,No,34,1,Annually,Male_Ohio_57,6/6/2023,FALSE,,0,0,0
1289,1753,34,Male,Dishwashing Liquid,Household,1450000,Ahvaz,L,Blue,Winter,3.3,No,Store Pickup,No,No,14,0,Quarterly,Male_South Dakota_34,1/7/2023,FALSE,,0,0,0
1290,1754,25,Male,Body Wash,Personal Care,1350000,Tabriz,L,Black,Fall,4.8,No,Next Day Air,No,No,23,0,Fortnightly,Male_Colorado_25,4/12/2023,FALSE,,0,0,0
659,1755,66,Male,Fresh Bread,Bakery,4650000,Kermanshah,S,Beige,Fall,3.8,No,2-Day Shipping,No,No,18,0,Fortnightly,Male_Massachusetts_66,1/19/2023,FALSE,,0,0,0
277,1756,56,Male,Orange Juice,Beverages,1000000,Bandar Abbas,XL,Charcoal,Spring,4.6,No,Next Day Air,No,No,45,1,Monthly,Male_Delaware_56,6/15/2023,FALSE,,0,0,0
752,1757,49,Male,Sugar 1kg,Grocery,2750000,Qazvin,S,Cyan,Fall,2.8,No,Free Shipping,No,No,14,0,Weekly,Male_New Hampshire_49,7/27/2023,FALSE,,0,0,0
1291,1758,19,Male,Potato Chips,Snacks,4700000,Qom,L,Yellow,Fall,3.6,No,Standard,No,No,48,0,Annually,Male_Michigan_19,11/26/2023,TRUE,Yalda Festival,1,1,0
664,1759,27,Male,Cola 1.5L,Beverages,2800000,Isfahan,M,Silver,Winter,4.3,No,Free Shipping,No,No,17,0,Bi-Weekly,Male_Pennsylvania_27,1/31/2023,FALSE,,0,0,0
574,1760,68,Male,Sunflower Oil,Grocery,2900000,Kermanshah,L,Green,Spring,4,No,Next Day Air,No,No,1,0,Weekly,Male_Louisiana_68,2/6/2023,FALSE,,0,0,0
1292,1761,20,Male,Yogurt Bucket,Dairy,2200000,Ahvaz,XL,Peach,Spring,3.5,No,Standard,No,No,39,0,Weekly,Male_Minnesota_20,8/9/2023,FALSE,,0,0,0
1246,1762,21,Male,Yogurt Bucket,Dairy,4750000,Qazvin,S,Green,Fall,4.9,No,2-Day Shipping,No,No,24,1,Weekly,Male_Hawaii_21,1/29/2023,FALSE,,0,0,0
803,1763,36,Male,Mineral Water 1.5L,Beverages,2100000,Karaj,M,Brown,Summer,3.1,No,Express,No,No,41,0,Fortnightly,Male_Idaho_36,4/22/2023,FALSE,,0,0,0
1293,1764,37,Male,Rice 10kg,Grocery,4650000,Shiraz,M,Lavender,Winter,3.9,No,Store Pickup,No,No,28,0,Annually,Male_Vermont_37,2/26/2023,FALSE,,0,0,0
13,1765,61,Male,Orange Juice,Beverages,2800000,Qazvin,M,Charcoal,Summer,3,No,Store Pickup,No,No,34,0,Quarterly,Male_Delaware_61,10/4/2023,FALSE,,0,0,0
1294,1766,68,Male,Sugar 1kg,Grocery,4400000,Rasht,M,Orange,Spring,4.1,No,2-Day Shipping,No,No,41,0,Quarterly,Male_New Mexico_68,11/23/2023,TRUE,Yalda Festival,0,1,0
1149,1767,60,Male,Frozen Chicken,Frozen,2700000,Bandar Abbas,S,Cyan,Winter,4.3,No,2-Day Shipping,No,No,27,1,Bi-Weekly,Male_Alaska_60,12/9/2023,FALSE,,0,0,0
1295,1768,69,Male,Shampoo,Personal Care,4450000,Tabriz,L,Lavender,Fall,3.8,No,2-Day Shipping,No,No,46,0,Fortnightly,Male_Minnesota_69,2/21/2023,FALSE,,0,0,0
1296,1769,25,Male,Frozen Pizza,Frozen,2250000,Mashhad,M,Indigo,Summer,3.9,No,2-Day Shipping,No,No,2,0,Every 3 Months,Male_Nebraska_25,2/27/2023,FALSE,,0,0,0
1237,1770,32,Male,Mineral Water 1.5L,Beverages,3750000,Sari,L,Brown,Winter,4.3,No,Free Shipping,No,No,45,1,Monthly,Male_Alaska_32,12/1/2023,FALSE,,0,0,0
676,1771,53,Male,Baguette,Bakery,1100000,Kerman,M,Pink,Fall,4.3,No,Express,No,No,34,0,Weekly,Male_Michigan_53,9/3/2023,FALSE,,0,0,0
1297,1772,46,Male,Shampoo,Personal Care,4100000,Kerman,XL,Turquoise,Fall,4.7,No,Store Pickup,No,No,9,0,Annually,Male_Indiana_46,5/22/2023,FALSE,,0,0,0
997,1773,58,Male,Toothpaste,Personal Care,1700000,Tabriz,M,Gold,Summer,3.1,No,2-Day Shipping,No,No,1,0,Annually,Male_Hawaii_58,2/23/2023,FALSE,,0,0,0
58,1774,21,Male,Baguette,Bakery,4600000,Arak,M,Blue,Summer,2.7,No,Free Shipping,No,No,17,0,Annually,Male_West Virginia_21,8/3/2023,FALSE,,0,0,0
394,1775,46,Male,Sugar 1kg,Grocery,3900000,Kerman,M,Lavender,Spring,3.7,No,Express,No,No,6,0,Weekly,Male_New York_46,11/18/2023,FALSE,,0,0,0
926,1776,18,Male,Paper Towel Pack,Household,2350000,Shiraz,M,Violet,Spring,3.3,No,2-Day Shipping,No,No,12,1,Bi-Weekly,Male_Iowa_18,5/27/2023,FALSE,,0,0,0
1298,1777,56,Male,Baguette,Bakery,3200000,Rasht,L,Cyan,Summer,3.4,No,Free Shipping,No,No,10,0,Every 3 Months,Male_Arizona_56,8/4/2023,FALSE,,0,0,0
1189,1778,18,Male,Yogurt Bucket,Dairy,2200000,Kerman,L,Purple,Winter,4.7,No,Free Shipping,No,No,4,1,Fortnightly,Male_Minnesota_18,5/14/2023,FALSE,,0,0,0
1299,1779,49,Male,Mineral Water 1.5L,Beverages,4700000,Tabriz,M,Red,Winter,4.9,No,Store Pickup,No,No,8,0,Bi-Weekly,Male_Texas_49,8/22/2023,FALSE,,0,0,0
170,1780,29,Male,Fresh Bread,Bakery,3100000,Qazvin,M,Charcoal,Winter,4.3,No,Free Shipping,No,No,41,0,Weekly,Male_Virginia_29,6/8/2023,FALSE,,0,0,0
1300,1781,67,Male,Sunflower Oil,Grocery,4050000,Qom,S,Gray,Summer,4.2,No,Next Day Air,No,No,49,0,Weekly,Male_North Dakota_67,6/13/2023,FALSE,,0,0,0
1301,1782,31,Male,Toothpaste,Personal Care,1650000,Arak,M,Pink,Fall,3.7,No,Express,No,No,49,0,Quarterly,Male_Iowa_31,8/27/2023,FALSE,,0,0,0
1302,1783,52,Male,Paper Towel Pack,Household,4400000,Rasht,M,Lavender,Fall,2.7,No,Next Day Air,No,No,40,0,Fortnightly,Male_Utah_52,9/8/2023,FALSE,,0,0,0
1195,1784,42,Male,Toothpaste,Personal Care,2450000,Bandar Abbas,L,Lavender,Winter,3.3,No,Free Shipping,No,No,30,0,Monthly,Male_Ohio_42,4/15/2023,FALSE,,0,0,0
251,1785,32,Male,Paper Towel Pack,Household,1550000,Tabriz,L,Yellow,Summer,4.8,No,Standard,No,No,4,0,Quarterly,Male_Louisiana_32,3/6/2023,FALSE,,0,0,0
1303,1786,47,Male,Yogurt Bucket,Dairy,1450000,Qazvin,S,Peach,Fall,4.1,No,Next Day Air,No,No,22,0,Monthly,Male_Iowa_47,7/6/2023,FALSE,,0,0,0
1271,1787,45,Male,Mineral Water 1.5L,Beverages,1700000,Tehran,M,Brown,Spring,4.6,No,2-Day Shipping,No,No,22,0,Monthly,Male_Maryland_45,8/13/2023,FALSE,,0,0,0
372,1788,20,Male,Pasta Pack,Grocery,1900000,Sari,L,Gold,Fall,4.9,No,2-Day Shipping,No,No,10,0,Quarterly,Male_Montana_20,10/7/2023,FALSE,,0,0,0
395,1789,66,Male,Shampoo,Personal Care,2050000,Arak,L,Pink,Summer,3.1,No,Store Pickup,No,No,23,1,Bi-Weekly,Male_Illinois_66,12/12/2023,FALSE,,0,0,0
85,1790,52,Male,Orange Juice,Beverages,1700000,Ahvaz,L,Peach,Spring,3,No,2-Day Shipping,No,No,43,0,Quarterly,Male_Arizona_52,2/26/2023,FALSE,,0,0,0
424,1791,50,Male,Tea Box,Grocery,1300000,Ahvaz,S,Violet,Summer,3.7,No,Store Pickup,No,No,31,0,Bi-Weekly,Male_North Carolina_50,4/15/2023,FALSE,,0,0,0
658,1792,62,Male,Cola 1.5L,Beverages,4900000,Arak,S,Purple,Winter,4,No,Store Pickup,No,No,38,1,Annually,Male_Montana_62,12/1/2023,FALSE,,0,0,0
80,1793,38,Male,Body Wash,Personal Care,2950000,Shiraz,M,Peach,Fall,3,No,Express,No,No,22,0,Every 3 Months,Male_Iowa_38,11/10/2023,FALSE,,0,0,0
515,1794,65,Male,Fresh Bread,Bakery,4600000,Sari,S,White,Fall,3.8,No,Store Pickup,No,No,45,1,Every 3 Months,Male_Iowa_65,9/28/2023,FALSE,,0,0,0
1304,1795,60,Male,Tea Box,Grocery,2000000,Rasht,L,Indigo,Spring,3.7,No,Express,No,No,21,0,Fortnightly,Male_Ohio_60,7/31/2023,FALSE,,0,0,0
1164,1796,68,Male,Orange Juice,Beverages,1000000,Arak,S,Violet,Fall,4,No,2-Day Shipping,No,No,9,0,Fortnightly,Male_Wisconsin_68,9/8/2023,FALSE,,0,0,0
965,1797,62,Male,Toothpaste,Personal Care,1750000,Tabriz,S,Brown,Spring,3.1,No,Store Pickup,No,No,34,0,Weekly,Male_South Carolina_62,11/9/2023,FALSE,,0,0,0
1001,1798,62,Male,Pasta Pack,Grocery,1750000,Yazd,L,Maroon,Spring,3.9,No,2-Day Shipping,No,No,26,0,Weekly,Male_Oregon_62,1/31/2023,FALSE,,0,0,0
396,1799,40,Male,Chocolate Bar,Snacks,4100000,Mashhad,L,Magenta,Winter,3.7,No,Express,No,No,1,1,Weekly,Male_North Dakota_40,2/15/2023,FALSE,,0,0,0
484,1800,32,Male,Rice 10kg,Grocery,2400000,Sari,M,Charcoal,Fall,3.9,No,Express,No,No,47,0,Weekly,Male_California_32,4/27/2023,FALSE,,0,0,0
371,1801,22,Male,Tea Box,Grocery,2900000,Tehran,XL,Indigo,Winter,2.7,No,Express,No,No,30,0,Weekly,Male_Mississippi_22,2/13/2023,FALSE,,0,0,0
1305,1802,33,Male,Shampoo,Personal Care,2850000,Kermanshah,M,Turquoise,Spring,3.9,No,Express,No,No,48,0,Fortnightly,Male_New Jersey_33,7/3/2023,FALSE,,0,0,0
1306,1803,57,Male,Cola 1.5L,Beverages,4800000,Sari,L,Turquoise,Winter,2.6,No,Store Pickup,No,No,31,0,Bi-Weekly,Male_Rhode Island_57,5/1/2023,FALSE,,0,0,0
1307,1804,60,Male,Cheddar Cheese,Dairy,4850000,Arak,S,Gray,Summer,3.5,No,Free Shipping,No,No,33,0,Fortnightly,Male_New Hampshire_60,4/1/2023,FALSE,,0,0,0
603,1805,30,Male,Laundry Detergent,Household,2100000,Hamedan,L,Peach,Winter,4.4,No,Next Day Air,No,No,39,0,Weekly,Male_Louisiana_30,11/29/2023,TRUE,Yalda Festival,1,1,0
1308,1806,41,Male,Pasta Pack,Grocery,3100000,Shiraz,L,Gold,Spring,4.9,No,Store Pickup,No,No,46,0,Weekly,Male_Arizona_41,2/26/2023,FALSE,,0,0,0
1309,1807,58,Male,Potato Chips,Snacks,3350000,Isfahan,M,Green,Fall,3.9,No,Standard,No,No,24,0,Annually,Male_Rhode Island_58,3/3/2023,FALSE,,0,0,0
1310,1808,34,Male,Laundry Detergent,Household,2300000,Qazvin,L,Gold,Summer,3.5,No,Standard,No,No,37,0,Fortnightly,Male_Vermont_34,5/9/2023,FALSE,,0,0,0
936,1809,67,Male,Shampoo,Personal Care,3550000,Ahvaz,M,Lavender,Spring,4.3,No,Next Day Air,No,No,7,0,Monthly,Male_Tennessee_67,3/10/2023,FALSE,,0,0,0
1311,1810,58,Male,Yogurt Bucket,Dairy,4950000,Hamedan,S,Blue,Fall,3.4,No,Free Shipping,No,No,6,0,Fortnightly,Male_Alaska_58,11/8/2023,FALSE,,0,0,0
1312,1811,41,Male,Frozen Pizza,Frozen,1400000,Mashhad,M,Magenta,Fall,2.7,No,Standard,No,No,16,1,Bi-Weekly,Male_Maryland_41,12/2/2023,FALSE,,0,0,0
1243,1812,42,Male,Cola 1.5L,Beverages,3850000,Kermanshah,L,Blue,Summer,3.6,No,Standard,No,No,33,0,Annually,Male_Wisconsin_42,1/12/2023,FALSE,,0,0,0
905,1813,50,Male,Laundry Detergent,Household,3150000,Qom,S,Blue,Summer,4.9,No,Express,No,No,18,0,Bi-Weekly,Male_Nevada_50,12/19/2023,FALSE,,0,0,0
869,1814,40,Male,Rice 10kg,Grocery,3100000,Yazd,M,Olive,Spring,3.5,No,Free Shipping,No,No,24,0,Weekly,Male_Illinois_40,1/19/2023,FALSE,,0,0,0
273,1815,32,Male,Fresh Bread,Bakery,4600000,Qom,M,White,Summer,3.8,No,Free Shipping,No,No,24,1,Quarterly,Male_Montana_32,12/29/2023,FALSE,,0,0,0
1313,1816,51,Male,Frozen Chicken,Frozen,3600000,Mashhad,L,White,Winter,4.5,No,2-Day Shipping,No,No,48,0,Every 3 Months,Male_New Mexico_51,4/26/2023,FALSE,,0,0,0
1314,1817,26,Male,Fresh Bread,Bakery,3950000,Tehran,M,Purple,Summer,4,No,Express,No,No,4,1,Weekly,Male_Virginia_26,10/19/2023,FALSE,,0,0,0
97,1818,32,Male,Tea Box,Grocery,1350000,Kermanshah,M,White,Summer,4.7,No,Free Shipping,No,No,20,1,Weekly,Male_Delaware_32,11/11/2023,FALSE,,0,0,0
1315,1819,58,Male,Paper Towel Pack,Household,1950000,Yazd,M,White,Fall,3.8,No,Express,No,No,47,0,Every 3 Months,Male_North Carolina_58,8/3/2023,FALSE,,0,0,0
1316,1820,51,Male,Rice 10kg,Grocery,4300000,Qazvin,S,Peach,Spring,4.5,No,Next Day Air,No,No,50,1,Quarterly,Male_Nevada_51,8/26/2023,FALSE,,0,0,0
1317,1821,19,Male,Toothpaste,Personal Care,4700000,Tabriz,XL,Gold,Fall,5,No,Express,No,No,31,0,Monthly,Male_Washington_19,5/5/2023,FALSE,,0,0,0
1318,1822,57,Male,Body Wash,Personal Care,2650000,Rasht,M,Teal,Spring,2.8,No,Express,No,No,29,0,Quarterly,Male_Maine_57,2/17/2023,FALSE,,0,0,0
1103,1823,66,Male,Sunflower Oil,Grocery,4250000,Arak,S,Cyan,Summer,4.4,No,Standard,No,No,4,1,Annually,Male_Connecticut_66,6/17/2023,FALSE,,0,0,0
586,1824,62,Male,Chocolate Bar,Snacks,2500000,Tehran,L,Pink,Fall,4.7,No,Free Shipping,No,No,40,0,Bi-Weekly,Male_Louisiana_62,12/30/2023,FALSE,,0,0,0
398,1825,58,Male,Fresh Bread,Bakery,2350000,Tabriz,XL,Magenta,Winter,3.8,No,Express,No,No,31,1,Monthly,Male_Illinois_58,12/20/2023,FALSE,,0,0,0
1319,1826,23,Male,Chocolate Bar,Snacks,3750000,Rasht,M,Pink,Winter,4.9,No,Next Day Air,No,No,41,0,Weekly,Male_South Dakota_23,5/19/2023,FALSE,,0,0,0
1265,1827,45,Male,Body Wash,Personal Care,3000000,Ahvaz,M,Turquoise,Winter,4.2,No,Express,No,No,44,0,Annually,Male_Indiana_45,3/19/2023,FALSE,,0,0,0
1320,1828,20,Male,Sunflower Oil,Grocery,1800000,Qazvin,S,Pink,Spring,4.9,No,2-Day Shipping,No,No,31,0,Weekly,Male_Vermont_20,4/9/2023,FALSE,,0,0,0
1092,1829,33,Male,Shampoo,Personal Care,4000000,Ahvaz,L,Gray,Spring,3.9,No,Express,No,No,45,1,Every 3 Months,Male_New Hampshire_33,5/10/2023,FALSE,,0,0,0
1321,1830,30,Male,Yogurt Bucket,Dairy,4800000,Isfahan,M,White,Spring,4.9,No,2-Day Shipping,No,No,50,0,Quarterly,Male_Oregon_30,9/21/2023,FALSE,,0,0,0
1322,1831,50,Male,Sugar 1kg,Grocery,4000000,Mashhad,M,Blue,Winter,4.8,No,Express,No,No,7,0,Annually,Male_Kansas_50,4/23/2023,FALSE,,0,0,0
1323,1832,62,Male,Sunflower Oil,Grocery,3550000,Kerman,M,Cyan,Summer,3.3,No,Free Shipping,No,No,5,0,Every 3 Months,Male_Maine_62,6/22/2023,FALSE,,0,0,0
41,1833,69,Male,Paper Towel Pack,Household,1450000,Qazvin,M,Blue,Fall,4.6,No,Free Shipping,No,No,48,1,Monthly,Male_Louisiana_69,3/6/2023,FALSE,,0,0,0
167,1834,34,Male,Milk 1L,Dairy,2650000,Kermanshah,M,Yellow,Spring,4.5,No,2-Day Shipping,No,No,19,0,Fortnightly,Male_Louisiana_34,7/18/2023,TRUE,Summer Sale Iran,1,1,1
75,1835,49,Male,Mineral Water 1.5L,Beverages,1750000,Tehran,M,Charcoal,Summer,4.1,No,2-Day Shipping,No,No,39,0,Fortnightly,Male_Indiana_49,11/29/2023,TRUE,Yalda Festival,3,1,0
1324,1836,65,Male,Rice 10kg,Grocery,3750000,Ahvaz,M,Lavender,Fall,3.2,No,2-Day Shipping,No,No,45,0,Quarterly,Male_Kentucky_65,12/23/2023,FALSE,,0,0,0
1325,1837,66,Male,Orange Juice,Beverages,2600000,Hamedan,M,Teal,Fall,4.2,No,2-Day Shipping,No,No,35,0,Monthly,Male_South Carolina_66,5/18/2023,FALSE,,0,0,0
1326,1838,41,Male,Paper Towel Pack,Household,3850000,Karaj,M,Beige,Winter,4.8,No,Free Shipping,No,No,8,0,Monthly,Male_Montana_41,12/17/2023,FALSE,,0,0,0
1293,1839,37,Male,Orange Juice,Beverages,1200000,Ahvaz,L,Blue,Fall,4.1,No,Next Day Air,No,No,11,0,Quarterly,Male_Vermont_37,2/18/2023,FALSE,,0,0,0
1327,1840,32,Male,Baguette,Bakery,3900000,Kerman,XL,Purple,Winter,3.7,No,Store Pickup,No,No,32,1,Annually,Male_Mississippi_32,10/25/2023,FALSE,,0,0,0
1328,1841,42,Male,Cola 1.5L,Beverages,4900000,Tehran,M,Gold,Winter,2.6,No,Store Pickup,No,No,46,0,Every 3 Months,Male_Wyoming_42,1/10/2023,FALSE,,0,0,0
1329,1842,31,Male,Toothpaste,Personal Care,2850000,Isfahan,L,Blue,Winter,3,No,Standard,No,No,7,0,Every 3 Months,Male_Vermont_31,3/19/2023,FALSE,,0,0,0
250,1843,61,Male,Baguette,Bakery,3900000,Qom,M,Black,Summer,4.4,No,Express,No,No,1,0,Annually,Male_Alabama_61,10/1/2023,FALSE,,0,0,0
1330,1844,36,Male,Orange Juice,Beverages,3800000,Qazvin,M,Charcoal,Fall,4.7,No,Next Day Air,No,No,32,0,Monthly,Male_Kentucky_36,12/9/2023,FALSE,,0,0,0
1331,1845,60,Male,Frozen Pizza,Frozen,1300000,Sari,M,Purple,Spring,2.7,No,2-Day Shipping,No,No,31,0,Annually,Male_South Dakota_60,7/3/2023,FALSE,,0,0,0
1332,1846,51,Male,Milk 1L,Dairy,3900000,Sari,M,Orange,Winter,2.8,No,2-Day Shipping,No,No,39,0,Quarterly,Male_Delaware_51,5/10/2023,FALSE,,0,0,0
1164,1847,68,Male,Baguette,Bakery,2650000,Mashhad,M,Yellow,Summer,2.9,No,Standard,No,No,9,0,Quarterly,Male_Wisconsin_68,6/2/2023,FALSE,,0,0,0
1333,1848,46,Male,Mixed Nuts,Snacks,5000000,Urmia,XL,Cyan,Summer,4.4,No,Free Shipping,No,No,49,0,Weekly,Male_Arizona_46,7/26/2023,FALSE,,0,0,0
2,1849,19,Male,Milk 1L,Dairy,3650000,Sari,XL,Yellow,Winter,2.7,No,Express,No,No,34,1,Every 3 Months,Male_Maine_19,2/2/2023,FALSE,,0,0,0
132,1850,30,Male,Body Wash,Personal Care,2000000,Tehran,M,Maroon,Winter,4.5,No,Store Pickup,No,No,35,0,Monthly,Male_New Mexico_30,2/15/2023,FALSE,,0,0,0
1018,1851,51,Male,Frozen Pizza,Frozen,3800000,Sari,S,Black,Winter,2.8,No,Store Pickup,No,No,50,0,Weekly,Male_Wyoming_51,3/15/2023,FALSE,,0,0,0
1334,1852,28,Male,Rice 10kg,Grocery,4000000,Karaj,S,Lavender,Fall,3.1,No,Free Shipping,No,No,4,0,Fortnightly,Male_Delaware_28,2/18/2023,FALSE,,0,0,0
977,1853,41,Male,Body Wash,Personal Care,4000000,Bandar Abbas,XL,Violet,Winter,3.8,No,Store Pickup,No,No,32,1,Weekly,Male_Pennsylvania_41,6/7/2023,FALSE,,0,0,0
1335,1854,29,Male,Shampoo,Personal Care,3350000,Rasht,XL,Olive,Spring,2.9,No,Express,No,No,11,0,Fortnightly,Male_North Dakota_29,3/26/2023,TRUE,Festival Norooz,0,1,0
236,1855,25,Male,Yogurt Bucket,Dairy,3050000,Rasht,M,Teal,Spring,3.8,No,Express,No,No,49,0,Annually,Male_Kentucky_25,6/2/2023,FALSE,,0,0,0
1336,1856,60,Male,Cola 1.5L,Beverages,3800000,Arak,XL,Teal,Spring,4.7,No,Standard,No,No,9,1,Annually,Male_Rhode Island_60,6/25/2023,FALSE,,0,0,0
1337,1857,63,Male,Tea Box,Grocery,2750000,Ahvaz,XL,Beige,Summer,3.2,No,Free Shipping,No,No,30,0,Bi-Weekly,Male_Arizona_63,6/18/2023,FALSE,,0,0,0
1338,1858,51,Male,Laundry Detergent,Household,4250000,Kermanshah,L,Maroon,Summer,4,No,Next Day Air,No,No,33,1,Monthly,Male_Colorado_51,12/16/2023,FALSE,,0,0,0
1339,1859,22,Male,Fresh Bread,Bakery,3450000,Karaj,S,Peach,Spring,4.9,No,2-Day Shipping,No,No,8,0,Annually,Male_Maine_22,6/22/2023,FALSE,,0,0,0
1340,1860,54,Male,Mixed Nuts,Snacks,1300000,Ahvaz,L,Beige,Summer,3.7,No,Store Pickup,No,No,29,0,Fortnightly,Male_New Jersey_54,6/18/2023,FALSE,,0,0,0
1341,1861,18,Male,Sugar 1kg,Grocery,3200000,Shiraz,M,Silver,Summer,4.8,No,Next Day Air,No,No,4,0,Monthly,Male_Kansas_18,11/19/2023,FALSE,,0,0,0
1342,1862,29,Male,Rice 10kg,Grocery,3000000,Mashhad,S,Peach,Fall,3.6,No,Standard,No,No,19,0,Monthly,Male_South Dakota_29,9/20/2023,FALSE,,0,0,0
1343,1863,59,Male,Fresh Bread,Bakery,1800000,Bandar Abbas,M,Turquoise,Winter,4.6,No,Express,No,No,10,0,Fortnightly,Male_New Hampshire_59,1/4/2023,FALSE,,0,0,0
157,1864,25,Male,Laundry Detergent,Household,1050000,Hamedan,L,Orange,Spring,4.3,No,2-Day Shipping,No,No,39,0,Monthly,Male_Connecticut_25,8/27/2023,FALSE,,0,0,0
1344,1865,19,Male,Milk 1L,Dairy,3600000,Kerman,S,Cyan,Fall,3.2,No,2-Day Shipping,No,No,21,0,Quarterly,Male_Wyoming_19,4/30/2023,FALSE,,0,0,0
1345,1866,56,Male,Potato Chips,Snacks,3100000,Rasht,S,Silver,Summer,3.8,No,Store Pickup,No,No,12,0,Monthly,Male_Missouri_56,11/14/2023,FALSE,,0,0,0
1130,1867,31,Male,Milk 1L,Dairy,2200000,Kermanshah,XL,Gold,Winter,4.2,No,Standard,No,No,9,0,Fortnightly,Male_Alaska_31,11/25/2023,TRUE,Yalda Festival,0,2,0
1346,1868,45,Male,Paper Towel Pack,Household,2600000,Urmia,M,Brown,Fall,3.4,No,2-Day Shipping,No,No,20,0,Quarterly,Male_Delaware_45,1/1/2023,FALSE,,0,0,0
1089,1869,23,Male,Cola 1.5L,Beverages,2900000,Tabriz,M,Silver,Spring,4.7,No,Next Day Air,No,No,44,1,Fortnightly,Male_Indiana_23,1/28/2023,FALSE,,0,0,0
1347,1870,18,Male,Laundry Detergent,Household,3850000,Yazd,S,Beige,Spring,3.9,No,2-Day Shipping,No,No,16,0,Every 3 Months,Male_West Virginia_18,4/30/2023,FALSE,,0,0,0
1287,1871,43,Male,Yogurt Bucket,Dairy,4950000,Shiraz,L,Violet,Spring,4.3,No,Store Pickup,No,No,27,0,Fortnightly,Male_Wyoming_43,11/20/2023,TRUE,Yalda Festival,1,1,1
1168,1872,56,Male,Baguette,Bakery,4800000,Sari,XL,Violet,Fall,2.7,No,Standard,No,No,14,1,Every 3 Months,Male_Illinois_56,8/25/2023,FALSE,,0,0,0
1348,1873,43,Male,Cheddar Cheese,Dairy,3200000,Bandar Abbas,M,Lavender,Summer,4.6,No,Standard,No,No,24,0,Monthly,Male_Alaska_43,4/25/2023,FALSE,,0,0,0
1349,1874,64,Male,Pasta Pack,Grocery,2200000,Karaj,XL,Red,Fall,2.9,No,Express,No,No,49,0,Weekly,Male_Wisconsin_64,9/7/2023,FALSE,,0,0,0
246,1875,67,Male,Tea Box,Grocery,1650000,Tehran,L,Purple,Fall,3.6,No,Free Shipping,No,No,14,1,Weekly,Male_Indiana_67,5/10/2023,FALSE,,0,0,0
1256,1876,63,Male,Paper Towel Pack,Household,3550000,Tabriz,M,Brown,Winter,3.9,No,Next Day Air,No,No,6,0,Quarterly,Male_Tennessee_63,10/27/2023,FALSE,,0,0,0
1098,1877,54,Male,Baguette,Bakery,1800000,Qom,M,Gray,Fall,2.6,No,Standard,No,No,20,0,Quarterly,Male_Illinois_54,11/12/2023,FALSE,,0,0,0
1350,1878,69,Male,Yogurt Bucket,Dairy,3100000,Karaj,L,Pink,Fall,3.6,No,Express,No,No,3,0,Annually,Male_Pennsylvania_69,11/1/2023,FALSE,,0,0,0
1351,1879,34,Male,Orange Juice,Beverages,1450000,Kermanshah,L,Magenta,Summer,3.4,No,Store Pickup,No,No,5,0,Monthly,Male_Oklahoma_34,3/11/2023,FALSE,,0,0,0
1352,1880,56,Male,Orange Juice,Beverages,1650000,Arak,L,Charcoal,Spring,3.5,No,Express,No,No,46,1,Bi-Weekly,Male_Tennessee_56,6/20/2023,FALSE,,0,0,0
679,1881,34,Male,Frozen Chicken,Frozen,1650000,Tehran,L,Yellow,Fall,3.1,No,2-Day Shipping,No,No,8,0,Monthly,Male_New Jersey_34,5/21/2023,FALSE,,0,0,0
1353,1882,58,Male,Sunflower Oil,Grocery,2050000,Kermanshah,M,Red,Winter,4.3,No,Standard,No,No,13,1,Bi-Weekly,Male_New Jersey_58,3/15/2023,FALSE,,0,0,0
1354,1883,44,Male,Paper Towel Pack,Household,2700000,Isfahan,L,Blue,Winter,5,No,Store Pickup,No,No,25,0,Quarterly,Male_Tennessee_44,6/15/2023,FALSE,,0,0,0
1355,1884,25,Male,Sunflower Oil,Grocery,2900000,Rasht,M,Cyan,Spring,4.9,No,Store Pickup,No,No,39,0,Fortnightly,Male_Georgia_25,2/14/2023,FALSE,,0,0,0
1112,1885,27,Male,Frozen Pizza,Frozen,1500000,Kermanshah,S,Pink,Summer,4.3,No,Next Day Air,No,No,15,0,Bi-Weekly,Male_Arizona_27,1/15/2023,FALSE,,0,0,0
1356,1886,26,Male,Laundry Detergent,Household,2650000,Urmia,S,Maroon,Winter,4.4,No,Standard,No,No,35,1,Monthly,Male_Nevada_26,10/21/2023,FALSE,,0,0,0
336,1887,18,Male,Shampoo,Personal Care,4550000,Qazvin,L,Beige,Spring,4.4,No,Next Day Air,No,No,46,1,Bi-Weekly,Male_Arkansas_18,9/11/2023,FALSE,,0,0,0
1357,1888,64,Male,Laundry Detergent,Household,2200000,Ahvaz,XL,Gold,Fall,3.5,No,Express,No,No,3,0,Monthly,Male_North Dakota_64,10/9/2023,FALSE,,0,0,0
101,1889,62,Male,Shampoo,Personal Care,4450000,Ahvaz,XL,Turquoise,Winter,3.4,No,Free Shipping,No,No,48,0,Weekly,Male_South Dakota_62,6/7/2023,FALSE,,0,0,0
1358,1890,59,Male,Potato Chips,Snacks,2850000,Sari,L,Peach,Spring,2.5,No,Next Day Air,No,No,27,0,Weekly,Male_North Carolina_59,12/11/2023,FALSE,,0,0,0
1359,1891,36,Male,Milk 1L,Dairy,2850000,Bandar Abbas,M,Lavender,Spring,3.4,No,Store Pickup,No,No,5,0,Weekly,Male_Hawaii_36,9/4/2023,FALSE,,0,0,0
1360,1892,69,Male,Yogurt Bucket,Dairy,3700000,Rasht,M,Gray,Summer,2.6,No,Next Day Air,No,No,48,0,Quarterly,Male_New Hampshire_69,10/11/2023,FALSE,,0,0,0
1262,1893,39,Male,Laundry Detergent,Household,1500000,Rasht,M,Blue,Fall,4.6,No,2-Day Shipping,No,No,12,0,Weekly,Male_California_39,4/5/2023,FALSE,,0,0,0
1334,1894,28,Male,Orange Juice,Beverages,1000000,Ahvaz,L,Red,Summer,3.7,No,Express,No,No,10,0,Fortnightly,Male_Delaware_28,6/28/2023,FALSE,,0,0,0
683,1895,42,Male,Fresh Bread,Bakery,4500000,Mashhad,M,Purple,Fall,2.5,No,Free Shipping,No,No,48,0,Bi-Weekly,Male_Arizona_42,7/31/2023,FALSE,,0,0,0
1361,1896,31,Male,Tea Box,Grocery,3050000,Kerman,L,Indigo,Fall,4.5,No,Express,No,No,3,0,Monthly,Male_Washington_31,7/27/2023,FALSE,,0,0,0
661,1897,57,Male,Paper Towel Pack,Household,2550000,Kermanshah,M,Gold,Fall,2.9,No,Standard,No,No,19,0,Monthly,Male_Nevada_57,5/9/2023,FALSE,,0,0,0
242,1898,53,Male,Dishwashing Liquid,Household,4850000,Qazvin,L,Teal,Winter,2.9,No,Free Shipping,No,No,11,0,Fortnightly,Male_Alaska_53,9/12/2023,FALSE,,0,0,0
1232,1899,59,Male,Frozen Chicken,Frozen,4850000,Arak,L,Magenta,Fall,3.5,No,Next Day Air,No,No,25,0,Monthly,Male_Texas_59,1/3/2023,FALSE,,0,0,0
1362,1900,32,Male,Toothpaste,Personal Care,2000000,Bandar Abbas,L,Maroon,Winter,4.2,No,Store Pickup,No,No,42,0,Weekly,Male_New York_32,11/21/2023,TRUE,Yalda Festival,1,1,0
515,1901,65,Male,Sunflower Oil,Grocery,4250000,Karaj,S,Blue,Summer,3.3,No,Free Shipping,No,No,34,1,Quarterly,Male_Iowa_65,4/22/2023,FALSE,,0,0,0
1298,1902,56,Male,Shampoo,Personal Care,3800000,Qom,S,Beige,Winter,3.9,No,Store Pickup,No,No,50,1,Quarterly,Male_Arizona_56,12/27/2023,FALSE,,0,0,0
756,1903,31,Male,Pasta Pack,Grocery,1100000,Kermanshah,S,Olive,Spring,5,No,Store Pickup,No,No,21,0,Monthly,Male_New Mexico_31,4/3/2023,FALSE,,0,0,0
1358,1904,59,Male,Pasta Pack,Grocery,3150000,Kerman,M,Gold,Summer,3.3,No,Standard,No,No,37,0,Weekly,Male_North Carolina_59,3/19/2023,FALSE,,0,0,0
1363,1905,22,Male,Rice 10kg,Grocery,3550000,Tabriz,S,Silver,Spring,4.2,No,Free Shipping,No,No,46,1,Monthly,Male_Nevada_22,4/2/2023,FALSE,,0,0,0
1364,1906,47,Male,Mixed Nuts,Snacks,1750000,Sari,M,Teal,Summer,4.9,No,2-Day Shipping,No,No,14,0,Fortnightly,Male_Idaho_47,1/14/2023,FALSE,,0,0,0
1365,1907,23,Male,Rice 10kg,Grocery,1500000,Karaj,M,Green,Spring,4.6,No,2-Day Shipping,No,No,24,0,Fortnightly,Male_Vermont_23,3/22/2023,TRUE,Festival Norooz,0,1,0
1366,1908,69,Male,Toothpaste,Personal Care,3700000,Kerman,L,Orange,Fall,4.8,No,Store Pickup,No,No,36,0,Every 3 Months,Male_New Mexico_69,9/7/2023,FALSE,,0,0,0
73,1909,18,Male,Body Wash,Personal Care,3550000,Rasht,XL,Charcoal,Winter,2.7,No,Next Day Air,No,No,19,0,Bi-Weekly,Male_Georgia_18,8/28/2023,FALSE,,0,0,0
118,1910,50,Male,Pasta Pack,Grocery,4200000,Kerman,S,Black,Spring,4.3,No,Store Pickup,No,No,12,0,Monthly,Male_Kentucky_50,2/24/2023,FALSE,,0,0,0
1367,1911,29,Male,Milk 1L,Dairy,1900000,Sari,S,Yellow,Fall,3.8,No,Express,No,No,13,0,Quarterly,Male_New York_29,9/24/2023,FALSE,,0,0,0
1368,1912,65,Male,Frozen Pizza,Frozen,4050000,Hamedan,M,Gray,Spring,4.9,No,Express,No,No,32,0,Bi-Weekly,Male_Arizona_65,3/2/2023,FALSE,,0,0,0
1369,1913,29,Male,Shampoo,Personal Care,2800000,Karaj,S,Charcoal,Winter,3.4,No,2-Day Shipping,No,No,5,0,Bi-Weekly,Male_Colorado_29,5/14/2023,FALSE,,0,0,0
668,1914,49,Male,Frozen Chicken,Frozen,2400000,Qazvin,M,Peach,Winter,3.6,No,Express,No,No,29,1,Annually,Male_Kentucky_49,12/30/2023,FALSE,,0,0,0
1370,1915,28,Male,Potato Chips,Snacks,4850000,Kerman,L,Green,Fall,3.4,No,Standard,No,No,40,0,Fortnightly,Male_Alaska_28,11/26/2023,TRUE,Yalda Festival,0,1,0
1371,1916,51,Male,Frozen Chicken,Frozen,3700000,Mashhad,M,Magenta,Fall,4.7,No,2-Day Shipping,No,No,44,1,Weekly,Male_Alabama_51,8/18/2023,FALSE,,0,0,0
1372,1917,26,Male,Frozen Chicken,Frozen,2500000,Yazd,S,Beige,Winter,3,No,Next Day Air,No,No,3,0,Bi-Weekly,Male_Connecticut_26,3/14/2023,FALSE,,0,0,0
1373,1918,38,Male,Baguette,Bakery,3550000,Arak,L,Black,Winter,3.4,No,Free Shipping,No,No,35,0,Bi-Weekly,Male_Hawaii_38,6/7/2023,FALSE,,0,0,0
1374,1919,35,Male,Mixed Nuts,Snacks,1650000,Urmia,S,Purple,Summer,4.6,No,Standard,No,No,33,0,Monthly,Male_Idaho_35,10/2/2023,FALSE,,0,0,0
1375,1920,34,Male,Body Wash,Personal Care,2800000,Kerman,M,Olive,Summer,3.1,No,Express,No,No,20,0,Bi-Weekly,Male_Virginia_34,8/23/2023,FALSE,,0,0,0
833,1921,51,Male,Potato Chips,Snacks,4200000,Tabriz,M,Purple,Spring,2.8,No,Standard,No,No,40,1,Every 3 Months,Male_Connecticut_51,3/20/2023,TRUE,Festival Norooz,0,1,1
1376,1922,47,Male,Sunflower Oil,Grocery,1800000,Ahvaz,M,Green,Fall,3.5,No,Store Pickup,No,No,13,0,Annually,Male_Michigan_47,3/26/2023,TRUE,Festival Norooz,0,1,0
1377,1923,18,Male,Cola 1.5L,Beverages,3150000,Urmia,S,Peach,Summer,4.6,No,Standard,No,No,9,0,Monthly,Male_Kentucky_18,7/29/2023,FALSE,,0,0,0
345,1924,64,Male,Mixed Nuts,Snacks,1800000,Urmia,XL,Blue,Summer,4.3,No,Standard,No,No,7,1,Annually,Male_Nebraska_64,8/11/2023,FALSE,,0,0,0
1378,1925,30,Male,Dishwashing Liquid,Household,3150000,Tabriz,M,Gray,Fall,4.8,No,Free Shipping,No,No,42,0,Quarterly,Male_Michigan_30,2/16/2023,FALSE,,0,0,0
1379,1926,59,Male,Cheddar Cheese,Dairy,1600000,Kermanshah,L,Black,Winter,2.9,No,Express,No,No,44,0,Fortnightly,Male_Utah_59,10/21/2023,FALSE,,0,0,0
1380,1927,66,Male,Cola 1.5L,Beverages,4650000,Tabriz,M,Silver,Spring,3,No,Express,No,No,6,0,Annually,Male_New Mexico_66,12/13/2023,FALSE,,0,0,0
1381,1928,40,Male,Tea Box,Grocery,1450000,Karaj,M,Pink,Summer,2.9,No,Standard,No,No,8,1,Every 3 Months,Male_Florida_40,1/1/2023,FALSE,,0,0,0
1382,1929,25,Male,Milk 1L,Dairy,4600000,Rasht,S,Lavender,Summer,3.7,No,Standard,No,No,10,0,Weekly,Male_Mississippi_25,5/7/2023,FALSE,,0,0,0
1170,1930,59,Male,Fresh Bread,Bakery,1650000,Kerman,L,Brown,Fall,4.7,No,Standard,No,No,46,0,Quarterly,Male_Hawaii_59,6/14/2023,FALSE,,0,0,0
1383,1931,66,Male,Sugar 1kg,Grocery,2600000,Rasht,L,Turquoise,Spring,3.5,No,Store Pickup,No,No,26,1,Weekly,Male_North Carolina_66,8/8/2023,FALSE,,0,0,0
1098,1932,54,Male,Rice 10kg,Grocery,2100000,Shiraz,S,Olive,Spring,2.7,No,Store Pickup,No,No,6,0,Every 3 Months,Male_Illinois_54,6/4/2023,FALSE,,0,0,0
684,1933,42,Male,Cola 1.5L,Beverages,1800000,Yazd,M,White,Spring,5,No,Free Shipping,No,No,47,0,Every 3 Months,Male_Maryland_42,10/22/2023,FALSE,,0,0,0
485,1934,48,Male,Pasta Pack,Grocery,3350000,Karaj,L,Violet,Summer,4.1,No,Next Day Air,No,No,28,0,Annually,Male_Montana_48,1/23/2023,FALSE,,0,0,0
1384,1935,34,Male,Sunflower Oil,Grocery,2150000,Yazd,L,Gold,Winter,2.7,No,Free Shipping,No,No,23,0,Annually,Male_Michigan_34,7/27/2023,FALSE,,0,0,0
904,1936,19,Male,Yogurt Bucket,Dairy,3400000,Tabriz,XL,Violet,Spring,4.8,No,Free Shipping,No,No,45,1,Fortnightly,Male_North Carolina_19,3/21/2023,TRUE,Festival Norooz,0,2,0
751,1937,70,Male,Dishwashing Liquid,Household,3000000,Tabriz,S,Teal,Summer,4.3,No,2-Day Shipping,No,No,44,0,Every 3 Months,Male_Minnesota_70,7/11/2023,TRUE,Summer Sale Iran,2,1,1
811,1938,43,Male,Pasta Pack,Grocery,2650000,Mashhad,M,Olive,Summer,4.5,No,2-Day Shipping,No,No,11,0,Monthly,Male_Delaware_43,12/26/2023,FALSE,,0,0,0
1385,1939,46,Male,Rice 10kg,Grocery,1150000,Urmia,L,Blue,Spring,3.8,No,Standard,No,No,39,0,Bi-Weekly,Male_Kentucky_46,11/13/2023,FALSE,,0,0,0
1386,1940,66,Male,Mixed Nuts,Snacks,2850000,Qazvin,L,Magenta,Winter,3.7,No,Store Pickup,No,No,20,0,Every 3 Months,Male_Ohio_66,11/29/2023,TRUE,Yalda Festival,0,1,0
1387,1941,50,Male,Dishwashing Liquid,Household,4450000,Hamedan,L,Gray,Fall,3.9,No,2-Day Shipping,No,No,48,0,Fortnightly,Male_Alaska_50,9/16/2023,FALSE,,0,0,0
1388,1942,55,Male,Toothpaste,Personal Care,4950000,Hamedan,XL,Peach,Winter,3.3,No,Standard,No,No,46,0,Quarterly,Male_Vermont_55,7/5/2023,FALSE,,0,0,0
605,1943,63,Male,Tea Box,Grocery,1400000,Tabriz,M,Cyan,Fall,3.4,No,Express,No,No,22,0,Monthly,Male_Alabama_63,2/4/2023,FALSE,,0,0,0
1389,1944,32,Male,Milk 1L,Dairy,2650000,Shiraz,L,Violet,Summer,3.8,No,Next Day Air,No,No,45,1,Annually,Male_Wisconsin_32,5/12/2023,FALSE,,0,0,0
1172,1945,30,Male,Frozen Pizza,Frozen,2250000,Urmia,M,Gold,Winter,2.7,No,Free Shipping,No,No,49,1,Every 3 Months,Male_Arkansas_30,6/13/2023,FALSE,,0,0,0
1390,1946,35,Male,Mixed Nuts,Snacks,1900000,Qom,M,Gold,Winter,2.9,No,2-Day Shipping,No,No,9,0,Every 3 Months,Male_Georgia_35,6/20/2023,FALSE,,0,0,0
620,1947,59,Male,Cola 1.5L,Beverages,2450000,Qazvin,M,White,Summer,4.5,No,Standard,No,No,41,0,Quarterly,Male_Louisiana_59,10/3/2023,FALSE,,0,0,0
1110,1948,59,Male,Sunflower Oil,Grocery,1600000,Yazd,M,Gray,Summer,2.6,No,Store Pickup,No,No,2,0,Monthly,Male_New York_59,12/26/2023,FALSE,,0,0,0
825,1949,54,Male,Yogurt Bucket,Dairy,1850000,Karaj,L,Brown,Winter,3.1,No,Next Day Air,No,No,39,0,Bi-Weekly,Male_Connecticut_54,9/20/2023,FALSE,,0,0,0
1391,1950,63,Male,Sunflower Oil,Grocery,4000000,Isfahan,L,Gray,Winter,4.7,No,Store Pickup,No,No,12,0,Quarterly,Male_Nebraska_63,11/15/2023,FALSE,,0,0,0
638,1951,43,Male,Mineral Water 1.5L,Beverages,3900000,Ahvaz,L,Blue,Summer,4.6,No,Free Shipping,No,No,26,0,Every 3 Months,Male_Arkansas_43,1/20/2023,FALSE,,0,0,0
1392,1952,33,Male,Mineral Water 1.5L,Beverages,2650000,Mashhad,L,Gold,Summer,2.7,No,Next Day Air,No,No,32,0,Bi-Weekly,Male_Connecticut_33,8/16/2023,FALSE,,0,0,0
1393,1953,57,Male,Cheddar Cheese,Dairy,4100000,Isfahan,L,Yellow,Summer,4.6,No,2-Day Shipping,No,No,50,1,Bi-Weekly,Male_Maryland_57,12/4/2023,FALSE,,0,0,0
1290,1954,25,Male,Toothpaste,Personal Care,1650000,Yazd,XL,Green,Spring,4.8,No,Standard,No,No,3,0,Fortnightly,Male_Colorado_25,3/10/2023,FALSE,,0,0,0
1209,1955,26,Male,Mineral Water 1.5L,Beverages,3850000,Mashhad,M,Pink,Winter,4.2,No,Free Shipping,No,No,3,0,Quarterly,Male_Colorado_26,10/1/2023,FALSE,,0,0,0
1394,1956,50,Male,Rice 10kg,Grocery,2800000,Tehran,M,Pink,Winter,4.9,No,Express,No,No,37,1,Monthly,Male_Maine_50,4/12/2023,FALSE,,0,0,0
1395,1957,70,Male,Milk 1L,Dairy,1850000,Karaj,M,Pink,Winter,4.9,No,Express,No,No,20,0,Fortnightly,Male_Oklahoma_70,7/27/2023,FALSE,,0,0,0
1396,1958,68,Male,Mineral Water 1.5L,Beverages,2700000,Mashhad,M,Cyan,Spring,4.5,No,Store Pickup,No,No,26,1,Bi-Weekly,Male_South Carolina_68,6/4/2023,FALSE,,0,0,0
746,1959,39,Male,Fresh Bread,Bakery,3350000,Sari,M,Gray,Winter,2.7,No,Store Pickup,No,No,47,1,Quarterly,Male_Nevada_39,8/17/2023,FALSE,,0,0,0
1397,1960,46,Male,Pasta Pack,Grocery,4500000,Isfahan,M,White,Fall,3.1,No,Store Pickup,No,No,7,0,Every 3 Months,Male_Colorado_46,3/5/2023,FALSE,,0,0,0
1398,1961,57,Male,Cola 1.5L,Beverages,3600000,Urmia,L,Red,Summer,3.3,No,2-Day Shipping,No,No,40,0,Annually,Male_Massachusetts_57,8/30/2023,FALSE,,0,0,0
1399,1962,47,Male,Cheddar Cheese,Dairy,2950000,Arak,L,Black,Summer,2.6,No,Free Shipping,No,No,45,0,Quarterly,Male_Nevada_47,10/21/2023,FALSE,,0,0,0
1400,1963,40,Male,Body Wash,Personal Care,2250000,Mashhad,M,Silver,Fall,4.4,No,Standard,No,No,20,0,Fortnightly,Male_Iowa_40,8/10/2023,FALSE,,0,0,0
1401,1964,52,Male,Rice 10kg,Grocery,1500000,Isfahan,L,Pink,Spring,3.9,No,Standard,No,No,11,0,Weekly,Male_Michigan_52,3/6/2023,FALSE,,0,0,0
1027,1965,40,Male,Mineral Water 1.5L,Beverages,2550000,Tehran,S,Cyan,Summer,4.6,No,Express,No,No,50,0,Monthly,Male_West Virginia_40,7/30/2023,FALSE,,0,0,0
246,1966,67,Male,Body Wash,Personal Care,4500000,Sari,M,White,Fall,4.9,No,Express,No,No,25,0,Quarterly,Male_Indiana_67,7/25/2023,FALSE,,0,0,0
246,1967,67,Male,Shampoo,Personal Care,4750000,Urmia,XL,Purple,Winter,3.7,No,Express,No,No,5,0,Fortnightly,Male_Indiana_67,8/17/2023,FALSE,,0,0,0
431,1968,37,Male,Body Wash,Personal Care,4050000,Karaj,L,Yellow,Fall,3.7,No,Standard,No,No,4,0,Annually,Male_Georgia_37,12/8/2023,FALSE,,0,0,0
1402,1969,67,Male,Laundry Detergent,Household,3500000,Isfahan,S,Blue,Spring,4.2,No,Standard,No,No,25,0,Weekly,Male_Minnesota_67,5/30/2023,FALSE,,0,0,0
361,1970,64,Male,Pasta Pack,Grocery,1600000,Ahvaz,S,Cyan,Winter,3.5,No,Next Day Air,No,No,11,0,Fortnightly,Male_Louisiana_64,6/20/2023,FALSE,,0,0,0
108,1971,28,Male,Orange Juice,Beverages,4700000,Bandar Abbas,M,Indigo,Spring,2.9,No,Next Day Air,No,No,4,0,Bi-Weekly,Male_Maryland_28,3/14/2023,FALSE,,0,0,0
1403,1972,54,Male,Chocolate Bar,Snacks,1450000,Kermanshah,XL,Indigo,Spring,3.4,No,Next Day Air,No,No,1,0,Monthly,Male_Pennsylvania_54,7/24/2023,FALSE,,0,0,0
1404,1973,54,Male,Sunflower Oil,Grocery,1550000,Urmia,M,Silver,Summer,3.3,No,Express,No,No,48,0,Every 3 Months,Male_Louisiana_54,5/30/2023,FALSE,,0,0,0
1107,1974,24,Male,Frozen Chicken,Frozen,1000000,Kermanshah,XL,Red,Fall,4.5,No,Standard,No,No,9,0,Every 3 Months,Male_Maryland_24,3/25/2023,TRUE,Festival Norooz,0,1,1
1405,1975,27,Male,Toothpaste,Personal Care,2200000,Arak,M,Peach,Winter,4.6,No,2-Day Shipping,No,No,2,0,Fortnightly,Male_Tennessee_27,6/13/2023,FALSE,,0,0,0
1406,1976,53,Male,Orange Juice,Beverages,3850000,Ahvaz,L,Turquoise,Fall,2.9,No,Express,No,No,4,1,Quarterly,Male_Illinois_53,2/16/2023,FALSE,,0,0,0
1407,1977,32,Male,Shampoo,Personal Care,2550000,Kerman,M,Pink,Spring,3.2,No,Next Day Air,No,No,43,0,Fortnightly,Male_Wyoming_32,10/15/2023,FALSE,,0,0,0
1408,1978,24,Male,Orange Juice,Beverages,2450000,Qazvin,M,Teal,Summer,2.6,No,Free Shipping,No,No,32,0,Annually,Male_Florida_24,3/11/2023,FALSE,,0,0,0
1217,1979,45,Male,Cheddar Cheese,Dairy,3900000,Tehran,L,Magenta,Spring,3.8,No,Store Pickup,No,No,1,1,Quarterly,Male_Massachusetts_45,5/1/2023,FALSE,,0,0,0
1409,1980,49,Male,Cheddar Cheese,Dairy,4900000,Hamedan,L,Blue,Spring,2.8,No,Store Pickup,No,No,38,0,Fortnightly,Male_Tennessee_49,1/4/2023,FALSE,,0,0,0
480,1981,51,Male,Tea Box,Grocery,4700000,Mashhad,M,Green,Winter,4.4,No,Store Pickup,No,No,25,0,Fortnightly,Male_Iowa_51,12/8/2023,FALSE,,0,0,0
1146,1982,69,Male,Toothpaste,Personal Care,4550000,Tabriz,L,Violet,Summer,4.7,No,Express,No,No,42,0,Quarterly,Male_Michigan_69,6/26/2023,FALSE,,0,0,0
317,1983,41,Male,Sugar 1kg,Grocery,3850000,Hamedan,M,Turquoise,Summer,2.7,No,2-Day Shipping,No,No,32,0,Monthly,Male_Kansas_41,12/30/2023,FALSE,,0,0,0
1410,1984,59,Male,Mineral Water 1.5L,Beverages,4850000,Karaj,M,Pink,Summer,2.6,No,Next Day Air,No,No,21,0,Quarterly,Male_Georgia_59,10/3/2023,FALSE,,0,0,0
9,1985,26,Male,Body Wash,Personal Care,2900000,Yazd,M,Black,Summer,3.4,No,2-Day Shipping,No,No,26,0,Fortnightly,Male_West Virginia_26,3/17/2023,FALSE,,0,0,0
744,1986,23,Male,Sugar 1kg,Grocery,4850000,Shiraz,M,Gold,Spring,3.9,No,2-Day Shipping,No,No,6,0,Fortnightly,Male_Tennessee_23,8/19/2023,FALSE,,0,0,0
442,1987,62,Male,Pasta Pack,Grocery,2400000,Bandar Abbas,L,Green,Summer,3.4,No,2-Day Shipping,No,No,14,0,Quarterly,Male_Arkansas_62,10/12/2023,FALSE,,0,0,0
1411,1988,69,Male,Paper Towel Pack,Household,1150000,Kermanshah,XL,White,Summer,3.4,No,Express,No,No,4,1,Quarterly,Male_Vermont_69,6/8/2023,FALSE,,0,0,0
729,1989,46,Male,Mixed Nuts,Snacks,3950000,Isfahan,M,Gold,Winter,3.9,No,Free Shipping,No,No,26,0,Weekly,Male_Virginia_46,7/20/2023,TRUE,Summer Sale Iran,1,1,0
710,1990,35,Male,Dishwashing Liquid,Household,2100000,Tabriz,S,Charcoal,Spring,4,No,Express,No,No,39,0,Bi-Weekly,Male_Maryland_35,3/22/2023,TRUE,Festival Norooz,0,2,1
689,1991,32,Male,Tea Box,Grocery,4750000,Qom,L,White,Spring,3.4,No,2-Day Shipping,No,No,15,0,Annually,Male_Connecticut_32,5/4/2023,FALSE,,0,0,0
1412,1992,46,Male,Body Wash,Personal Care,1450000,Tabriz,M,Brown,Summer,3.7,No,Next Day Air,No,No,1,0,Every 3 Months,Male_Missouri_46,11/17/2023,FALSE,,0,0,0
1305,1993,33,Male,Fresh Bread,Bakery,4900000,Tehran,L,Gold,Winter,4.9,No,2-Day Shipping,No,No,28,0,Monthly,Male_New Jersey_33,10/28/2023,FALSE,,0,0,0
580,1994,32,Male,Potato Chips,Snacks,4800000,Bandar Abbas,S,Purple,Spring,5,No,Express,No,No,17,1,Weekly,Male_Arkansas_32,11/17/2023,FALSE,,0,0,0
1205,1995,33,Male,Fresh Bread,Bakery,3300000,Bandar Abbas,M,Brown,Fall,2.9,No,Next Day Air,No,No,24,0,Weekly,Male_Nevada_33,2/15/2023,FALSE,,0,0,0
1413,1996,67,Male,Paper Towel Pack,Household,4000000,Rasht,S,Teal,Spring,3,No,Standard,No,No,29,0,Quarterly,Male_Missouri_67,10/9/2023,FALSE,,0,0,0
1414,1997,67,Male,Laundry Detergent,Household,1350000,Qom,L,Indigo,Summer,3.3,No,Next Day Air,No,No,18,1,Every 3 Months,Male_South Dakota_67,11/2/2023,FALSE,,0,0,0
1415,1998,42,Male,Frozen Pizza,Frozen,1250000,Isfahan,M,Purple,Fall,4.7,No,Express,No,No,10,0,Bi-Weekly,Male_Connecticut_42,7/4/2023,FALSE,,0,0,0
1320,1999,20,Male,Shampoo,Personal Care,2250000,Ahvaz,M,Orange,Fall,3.4,No,2-Day Shipping,No,No,19,1,Quarterly,Male_Vermont_20,7/2/2023,FALSE,,0,0,0
1416,2000,39,Male,Fresh Bread,Bakery,4450000,Tehran,L,Indigo,Winter,4.6,No,2-Day Shipping,No,No,26,0,Monthly,Male_Tennessee_39,1/17/2023,FALSE,,0,0,0
1417,2001,26,Male,Sunflower Oil,Grocery,1350000,Isfahan,M,Lavender,Winter,3.6,No,2-Day Shipping,No,No,25,1,Bi-Weekly,Male_California_26,6/17/2023,FALSE,,0,0,0
1018,2002,51,Male,Dishwashing Liquid,Household,4500000,Isfahan,S,Purple,Winter,2.6,No,Free Shipping,No,No,2,0,Fortnightly,Male_Wyoming_51,7/18/2023,TRUE,Summer Sale Iran,2,1,0
1418,2003,31,Male,Frozen Pizza,Frozen,3250000,Rasht,M,Red,Summer,2.7,No,Express,No,No,19,0,Every 3 Months,Male_New York_31,6/4/2023,FALSE,,0,0,0
1419,2004,68,Male,Shampoo,Personal Care,3600000,Sari,S,Blue,Spring,3.1,No,Express,No,No,32,1,Quarterly,Male_Maine_68,10/11/2023,FALSE,,0,0,0
1420,2005,44,Male,Sunflower Oil,Grocery,3500000,Qom,L,Blue,Fall,3.2,No,2-Day Shipping,No,No,13,1,Bi-Weekly,Male_Georgia_44,5/7/2023,FALSE,,0,0,0
1421,2006,18,Male,Sunflower Oil,Grocery,4100000,Tehran,M,Cyan,Winter,3.4,No,Store Pickup,No,No,30,0,Fortnightly,Male_Tennessee_18,4/18/2023,FALSE,,0,0,0
1422,2007,58,Male,Fresh Bread,Bakery,4850000,Kerman,S,Pink,Fall,4.4,No,Express,No,No,2,0,Annually,Male_New Mexico_58,6/17/2023,FALSE,,0,0,0
1314,2008,26,Male,Chocolate Bar,Snacks,1250000,Qazvin,M,Silver,Summer,3.2,No,2-Day Shipping,No,No,8,0,Quarterly,Male_Virginia_26,10/3/2023,FALSE,,0,0,0
1423,2009,57,Male,Sunflower Oil,Grocery,2400000,Sari,M,Gray,Spring,2.5,No,Free Shipping,No,No,27,0,Every 3 Months,Male_Florida_57,3/1/2023,FALSE,,0,0,0
1184,2010,37,Male,Orange Juice,Beverages,4950000,Isfahan,M,Indigo,Summer,3.8,No,Next Day Air,No,No,26,0,Bi-Weekly,Male_Alabama_37,8/1/2023,FALSE,,0,0,0
400,2011,24,Male,Dishwashing Liquid,Household,1050000,Tabriz,M,Maroon,Summer,4.4,No,2-Day Shipping,No,No,3,0,Bi-Weekly,Male_Texas_24,1/14/2023,FALSE,,0,0,0
1424,2012,57,Male,Dishwashing Liquid,Household,4700000,Tehran,M,Beige,Spring,3.7,No,Express,No,No,4,0,Monthly,Male_West Virginia_57,12/17/2023,FALSE,,0,0,0
1425,2013,48,Male,Sunflower Oil,Grocery,2650000,Qazvin,L,Green,Fall,3.2,No,Store Pickup,No,No,5,1,Fortnightly,Male_Nevada_48,8/20/2023,FALSE,,0,0,0
1426,2014,39,Male,Frozen Chicken,Frozen,3500000,Yazd,M,Peach,Winter,4.9,No,Standard,No,No,25,0,Quarterly,Male_Virginia_39,5/22/2023,FALSE,,0,0,0
945,2015,51,Male,Mineral Water 1.5L,Beverages,1300000,Rasht,L,Black,Summer,3.9,No,Standard,No,No,47,0,Bi-Weekly,Male_Wisconsin_51,9/12/2023,FALSE,,0,0,0
1427,2016,57,Male,Shampoo,Personal Care,4100000,Arak,S,Pink,Summer,4.5,No,Next Day Air,No,No,8,0,Fortnightly,Male_Virginia_57,9/3/2023,FALSE,,0,0,0
1428,2017,53,Male,Yogurt Bucket,Dairy,2350000,Karaj,S,Violet,Winter,3.4,No,Standard,No,No,20,0,Fortnightly,Male_Maine_53,10/24/2023,FALSE,,0,0,0
114,2018,70,Male,Sugar 1kg,Grocery,1600000,Sari,S,Green,Winter,4.1,No,Next Day Air,No,No,42,0,Every 3 Months,Male_Massachusetts_70,9/15/2023,FALSE,,0,0,0
1231,2019,60,Male,Cola 1.5L,Beverages,4850000,Arak,S,Gold,Fall,4.5,No,Store Pickup,No,No,20,0,Weekly,Male_Arkansas_60,9/3/2023,FALSE,,0,0,0
1429,2020,31,Male,Fresh Bread,Bakery,3400000,Tabriz,S,Red,Winter,4.7,No,Store Pickup,No,No,23,1,Fortnightly,Male_Idaho_31,2/22/2023,FALSE,,0,0,0
977,2021,41,Male,Fresh Bread,Bakery,1150000,Qom,M,Beige,Winter,4.8,No,Next Day Air,No,No,26,1,Quarterly,Male_Pennsylvania_41,10/30/2023,FALSE,,0,0,0
1323,2022,62,Male,Shampoo,Personal Care,1650000,Ahvaz,M,Green,Winter,4.4,No,Standard,No,No,48,0,Quarterly,Male_Maine_62,10/21/2023,FALSE,,0,0,0
882,2023,59,Male,Mineral Water 1.5L,Beverages,1900000,Urmia,S,Black,Winter,4,No,Store Pickup,No,No,16,1,Bi-Weekly,Male_Alabama_59,7/5/2023,FALSE,,0,0,0
1084,2024,46,Male,Potato Chips,Snacks,3400000,Yazd,S,Teal,Winter,4.1,No,Store Pickup,No,No,28,1,Bi-Weekly,Male_Idaho_46,6/7/2023,FALSE,,0,0,0
442,2025,62,Male,Cheddar Cheese,Dairy,1150000,Bandar Abbas,L,Silver,Fall,3.7,No,Express,No,No,39,0,Weekly,Male_Arkansas_62,7/8/2023,FALSE,,0,0,0
1276,2026,42,Male,Toothpaste,Personal Care,1450000,Bandar Abbas,M,Turquoise,Summer,3,No,Express,No,No,43,0,Fortnightly,Male_Delaware_42,5/15/2023,FALSE,,0,0,0
1430,2027,37,Male,Baguette,Bakery,1750000,Ahvaz,M,Orange,Winter,3.6,No,Express,No,No,45,0,Every 3 Months,Male_Maine_37,5/12/2023,FALSE,,0,0,0
79,2028,50,Male,Baguette,Bakery,3650000,Kerman,S,Gold,Fall,4.8,No,Standard,No,No,50,0,Every 3 Months,Male_Nebraska_50,8/4/2023,FALSE,,0,0,0
859,2029,29,Male,Shampoo,Personal Care,4200000,Rasht,XL,Purple,Fall,3.7,No,2-Day Shipping,No,No,10,0,Bi-Weekly,Male_Ohio_29,4/8/2023,FALSE,,0,0,0
1431,2030,25,Male,Fresh Bread,Bakery,1150000,Qom,M,Pink,Spring,4.6,No,Next Day Air,No,No,40,0,Quarterly,Male_Montana_25,8/26/2023,FALSE,,0,0,0
1380,2031,66,Male,Chocolate Bar,Snacks,3350000,Kermanshah,S,Green,Summer,2.8,No,Standard,No,No,38,0,Monthly,Male_New Mexico_66,5/22/2023,FALSE,,0,0,0
646,2032,21,Male,Dishwashing Liquid,Household,2550000,Qazvin,L,Charcoal,Spring,4,No,Standard,No,No,2,0,Monthly,Male_North Carolina_21,9/24/2023,FALSE,,0,0,0
370,2033,46,Male,Sugar 1kg,Grocery,1800000,Yazd,M,Maroon,Winter,4.2,No,Next Day Air,No,No,13,1,Annually,Male_South Carolina_46,5/4/2023,FALSE,,0,0,0
950,2034,57,Male,Pasta Pack,Grocery,2750000,Mashhad,L,Olive,Summer,3.6,No,Express,No,No,33,0,Annually,Male_Illinois_57,10/6/2023,FALSE,,0,0,0
250,2035,61,Male,Sugar 1kg,Grocery,1500000,Qazvin,M,Peach,Spring,2.9,No,Store Pickup,No,No,27,0,Monthly,Male_Alabama_61,4/11/2023,FALSE,,0,0,0
174,2036,53,Male,Toothpaste,Personal Care,3500000,Isfahan,S,Yellow,Summer,4.1,No,Express,No,No,43,0,Weekly,Male_Oklahoma_53,11/14/2023,FALSE,,0,0,0
365,2037,37,Male,Cheddar Cheese,Dairy,3150000,Urmia,S,Lavender,Winter,3.1,No,Next Day Air,No,No,46,1,Weekly,Male_Minnesota_37,7/3/2023,FALSE,,0,0,0
795,2038,39,Male,Cola 1.5L,Beverages,4350000,Tehran,S,Green,Summer,4.3,No,Express,No,No,7,0,Bi-Weekly,Male_Illinois_39,11/23/2023,TRUE,Yalda Festival,0,1,1
11,2039,53,Male,Orange Juice,Beverages,3500000,Karaj,L,Orange,Spring,4.4,No,Next Day Air,No,No,35,0,Fortnightly,Male_Arkansas_53,11/22/2023,TRUE,Yalda Festival,1,2,0
383,2040,35,Male,Potato Chips,Snacks,2550000,Yazd,M,Olive,Spring,3.1,No,Next Day Air,No,No,31,0,Bi-Weekly,Male_Minnesota_35,9/22/2023,FALSE,,0,0,0
527,2041,69,Male,Cheddar Cheese,Dairy,1250000,Kerman,XL,Gray,Spring,2.9,No,Free Shipping,No,No,42,0,Quarterly,Male_South Carolina_69,3/6/2023,FALSE,,0,0,0
1432,2042,66,Male,Cola 1.5L,Beverages,1600000,Hamedan,S,Lavender,Winter,3.2,No,Next Day Air,No,No,14,0,Bi-Weekly,Male_New York_66,7/3/2023,FALSE,,0,0,0
521,2043,19,Male,Toothpaste,Personal Care,2600000,Kermanshah,M,Red,Spring,4,No,2-Day Shipping,No,No,35,0,Monthly,Male_Alabama_19,11/17/2023,FALSE,,0,0,0
215,2044,47,Male,Paper Towel Pack,Household,1650000,Arak,M,Charcoal,Summer,2.7,No,Standard,No,No,49,0,Weekly,Male_New York_47,5/27/2023,FALSE,,0,0,0
1267,2045,49,Male,Frozen Chicken,Frozen,3400000,Qazvin,L,Orange,Spring,3,No,Free Shipping,No,No,17,0,Fortnightly,Male_Missouri_49,6/30/2023,FALSE,,0,0,0
338,2046,31,Male,Chocolate Bar,Snacks,1000000,Karaj,M,Red,Fall,4.4,No,Express,No,No,26,0,Quarterly,Male_Georgia_31,8/30/2023,FALSE,,0,0,0
1433,2047,39,Male,Frozen Chicken,Frozen,1600000,Rasht,M,Maroon,Winter,2.8,No,Free Shipping,No,No,30,1,Every 3 Months,Male_Oklahoma_39,1/20/2023,FALSE,,0,0,0
1434,2048,58,Male,Potato Chips,Snacks,4100000,Tabriz,M,Silver,Summer,3.1,No,Store Pickup,No,No,32,1,Annually,Male_Connecticut_58,6/20/2023,FALSE,,0,0,0
1435,2049,45,Male,Dishwashing Liquid,Household,3200000,Kermanshah,XL,Pink,Winter,3.9,No,Express,No,No,35,0,Quarterly,Male_Michigan_45,7/26/2023,FALSE,,0,0,0
1436,2050,68,Male,Tea Box,Grocery,1200000,Isfahan,L,Blue,Fall,2.7,No,Standard,No,No,15,0,Annually,Male_Rhode Island_68,3/2/2023,FALSE,,0,0,0
702,2051,35,Male,Baguette,Bakery,4800000,Karaj,M,Teal,Summer,3.4,No,Store Pickup,No,No,10,0,Annually,Male_Mississippi_35,4/11/2023,FALSE,,0,0,0
923,2052,65,Male,Fresh Bread,Bakery,4700000,Qazvin,L,Black,Spring,3.8,No,Free Shipping,No,No,14,0,Monthly,Male_Massachusetts_65,7/12/2023,TRUE,Summer Sale Iran,1,1,0
1437,2053,45,Male,Shampoo,Personal Care,2400000,Arak,M,Gray,Winter,3.7,No,2-Day Shipping,No,No,30,0,Annually,Male_New Hampshire_45,3/16/2023,FALSE,,0,0,0
1344,2054,19,Male,Cola 1.5L,Beverages,3000000,Qom,S,Purple,Spring,4.5,No,2-Day Shipping,No,No,16,0,Fortnightly,Male_Wyoming_19,5/28/2023,FALSE,,0,0,0
66,2055,65,Male,Mineral Water 1.5L,Beverages,2800000,Shiraz,XL,Gold,Spring,2.9,No,Express,No,No,14,0,Annually,Male_New Jersey_65,11/29/2023,TRUE,Yalda Festival,2,1,0
912,2056,28,Male,Paper Towel Pack,Household,1650000,Karaj,M,Silver,Fall,3.4,No,2-Day Shipping,No,No,28,0,Weekly,Male_Texas_28,3/12/2023,FALSE,,0,0,0
203,2057,55,Male,Sunflower Oil,Grocery,2300000,Arak,L,Blue,Spring,4.4,No,2-Day Shipping,No,No,29,0,Monthly,Male_Minnesota_55,7/25/2023,FALSE,,0,0,0
1029,2058,66,Male,Chocolate Bar,Snacks,1850000,Qazvin,L,Yellow,Spring,4.2,No,Standard,No,No,5,0,Every 3 Months,Male_South Dakota_66,4/27/2023,FALSE,,0,0,0
529,2059,29,Male,Chocolate Bar,Snacks,4900000,Sari,M,Brown,Winter,3.3,No,Store Pickup,No,No,17,0,Quarterly,Male_Washington_29,11/12/2023,FALSE,,0,0,0
23,2060,56,Male,Cheddar Cheese,Dairy,2500000,Sari,XL,Beige,Spring,3.7,No,Express,No,No,50,0,Weekly,Male_California_56,4/12/2023,FALSE,,0,0,0
1072,2061,21,Male,Potato Chips,Snacks,3150000,Shiraz,M,Blue,Fall,3.2,No,Next Day Air,No,No,23,0,Quarterly,Male_Wisconsin_21,6/9/2023,FALSE,,0,0,0
257,2062,32,Male,Baguette,Bakery,3500000,Arak,S,Magenta,Summer,2.6,No,Store Pickup,No,No,22,0,Annually,Male_Michigan_32,1/1/2023,FALSE,,0,0,0
889,2063,54,Male,Sugar 1kg,Grocery,3150000,Bandar Abbas,L,Silver,Fall,2.8,No,Standard,No,No,15,1,Quarterly,Male_South Carolina_54,6/1/2023,FALSE,,0,0,0
553,2064,61,Male,Baguette,Bakery,4300000,Yazd,M,Cyan,Fall,2.9,No,Standard,No,No,32,1,Monthly,Male_Indiana_61,8/9/2023,FALSE,,0,0,0
1083,2065,31,Male,Mineral Water 1.5L,Beverages,4950000,Kermanshah,M,Green,Summer,4,No,2-Day Shipping,No,No,5,0,Monthly,Male_Arkansas_31,12/21/2023,FALSE,,0,0,0
1438,2066,27,Male,Frozen Pizza,Frozen,2000000,Qom,M,Blue,Spring,2.9,No,Free Shipping,No,No,6,0,Bi-Weekly,Male_Oregon_27,9/22/2023,FALSE,,0,0,0
178,2067,64,Male,Yogurt Bucket,Dairy,4600000,Tehran,M,Olive,Fall,4.7,No,Store Pickup,No,No,44,0,Fortnightly,Male_Illinois_64,2/24/2023,FALSE,,0,0,0
1439,2068,60,Male,Chocolate Bar,Snacks,1050000,Yazd,XL,Beige,Fall,3.1,No,2-Day Shipping,No,No,23,1,Fortnightly,Male_Maryland_60,1/21/2023,FALSE,,0,0,0
310,2069,70,Male,Sunflower Oil,Grocery,4050000,Hamedan,XL,Black,Summer,3.9,No,Store Pickup,No,No,44,0,Monthly,Male_Vermont_70,3/15/2023,FALSE,,0,0,0
84,2070,36,Male,Mixed Nuts,Snacks,4100000,Karaj,M,Indigo,Fall,3.4,No,Free Shipping,No,No,3,0,Quarterly,Male_Texas_36,11/2/2023,FALSE,,0,0,0
1440,2071,56,Male,Baguette,Bakery,4400000,Bandar Abbas,XL,Red,Spring,3.1,No,Express,No,No,14,1,Monthly,Male_Nebraska_56,6/4/2023,FALSE,,0,0,0
527,2072,69,Male,Tea Box,Grocery,5000000,Sari,S,Yellow,Fall,4.8,No,Store Pickup,No,No,37,0,Quarterly,Male_South Carolina_69,5/21/2023,FALSE,,0,0,0
1137,2073,39,Male,Milk 1L,Dairy,3300000,Ahvaz,M,Beige,Winter,3.9,No,Next Day Air,No,No,22,0,Weekly,Male_Massachusetts_39,10/8/2023,FALSE,,0,0,0
1441,2074,38,Male,Fresh Bread,Bakery,1250000,Rasht,S,Green,Winter,3.5,No,Next Day Air,No,No,2,0,Every 3 Months,Male_Texas_38,1/18/2023,FALSE,,0,0,0
1442,2075,36,Male,Laundry Detergent,Household,2650000,Hamedan,M,White,Summer,3.1,No,Free Shipping,No,No,44,0,Fortnightly,Male_Florida_36,7/24/2023,FALSE,,0,0,0
370,2076,46,Male,Cheddar Cheese,Dairy,1400000,Bandar Abbas,S,Turquoise,Fall,4.7,No,Express,No,No,49,0,Monthly,Male_South Carolina_46,11/20/2023,TRUE,Yalda Festival,3,1,0
1066,2077,59,Male,Sunflower Oil,Grocery,1150000,Kermanshah,S,Indigo,Fall,4.6,No,Free Shipping,No,No,22,0,Bi-Weekly,Male_Florida_59,3/28/2023,TRUE,Festival Norooz,0,1,1
345,2078,64,Male,Frozen Chicken,Frozen,1700000,Isfahan,L,Orange,Fall,3.3,No,Free Shipping,No,No,26,0,Annually,Male_Nebraska_64,9/16/2023,FALSE,,0,0,0
596,2079,49,Male,Pasta Pack,Grocery,2100000,Ahvaz,M,Blue,Spring,3.2,No,Next Day Air,No,No,40,0,Weekly,Male_Hawaii_49,1/18/2023,FALSE,,0,0,0
273,2080,32,Male,Orange Juice,Beverages,1200000,Qom,L,Violet,Summer,3.1,No,Next Day Air,No,No,16,0,Quarterly,Male_Montana_32,11/29/2023,TRUE,Yalda Festival,1,2,1
1342,2081,29,Male,Yogurt Bucket,Dairy,2350000,Kermanshah,S,Gray,Fall,3.5,No,Free Shipping,No,No,17,0,Bi-Weekly,Male_South Dakota_29,4/8/2023,FALSE,,0,0,0
680,2082,24,Male,Frozen Pizza,Frozen,3900000,Qazvin,S,Cyan,Spring,4.3,No,Standard,No,No,48,0,Bi-Weekly,Male_Alabama_24,6/24/2023,FALSE,,0,0,0
1206,2083,41,Male,Mixed Nuts,Snacks,4450000,Shiraz,M,Yellow,Summer,2.9,No,Free Shipping,No,No,28,0,Every 3 Months,Male_Arkansas_41,4/8/2023,FALSE,,0,0,0
57,2084,41,Male,Cheddar Cheese,Dairy,2950000,Bandar Abbas,L,Orange,Fall,2.7,No,Store Pickup,No,No,26,0,Fortnightly,Male_Mississippi_41,1/19/2023,FALSE,,0,0,0
1116,2085,32,Male,Frozen Chicken,Frozen,4700000,Rasht,S,Brown,Summer,4,No,Standard,No,No,43,0,Quarterly,Male_Vermont_32,12/23/2023,FALSE,,0,0,0
106,2086,69,Male,Fresh Bread,Bakery,2450000,Hamedan,M,Teal,Fall,4.6,No,Free Shipping,No,No,38,0,Weekly,Male_New York_69,6/8/2023,FALSE,,0,0,0
160,2087,65,Male,Dishwashing Liquid,Household,4450000,Isfahan,L,Beige,Summer,4.7,No,2-Day Shipping,No,No,36,1,Every 3 Months,Male_North Dakota_65,12/31/2023,FALSE,,0,0,0
1196,2088,54,Male,Frozen Chicken,Frozen,4550000,Kerman,M,Blue,Summer,4.7,No,Standard,No,No,1,0,Weekly,Male_Wisconsin_54,5/15/2023,FALSE,,0,0,0
1262,2089,39,Male,Mineral Water 1.5L,Beverages,4450000,Hamedan,L,Orange,Spring,4,No,Standard,No,No,49,0,Annually,Male_California_39,1/23/2023,FALSE,,0,0,0
938,2090,37,Male,Frozen Chicken,Frozen,2850000,Kermanshah,L,Gold,Spring,3.6,No,Free Shipping,No,No,41,0,Every 3 Months,Male_Maryland_37,7/16/2023,TRUE,Summer Sale Iran,0,1,2
538,2091,51,Male,Baguette,Bakery,3550000,Tabriz,S,Teal,Winter,3.4,No,Free Shipping,No,No,21,0,Monthly,Male_Massachusetts_51,12/24/2023,FALSE,,0,0,0
1443,2092,26,Male,Mineral Water 1.5L,Beverages,4850000,Kermanshah,XL,Beige,Fall,3,No,Next Day Air,No,No,24,0,Quarterly,Male_Washington_26,10/4/2023,FALSE,,0,0,0
1444,2093,42,Male,Frozen Pizza,Frozen,2250000,Kerman,M,Silver,Fall,2.6,No,Next Day Air,No,No,27,0,Weekly,Male_Minnesota_42,8/1/2023,FALSE,,0,0,0
1445,2094,21,Male,Shampoo,Personal Care,4550000,Bandar Abbas,M,Maroon,Spring,4.2,No,Store Pickup,No,No,4,0,Annually,Male_Washington_21,7/1/2023,FALSE,,0,0,0
1446,2095,53,Male,Mineral Water 1.5L,Beverages,1250000,Hamedan,M,Indigo,Spring,3.4,No,Standard,No,No,19,0,Annually,Male_South Carolina_53,1/5/2023,FALSE,,0,0,0
1091,2096,36,Male,Dishwashing Liquid,Household,3150000,Urmia,M,Gray,Fall,4,No,Store Pickup,No,No,1,0,Fortnightly,Male_New Mexico_36,12/17/2023,FALSE,,0,0,0
646,2097,21,Male,Yogurt Bucket,Dairy,2600000,Kerman,L,Blue,Summer,4.7,No,Free Shipping,No,No,27,0,Annually,Male_North Carolina_21,5/13/2023,FALSE,,0,0,0
1447,2098,33,Male,Potato Chips,Snacks,2150000,Yazd,S,Cyan,Winter,3.9,No,Next Day Air,No,No,5,0,Weekly,Male_Iowa_33,12/15/2023,FALSE,,0,0,0
894,2099,49,Male,Frozen Pizza,Frozen,1400000,Sari,M,White,Summer,3.3,No,2-Day Shipping,No,No,20,0,Quarterly,Male_Louisiana_49,1/19/2023,FALSE,,0,0,0
24,2100,31,Male,Potato Chips,Snacks,3900000,Arak,L,Green,Summer,2.9,No,Express,No,No,50,0,Annually,Male_Oklahoma_31,4/8/2023,FALSE,,0,0,0
1079,2101,68,Male,Fresh Bread,Bakery,1550000,Shiraz,M,Silver,Spring,4.4,No,Free Shipping,No,No,36,1,Fortnightly,Male_Michigan_68,9/6/2023,FALSE,,0,0,0
1448,2102,49,Male,Mixed Nuts,Snacks,1150000,Tehran,M,Blue,Winter,3.6,No,Next Day Air,No,No,12,0,Bi-Weekly,Male_Oregon_49,1/20/2023,FALSE,,0,0,0
994,2103,23,Male,Rice 10kg,Grocery,1250000,Rasht,M,Brown,Spring,4.5,No,Store Pickup,No,No,23,1,Monthly,Male_Idaho_23,11/15/2023,FALSE,,0,0,0
1006,2104,30,Male,Mineral Water 1.5L,Beverages,4300000,Shiraz,S,Red,Summer,3.7,No,Store Pickup,No,No,21,0,Weekly,Male_Indiana_30,4/17/2023,FALSE,,0,0,0
86,2105,53,Male,Paper Towel Pack,Household,4400000,Kerman,M,Gold,Spring,2.8,No,Free Shipping,No,No,47,0,Weekly,Male_New Mexico_53,5/12/2023,FALSE,,0,0,0
1449,2106,65,Male,Potato Chips,Snacks,1750000,Isfahan,M,Silver,Spring,4.5,No,Free Shipping,No,No,38,0,Bi-Weekly,Male_South Carolina_65,10/19/2023,FALSE,,0,0,0
1450,2107,60,Male,Orange Juice,Beverages,1700000,Qazvin,M,Gray,Fall,4.4,No,Standard,No,No,40,0,Every 3 Months,Male_Vermont_60,3/31/2023,TRUE,Festival Norooz,0,1,0
165,2108,46,Male,Baguette,Bakery,3750000,Tehran,M,Black,Winter,3.3,No,Standard,No,No,35,0,Quarterly,Male_Delaware_46,9/30/2023,FALSE,,0,0,0
1220,2109,54,Male,Yogurt Bucket,Dairy,2300000,Tehran,XL,Beige,Winter,4.2,No,Express,No,No,4,0,Quarterly,Male_North Dakota_54,12/31/2023,FALSE,,0,0,0
1451,2110,59,Male,Pasta Pack,Grocery,1550000,Qom,L,Peach,Fall,2.7,No,Free Shipping,No,No,28,0,Every 3 Months,Male_California_59,2/5/2023,FALSE,,0,0,0
19,2111,52,Male,Shampoo,Personal Care,4650000,Bandar Abbas,L,Cyan,Spring,3.9,No,Store Pickup,No,No,36,0,Every 3 Months,Male_Montana_52,2/27/2023,FALSE,,0,0,0
1224,2112,41,Male,Fresh Bread,Bakery,4250000,Isfahan,XL,Pink,Spring,2.6,No,Free Shipping,No,No,15,0,Annually,Male_Missouri_41,8/9/2023,FALSE,,0,0,0
1452,2113,43,Male,Sugar 1kg,Grocery,3400000,Tehran,M,Lavender,Fall,4.5,No,2-Day Shipping,No,No,7,1,Fortnightly,Male_Tennessee_43,12/16/2023,FALSE,,0,0,0
1009,2114,63,Male,Orange Juice,Beverages,2000000,Kermanshah,M,Brown,Spring,2.7,No,Store Pickup,No,No,29,0,Every 3 Months,Male_Virginia_63,11/15/2023,FALSE,,0,0,0
1293,2115,37,Male,Yogurt Bucket,Dairy,2550000,Tabriz,M,Magenta,Winter,2.9,No,Standard,No,No,12,0,Annually,Male_Vermont_37,8/7/2023,FALSE,,0,0,0
1133,2116,44,Male,Shampoo,Personal Care,4250000,Yazd,M,Violet,Winter,3.4,No,Store Pickup,No,No,16,0,Bi-Weekly,Male_Rhode Island_44,11/11/2023,FALSE,,0,0,0
1453,2117,67,Male,Frozen Pizza,Frozen,1150000,Sari,M,Teal,Summer,2.9,No,Express,No,No,50,0,Bi-Weekly,Male_Kansas_67,8/27/2023,FALSE,,0,0,0
544,2118,27,Male,Yogurt Bucket,Dairy,1400000,Hamedan,L,Brown,Summer,3.8,No,Free Shipping,No,No,11,0,Annually,Male_Colorado_27,9/26/2023,FALSE,,0,0,0
1454,2119,60,Male,Toothpaste,Personal Care,2200000,Yazd,M,Olive,Fall,4.2,No,2-Day Shipping,No,No,28,0,Quarterly,Male_Georgia_60,6/15/2023,FALSE,,0,0,0
519,2120,58,Male,Laundry Detergent,Household,2850000,Bandar Abbas,M,Indigo,Spring,3.5,No,Store Pickup,No,No,36,0,Bi-Weekly,Male_Nebraska_58,10/11/2023,FALSE,,0,0,0
509,2121,53,Male,Fresh Bread,Bakery,4900000,Shiraz,S,Red,Fall,3.1,No,Next Day Air,No,No,38,0,Quarterly,Male_Missouri_53,4/30/2023,FALSE,,0,0,0
1348,2122,43,Male,Shampoo,Personal Care,3400000,Mashhad,M,Olive,Winter,3.5,No,2-Day Shipping,No,No,32,0,Monthly,Male_Alaska_43,2/9/2023,FALSE,,0,0,0
1455,2123,32,Male,Cola 1.5L,Beverages,1800000,Yazd,L,Teal,Fall,4,No,Express,No,No,42,0,Weekly,Male_Virginia_32,4/29/2023,FALSE,,0,0,0
171,2124,54,Male,Body Wash,Personal Care,3550000,Rasht,L,Cyan,Spring,3.7,No,Express,No,No,22,0,Bi-Weekly,Male_Nebraska_54,5/12/2023,FALSE,,0,0,0
1456,2125,47,Male,Yogurt Bucket,Dairy,3000000,Arak,M,Teal,Fall,4.2,No,Next Day Air,No,No,22,0,Quarterly,Male_Rhode Island_47,9/27/2023,FALSE,,0,0,0
901,2126,57,Male,Sunflower Oil,Grocery,4350000,Yazd,M,Beige,Fall,4.8,No,Store Pickup,No,No,31,0,Quarterly,Male_New Hampshire_57,12/16/2023,FALSE,,0,0,0
605,2127,63,Male,Tea Box,Grocery,1900000,Kermanshah,XL,Magenta,Winter,4.1,No,Express,No,No,28,0,Monthly,Male_Alabama_63,10/31/2023,FALSE,,0,0,0
917,2128,70,Male,Cheddar Cheese,Dairy,2250000,Yazd,M,Indigo,Spring,4.5,No,2-Day Shipping,No,No,40,0,Weekly,Male_North Carolina_70,9/10/2023,FALSE,,0,0,0
498,2129,62,Male,Toothpaste,Personal Care,2350000,Ahvaz,L,Cyan,Fall,2.7,No,2-Day Shipping,No,No,21,0,Weekly,Male_New Mexico_62,12/29/2023,FALSE,,0,0,0
974,2130,40,Male,Cheddar Cheese,Dairy,2850000,Mashhad,L,Orange,Fall,2.8,No,Store Pickup,No,No,12,0,Every 3 Months,Male_Minnesota_40,10/13/2023,FALSE,,0,0,0
1457,2131,25,Male,Pasta Pack,Grocery,3400000,Kermanshah,L,Violet,Summer,3.7,No,Free Shipping,No,No,33,0,Annually,Male_Arizona_25,4/4/2023,FALSE,,0,0,0
862,2132,19,Male,Mixed Nuts,Snacks,2600000,Qom,M,Red,Fall,3.6,No,Express,No,No,9,0,Fortnightly,Male_Montana_19,12/2/2023,FALSE,,0,0,0
1458,2133,25,Male,Sugar 1kg,Grocery,4350000,Shiraz,M,Magenta,Fall,4.7,No,2-Day Shipping,No,No,15,0,Weekly,Male_Vermont_25,4/16/2023,FALSE,,0,0,0
1459,2134,21,Male,Milk 1L,Dairy,1700000,Tabriz,M,Olive,Summer,3.8,No,Standard,No,No,13,0,Annually,Male_Maine_21,2/19/2023,FALSE,,0,0,0
116,2135,55,Male,Fresh Bread,Bakery,2050000,Shiraz,XL,Maroon,Winter,2.9,No,Standard,No,No,35,0,Fortnightly,Male_Virginia_55,1/13/2023,FALSE,,0,0,0
1460,2136,34,Male,Orange Juice,Beverages,4700000,Arak,S,Yellow,Winter,4.6,No,Next Day Air,No,No,1,0,Every 3 Months,Male_California_34,4/27/2023,FALSE,,0,0,0
215,2137,47,Male,Frozen Pizza,Frozen,4650000,Ahvaz,M,Red,Summer,2.8,No,Standard,No,No,25,0,Fortnightly,Male_New York_47,12/28/2023,FALSE,,0,0,0
1461,2138,27,Male,Fresh Bread,Bakery,2550000,Arak,XL,Purple,Winter,4.6,No,2-Day Shipping,No,No,20,0,Every 3 Months,Male_Indiana_27,3/23/2023,TRUE,Festival Norooz,0,1,0
1462,2139,67,Male,Paper Towel Pack,Household,2100000,Bandar Abbas,M,Teal,Fall,2.8,No,Next Day Air,No,No,36,0,Quarterly,Male_Mississippi_67,6/20/2023,FALSE,,0,0,0
1463,2140,40,Male,Cheddar Cheese,Dairy,4750000,Yazd,M,Red,Winter,3,No,Free Shipping,No,No,33,1,Weekly,Male_New York_40,3/22/2023,TRUE,Festival Norooz,0,1,0
86,2141,53,Male,Potato Chips,Snacks,4500000,Kerman,M,Brown,Fall,3.7,No,Standard,No,No,36,1,Fortnightly,Male_New Mexico_53,11/18/2023,FALSE,,0,0,0
1464,2142,24,Male,Tea Box,Grocery,4900000,Tabriz,M,Peach,Winter,4.1,No,2-Day Shipping,No,No,32,0,Annually,Male_Kentucky_24,6/5/2023,FALSE,,0,0,0
1465,2143,47,Male,Frozen Chicken,Frozen,1950000,Qazvin,M,Maroon,Winter,4.3,No,Next Day Air,No,No,21,0,Quarterly,Male_North Dakota_47,12/20/2023,FALSE,,0,0,0
11,2144,53,Male,Toothpaste,Personal Care,3300000,Mashhad,L,Red,Fall,3.8,No,Next Day Air,No,No,48,0,Bi-Weekly,Male_Arkansas_53,5/22/2023,FALSE,,0,0,0
1466,2145,47,Male,Baguette,Bakery,1150000,Sari,L,Orange,Winter,3.7,No,Free Shipping,No,No,25,0,Quarterly,Male_Maryland_47,7/30/2023,FALSE,,0,0,0
896,2146,38,Male,Laundry Detergent,Household,3650000,Hamedan,S,White,Winter,4.8,No,Standard,No,No,32,0,Annually,Male_Connecticut_38,11/28/2023,TRUE,Yalda Festival,1,1,0
1467,2147,48,Male,Potato Chips,Snacks,1150000,Karaj,XL,White,Summer,4.6,No,Standard,No,No,45,0,Every 3 Months,Male_Utah_48,11/23/2023,TRUE,Yalda Festival,0,1,0
1468,2148,47,Male,Tea Box,Grocery,2150000,Tehran,S,Charcoal,Fall,4.8,No,Standard,No,No,4,1,Fortnightly,Male_Missouri_47,11/15/2023,FALSE,,0,0,0
435,2149,19,Male,Sunflower Oil,Grocery,2250000,Hamedan,XL,Turquoise,Winter,4.6,No,2-Day Shipping,No,No,19,0,Bi-Weekly,Male_Nebraska_19,2/2/2023,FALSE,,0,0,0
1373,2150,38,Male,Tea Box,Grocery,1050000,Rasht,L,Orange,Winter,4,No,Standard,No,No,1,0,Weekly,Male_Hawaii_38,2/5/2023,FALSE,,0,0,0
950,2151,57,Male,Yogurt Bucket,Dairy,2000000,Yazd,M,Orange,Spring,2.6,No,2-Day Shipping,No,No,12,1,Weekly,Male_Illinois_57,10/9/2023,FALSE,,0,0,0
310,2152,70,Male,Rice 10kg,Grocery,2900000,Isfahan,L,Brown,Fall,2.6,No,2-Day Shipping,No,No,18,0,Monthly,Male_Vermont_70,3/24/2023,TRUE,Festival Norooz,2,1,0
993,2153,38,Male,Toothpaste,Personal Care,2400000,Rasht,L,Magenta,Summer,4.5,No,Next Day Air,No,No,43,0,Bi-Weekly,Male_New Jersey_38,3/30/2023,TRUE,Festival Norooz,0,2,0
1469,2154,35,Male,Sunflower Oil,Grocery,4700000,Arak,M,Violet,Fall,4.2,No,Free Shipping,No,No,31,0,Annually,Male_Kentucky_35,4/29/2023,FALSE,,0,0,0
6,2155,46,Male,Mixed Nuts,Snacks,3700000,Hamedan,M,Violet,Spring,3.4,No,Store Pickup,No,No,33,1,Every 3 Months,Male_Wyoming_46,8/21/2023,FALSE,,0,0,0
183,2156,32,Male,Tea Box,Grocery,2550000,Urmia,L,Yellow,Fall,3.7,No,Store Pickup,No,No,46,0,Monthly,Male_Hawaii_32,3/14/2023,FALSE,,0,0,0
1470,2157,38,Male,Frozen Pizza,Frozen,4150000,Bandar Abbas,M,Maroon,Winter,3.6,No,Next Day Air,No,No,41,0,Bi-Weekly,Male_Missouri_38,11/8/2023,FALSE,,0,0,0
57,2158,41,Male,Mineral Water 1.5L,Beverages,3400000,Kermanshah,L,Turquoise,Winter,4,No,Next Day Air,No,No,41,0,Fortnightly,Male_Mississippi_41,1/6/2023,FALSE,,0,0,0
1471,2159,19,Male,Body Wash,Personal Care,4200000,Isfahan,XL,Olive,Spring,4.6,No,Standard,No,No,9,0,Fortnightly,Male_Massachusetts_19,12/26/2023,FALSE,,0,0,0
809,2160,18,Male,Tea Box,Grocery,2900000,Rasht,M,Peach,Fall,3,No,Free Shipping,No,No,34,1,Annually,Male_Louisiana_18,5/23/2023,FALSE,,0,0,0
893,2161,45,Male,Paper Towel Pack,Household,4600000,Qom,L,Charcoal,Winter,3.3,No,Express,No,No,21,0,Annually,Male_West Virginia_45,1/19/2023,FALSE,,0,0,0
1047,2162,23,Male,Frozen Pizza,Frozen,3450000,Bandar Abbas,S,Peach,Summer,3.8,No,Express,No,No,5,0,Fortnightly,Male_Washington_23,4/26/2023,FALSE,,0,0,0
1173,2163,60,Male,Toothpaste,Personal Care,2400000,Kerman,S,Black,Summer,2.7,No,Free Shipping,No,No,32,0,Weekly,Male_Oregon_60,6/29/2023,FALSE,,0,0,0
754,2164,52,Male,Paper Towel Pack,Household,3000000,Shiraz,L,Gray,Spring,4.5,No,Express,No,No,44,0,Monthly,Male_New York_52,7/23/2023,FALSE,,0,0,0
415,2165,42,Male,Rice 10kg,Grocery,1000000,Tehran,S,Olive,Winter,4.8,No,Next Day Air,No,No,46,0,Bi-Weekly,Male_Iowa_42,7/2/2023,FALSE,,0,0,0
502,2166,29,Male,Body Wash,Personal Care,2750000,Arak,M,Turquoise,Summer,4.2,No,Express,No,No,42,0,Every 3 Months,Male_Idaho_29,12/17/2023,FALSE,,0,0,0
1132,2167,31,Male,Dishwashing Liquid,Household,4400000,Hamedan,S,Purple,Spring,3.5,No,Express,No,No,50,0,Bi-Weekly,Male_New Jersey_31,1/19/2023,FALSE,,0,0,0
1127,2168,30,Male,Cola 1.5L,Beverages,2400000,Yazd,L,Green,Winter,4.9,No,Standard,No,No,33,0,Fortnightly,Male_Ohio_30,7/19/2023,TRUE,Summer Sale Iran,0,1,1
1472,2169,23,Male,Mineral Water 1.5L,Beverages,3700000,Urmia,M,Beige,Spring,4.1,No,Next Day Air,No,No,32,1,Quarterly,Male_Connecticut_23,6/1/2023,FALSE,,0,0,0
315,2170,31,Male,Pasta Pack,Grocery,2100000,Shiraz,M,Brown,Fall,2.9,No,Next Day Air,No,No,32,0,Bi-Weekly,Male_Florida_31,5/11/2023,FALSE,,0,0,0
56,2171,40,Male,Orange Juice,Beverages,1600000,Karaj,M,Turquoise,Fall,4,No,Next Day Air,No,No,37,0,Every 3 Months,Male_South Carolina_40,5/4/2023,FALSE,,0,0,0
1473,2172,39,Male,Paper Towel Pack,Household,4900000,Arak,M,Yellow,Summer,4.6,No,Store Pickup,No,No,9,1,Fortnightly,Male_Missouri_39,4/7/2023,FALSE,,0,0,0
1474,2173,28,Male,Toothpaste,Personal Care,4450000,Mashhad,S,Lavender,Fall,2.8,No,Store Pickup,No,No,6,0,Fortnightly,Male_Rhode Island_28,11/8/2023,FALSE,,0,0,0
1475,2174,23,Male,Fresh Bread,Bakery,4850000,Yazd,S,Cyan,Summer,5,No,2-Day Shipping,No,No,36,0,Quarterly,Male_Delaware_23,7/3/2023,FALSE,,0,0,0
1476,2175,42,Male,Mixed Nuts,Snacks,2450000,Qom,S,Olive,Spring,2.9,No,Store Pickup,No,No,1,1,Annually,Male_Colorado_42,7/12/2023,TRUE,Summer Sale Iran,0,1,0
1477,2176,68,Male,Sunflower Oil,Grocery,2500000,Qom,M,Silver,Spring,3.3,No,Free Shipping,No,No,48,0,Fortnightly,Male_Nebraska_68,1/4/2023,FALSE,,0,0,0
1478,2177,24,Male,Baguette,Bakery,4550000,Urmia,S,Red,Winter,3.4,No,2-Day Shipping,No,No,44,0,Quarterly,Male_Vermont_24,5/17/2023,FALSE,,0,0,0
1479,2178,24,Male,Potato Chips,Snacks,4650000,Qom,XL,Green,Winter,3,No,Express,No,No,9,0,Bi-Weekly,Male_Montana_24,3/25/2023,TRUE,Festival Norooz,0,1,1
1480,2179,21,Male,Mixed Nuts,Snacks,4900000,Qom,M,Gold,Summer,4.7,No,Standard,No,No,32,0,Annually,Male_Florida_21,8/14/2023,FALSE,,0,0,0
558,2180,49,Male,Chocolate Bar,Snacks,4100000,Sari,L,Lavender,Fall,2.9,No,Next Day Air,No,No,14,0,Monthly,Male_Delaware_49,5/1/2023,FALSE,,0,0,0
449,2181,41,Male,Sugar 1kg,Grocery,1850000,Sari,M,Yellow,Summer,4.1,No,Store Pickup,No,No,43,1,Quarterly,Male_Connecticut_41,7/29/2023,FALSE,,0,0,0
413,2182,22,Male,Cola 1.5L,Beverages,3150000,Tabriz,M,Black,Fall,3.2,No,Free Shipping,No,No,32,0,Bi-Weekly,Male_Hawaii_22,9/14/2023,FALSE,,0,0,0
995,2183,42,Male,Baguette,Bakery,4950000,Isfahan,M,Maroon,Winter,2.7,No,Store Pickup,No,No,26,0,Bi-Weekly,Male_New Mexico_42,5/25/2023,FALSE,,0,0,0
1208,2184,30,Male,Mixed Nuts,Snacks,1850000,Urmia,M,Maroon,Spring,4.7,No,Store Pickup,No,No,2,1,Monthly,Male_Kansas_30,5/26/2023,FALSE,,0,0,0
27,2185,38,Male,Rice 10kg,Grocery,1700000,Qom,S,Gold,Spring,3.2,No,Free Shipping,No,No,16,0,Every 3 Months,Male_Nevada_38,8/4/2023,FALSE,,0,0,0
735,2186,40,Male,Paper Towel Pack,Household,1600000,Isfahan,M,Violet,Winter,2.5,No,Express,No,No,50,0,Every 3 Months,Male_North Carolina_40,5/13/2023,FALSE,,0,0,0
1481,2187,55,Male,Sugar 1kg,Grocery,1150000,Karaj,XL,Teal,Winter,4.3,No,Next Day Air,No,No,6,0,Every 3 Months,Male_New Mexico_55,6/16/2023,FALSE,,0,0,0
1482,2188,37,Male,Body Wash,Personal Care,3900000,Arak,M,Violet,Spring,4.4,No,Free Shipping,No,No,20,0,Annually,Male_Idaho_37,8/19/2023,FALSE,,0,0,0
1483,2189,41,Male,Rice 10kg,Grocery,2700000,Yazd,M,Brown,Winter,4.7,No,Next Day Air,No,No,9,0,Weekly,Male_California_41,10/22/2023,FALSE,,0,0,0
348,2190,38,Male,Baguette,Bakery,4700000,Rasht,XL,Brown,Fall,4,No,Express,No,No,47,0,Bi-Weekly,Male_Wisconsin_38,7/10/2023,TRUE,Summer Sale Iran,1,1,0
53,2191,42,Male,Mineral Water 1.5L,Beverages,3750000,Kerman,S,Maroon,Spring,4.6,No,Express,No,No,33,0,Annually,Male_Alaska_42,2/9/2023,FALSE,,0,0,0
1484,2192,26,Male,Tea Box,Grocery,3450000,Karaj,S,Maroon,Summer,3.8,No,Next Day Air,No,No,46,1,Bi-Weekly,Male_Pennsylvania_26,11/8/2023,FALSE,,0,0,0
1485,2193,41,Male,Pasta Pack,Grocery,1750000,Rasht,L,Yellow,Winter,3.2,No,Next Day Air,No,No,9,0,Monthly,Male_Virginia_41,4/13/2023,FALSE,,0,0,0
1486,2194,27,Male,Shampoo,Personal Care,3900000,Urmia,L,Turquoise,Spring,5,No,Express,No,No,8,0,Monthly,Male_California_27,8/13/2023,FALSE,,0,0,0
1487,2195,61,Male,Chocolate Bar,Snacks,1450000,Urmia,M,Silver,Summer,3.5,No,Standard,No,No,48,0,Quarterly,Male_Kentucky_61,11/12/2023,FALSE,,0,0,0
1048,2196,58,Male,Frozen Chicken,Frozen,3100000,Hamedan,M,Brown,Fall,3.7,No,Next Day Air,No,No,2,1,Monthly,Male_New York_58,1/4/2023,FALSE,,0,0,0
1458,2197,25,Male,Cheddar Cheese,Dairy,2900000,Qom,M,Gray,Spring,4.8,No,Next Day Air,No,No,31,0,Weekly,Male_Vermont_25,7/26/2023,FALSE,,0,0,0
1488,2198,33,Male,Pasta Pack,Grocery,4400000,Shiraz,M,Indigo,Summer,3.7,No,2-Day Shipping,No,No,40,0,Monthly,Male_Pennsylvania_33,3/31/2023,TRUE,Festival Norooz,0,1,0
991,2199,57,Male,Potato Chips,Snacks,4000000,Qom,L,Turquoise,Summer,3.5,No,Free Shipping,No,No,35,0,Monthly,Male_New York_57,7/3/2023,FALSE,,0,0,0
1489,2200,39,Male,Chocolate Bar,Snacks,2350000,Ahvaz,M,Maroon,Summer,4.9,No,Store Pickup,No,No,40,0,Monthly,Male_North Carolina_39,5/16/2023,FALSE,,0,0,0
1490,2201,60,Male,Fresh Bread,Bakery,2550000,Tabriz,L,Charcoal,Summer,4.7,No,Next Day Air,No,No,27,0,Every 3 Months,Male_Wyoming_60,11/19/2023,FALSE,,0,0,0
654,2202,39,Male,Laundry Detergent,Household,1250000,Arak,L,Peach,Spring,4.9,No,2-Day Shipping,No,No,10,0,Annually,Male_Ohio_39,9/8/2023,FALSE,,0,0,0
715,2203,42,Male,Dishwashing Liquid,Household,1800000,Kermanshah,M,Red,Summer,4.3,No,Next Day Air,No,No,23,0,Weekly,Male_Alabama_42,9/16/2023,FALSE,,0,0,0
1491,2204,53,Male,Yogurt Bucket,Dairy,3950000,Mashhad,M,Indigo,Winter,3.1,No,Free Shipping,No,No,32,1,Quarterly,Male_Rhode Island_53,3/19/2023,FALSE,,0,0,0
292,2205,20,Male,Orange Juice,Beverages,2050000,Sari,S,Lavender,Winter,3.4,No,2-Day Shipping,No,No,6,0,Monthly,Male_Oregon_20,5/3/2023,FALSE,,0,0,0
314,2206,46,Male,Orange Juice,Beverages,3400000,Tabriz,XL,Red,Fall,2.7,No,Express,No,No,27,0,Weekly,Male_North Dakota_46,4/4/2023,FALSE,,0,0,0
1492,2207,46,Male,Mixed Nuts,Snacks,2550000,Karaj,L,Green,Spring,2.6,No,Store Pickup,No,No,25,0,Fortnightly,Male_Illinois_46,4/11/2023,FALSE,,0,0,0
1366,2208,69,Male,Frozen Chicken,Frozen,1900000,Tehran,M,Gray,Fall,2.9,No,Next Day Air,No,No,11,0,Annually,Male_New Mexico_69,3/8/2023,FALSE,,0,0,0
1169,2209,28,Male,Cola 1.5L,Beverages,2300000,Arak,XL,Violet,Summer,2.7,No,2-Day Shipping,No,No,23,0,Monthly,Male_Colorado_28,7/7/2023,FALSE,,0,0,0
1493,2210,42,Male,Paper Towel Pack,Household,1000000,Sari,XL,Beige,Summer,4.5,No,2-Day Shipping,No,No,44,0,Quarterly,Male_Utah_42,1/9/2023,FALSE,,0,0,0
1494,2211,30,Male,Sunflower Oil,Grocery,1250000,Bandar Abbas,M,Orange,Summer,3.1,No,Store Pickup,No,No,35,0,Fortnightly,Male_Virginia_30,11/17/2023,FALSE,,0,0,0
1394,2212,50,Male,Cola 1.5L,Beverages,4450000,Qom,L,Purple,Winter,3.2,No,Free Shipping,No,No,45,0,Every 3 Months,Male_Maine_50,7/3/2023,FALSE,,0,0,0
786,2213,59,Male,Cheddar Cheese,Dairy,3850000,Qom,M,Brown,Winter,3.3,No,Next Day Air,No,No,22,0,Quarterly,Male_Nebraska_59,2/21/2023,FALSE,,0,0,0
225,2214,54,Male,Frozen Chicken,Frozen,4700000,Tehran,M,Maroon,Fall,2.9,No,Express,No,No,18,0,Quarterly,Male_Hawaii_54,1/4/2023,FALSE,,0,0,0
61,2215,50,Male,Body Wash,Personal Care,5000000,Qom,L,Gold,Fall,4.1,No,Standard,No,No,20,0,Weekly,Male_Idaho_50,12/26/2023,FALSE,,0,0,0
1495,2216,25,Male,Shampoo,Personal Care,4800000,Qazvin,M,Indigo,Winter,2.7,No,Express,No,No,28,0,Fortnightly,Male_West Virginia_25,9/7/2023,FALSE,,0,0,0
173,2217,41,Male,Frozen Pizza,Frozen,1800000,Hamedan,XL,Silver,Winter,4,No,Store Pickup,No,No,15,0,Bi-Weekly,Male_Vermont_41,12/23/2023,FALSE,,0,0,0
38,2218,35,Male,Potato Chips,Snacks,1350000,Mashhad,XL,Red,Fall,2.6,No,Store Pickup,No,No,42,0,Fortnightly,Male_Indiana_35,8/14/2023,FALSE,,0,0,0
1496,2219,67,Male,Tea Box,Grocery,3350000,Qom,M,Magenta,Winter,3.5,No,Store Pickup,No,No,20,0,Quarterly,Male_Idaho_67,5/22/2023,FALSE,,0,0,0
660,2220,33,Male,Frozen Pizza,Frozen,4550000,Ahvaz,S,Purple,Fall,2.8,No,Store Pickup,No,No,16,0,Fortnightly,Male_Minnesota_33,8/24/2023,FALSE,,0,0,0
1344,2221,19,Male,Body Wash,Personal Care,3100000,Kermanshah,XL,Beige,Fall,4.5,No,Store Pickup,No,No,47,1,Annually,Male_Wyoming_19,11/24/2023,TRUE,Yalda Festival,2,1,0
1497,2222,25,Male,Laundry Detergent,Household,4400000,Bandar Abbas,XL,White,Fall,3,No,Free Shipping,No,No,34,0,Annually,Male_Kansas_25,7/27/2023,FALSE,,0,0,0
1498,2223,32,Male,Dishwashing Liquid,Household,3300000,Kerman,M,Teal,Summer,4.4,No,Store Pickup,No,No,30,0,Weekly,Male_Georgia_32,4/12/2023,FALSE,,0,0,0
1208,2224,30,Male,Sunflower Oil,Grocery,3250000,Shiraz,M,Gray,Fall,4.7,No,Next Day Air,No,No,5,0,Quarterly,Male_Kansas_30,5/21/2023,FALSE,,0,0,0
1499,2225,18,Male,Dishwashing Liquid,Household,1250000,Kerman,L,Charcoal,Winter,4.3,No,Standard,No,No,38,1,Quarterly,Male_Nebraska_18,5/19/2023,FALSE,,0,0,0
192,2226,38,Male,Sunflower Oil,Grocery,3200000,Shiraz,S,Olive,Spring,4.8,No,Free Shipping,No,No,18,0,Annually,Male_Washington_38,11/20/2023,TRUE,Yalda Festival,1,1,0
1500,2227,22,Male,Mineral Water 1.5L,Beverages,3600000,Bandar Abbas,L,Blue,Spring,4.8,No,Store Pickup,No,No,28,1,Annually,Male_Missouri_22,12/25/2023,FALSE,,0,0,0
122,2228,40,Male,Sunflower Oil,Grocery,3700000,Karaj,S,Gray,Summer,4.4,No,Next Day Air,No,No,42,0,Fortnightly,Male_Washington_40,3/17/2023,FALSE,,0,0,0
1501,2229,54,Male,Frozen Pizza,Frozen,2500000,Ahvaz,M,Green,Fall,3.7,No,Free Shipping,No,No,5,0,Weekly,Male_Kansas_54,5/3/2023,FALSE,,0,0,0
751,2230,70,Male,Laundry Detergent,Household,4850000,Tehran,M,Silver,Fall,3.9,No,Express,No,No,50,0,Monthly,Male_Minnesota_70,11/16/2023,FALSE,,0,0,0
145,2231,52,Male,Rice 10kg,Grocery,1800000,Yazd,S,Teal,Spring,3.8,No,Express,No,No,33,0,Fortnightly,Male_Colorado_52,9/17/2023,FALSE,,0,0,0
1502,2232,34,Male,Sugar 1kg,Grocery,2450000,Kermanshah,M,Beige,Fall,4.1,No,Store Pickup,No,No,1,0,Weekly,Male_Utah_34,11/13/2023,FALSE,,0,0,0
776,2233,65,Male,Body Wash,Personal Care,3200000,Bandar Abbas,L,Lavender,Spring,4,No,Store Pickup,No,No,14,1,Fortnightly,Male_North Carolina_65,4/11/2023,FALSE,,0,0,0
1215,2234,38,Male,Yogurt Bucket,Dairy,1550000,Shiraz,XL,Gray,Summer,4.5,No,Express,No,No,48,0,Monthly,Male_Florida_38,9/10/2023,FALSE,,0,0,0
1030,2235,35,Male,Paper Towel Pack,Household,3300000,Mashhad,S,Yellow,Winter,4,No,Express,No,No,26,1,Weekly,Male_New Hampshire_35,1/11/2023,FALSE,,0,0,0
869,2236,40,Male,Yogurt Bucket,Dairy,4100000,Yazd,M,Gray,Spring,4.5,No,2-Day Shipping,No,No,44,0,Annually,Male_Illinois_40,12/13/2023,FALSE,,0,0,0
961,2237,23,Male,Shampoo,Personal Care,4400000,Hamedan,M,Yellow,Winter,2.7,No,Standard,No,No,18,0,Fortnightly,Male_Louisiana_23,3/3/2023,FALSE,,0,0,0
1503,2238,45,Male,Rice 10kg,Grocery,1700000,Rasht,S,Black,Summer,3.8,No,Next Day Air,No,No,31,0,Every 3 Months,Male_Alabama_45,2/25/2023,FALSE,,0,0,0
1381,2239,40,Male,Rice 10kg,Grocery,4200000,Kermanshah,L,Beige,Winter,3.8,No,Standard,No,No,18,0,Weekly,Male_Florida_40,12/9/2023,FALSE,,0,0,0
715,2240,42,Male,Cola 1.5L,Beverages,4800000,Urmia,L,Indigo,Summer,3.8,No,2-Day Shipping,No,No,41,0,Every 3 Months,Male_Alabama_42,1/17/2023,FALSE,,0,0,0
47,2241,57,Male,Pasta Pack,Grocery,3550000,Mashhad,L,Green,Winter,4.3,No,Next Day Air,No,No,18,0,Every 3 Months,Male_California_57,9/18/2023,FALSE,,0,0,0
1504,2242,18,Male,Fresh Bread,Bakery,3850000,Bandar Abbas,M,Purple,Summer,3.5,No,Free Shipping,No,No,3,0,Bi-Weekly,Male_Maryland_18,12/27/2023,FALSE,,0,0,0
1505,2243,18,Male,Mixed Nuts,Snacks,3300000,Tehran,M,Orange,Spring,3.8,No,Next Day Air,No,No,5,0,Bi-Weekly,Male_Nevada_18,7/28/2023,FALSE,,0,0,0
1506,2244,56,Male,Cola 1.5L,Beverages,1050000,Tehran,M,Teal,Winter,3.7,No,2-Day Shipping,No,No,13,0,Annually,Male_Massachusetts_56,3/31/2023,TRUE,Festival Norooz,0,1,0
1150,2245,35,Male,Mixed Nuts,Snacks,1850000,Kermanshah,M,Gold,Summer,4.8,No,2-Day Shipping,No,No,22,0,Annually,Male_South Carolina_35,6/26/2023,FALSE,,0,0,0
558,2246,49,Male,Laundry Detergent,Household,4500000,Urmia,L,Gray,Fall,4.9,No,Free Shipping,No,No,45,0,Fortnightly,Male_Delaware_49,5/15/2023,FALSE,,0,0,0
596,2247,49,Male,Potato Chips,Snacks,4800000,Kermanshah,M,Cyan,Fall,4.3,No,Store Pickup,No,No,39,0,Every 3 Months,Male_Hawaii_49,12/14/2023,FALSE,,0,0,0
579,2248,34,Male,Tea Box,Grocery,1850000,Yazd,L,Teal,Summer,4.4,No,Next Day Air,No,No,18,0,Annually,Male_Florida_34,1/1/2023,FALSE,,0,0,0
1507,2249,63,Male,Frozen Pizza,Frozen,3300000,Karaj,M,Violet,Winter,3.4,No,Free Shipping,No,No,19,0,Fortnightly,Male_Rhode Island_63,7/9/2023,FALSE,,0,0,0
1328,2250,42,Male,Frozen Chicken,Frozen,2250000,Sari,XL,Indigo,Spring,4.3,No,Next Day Air,No,No,29,0,Weekly,Male_Wyoming_42,1/6/2023,FALSE,,0,0,0
1067,2251,41,Male,Frozen Pizza,Frozen,4450000,Tabriz,L,Pink,Summer,4.6,No,Store Pickup,No,No,19,0,Weekly,Male_Colorado_41,1/18/2023,FALSE,,0,0,0
1314,2252,26,Male,Fresh Bread,Bakery,4700000,Kermanshah,L,Gold,Fall,3.8,No,Free Shipping,No,No,22,0,Monthly,Male_Virginia_26,2/1/2023,FALSE,,0,0,0
1508,2253,48,Male,Dishwashing Liquid,Household,4800000,Isfahan,S,Maroon,Summer,3.9,No,Express,No,No,21,0,Annually,Male_Nebraska_48,11/6/2023,FALSE,,0,0,0
575,2254,62,Male,Shampoo,Personal Care,1550000,Shiraz,M,Brown,Spring,2.6,No,Store Pickup,No,No,22,0,Monthly,Male_Oklahoma_62,11/26/2023,TRUE,Yalda Festival,1,1,0
1509,2255,24,Male,Frozen Chicken,Frozen,3950000,Yazd,M,Gold,Winter,4.2,No,Store Pickup,No,No,44,0,Every 3 Months,Male_North Dakota_24,6/4/2023,FALSE,,0,0,0
1108,2256,48,Male,Mineral Water 1.5L,Beverages,1950000,Rasht,L,Teal,Spring,4.6,No,Store Pickup,No,No,42,0,Quarterly,Male_Michigan_48,3/13/2023,FALSE,,0,0,0
376,2257,31,Male,Paper Towel Pack,Household,1100000,Arak,M,Turquoise,Fall,5,No,Standard,No,No,33,0,Quarterly,Male_California_31,7/16/2023,TRUE,Summer Sale Iran,0,1,1
308,2258,41,Male,Paper Towel Pack,Household,1600000,Sari,L,Olive,Fall,4.2,No,Standard,No,No,6,0,Annually,Male_Tennessee_41,8/29/2023,FALSE,,0,0,0
1510,2259,24,Male,Fresh Bread,Bakery,3550000,Ahvaz,L,Cyan,Winter,4.3,No,Store Pickup,No,No,44,0,Every 3 Months,Male_Ohio_24,7/9/2023,FALSE,,0,0,0
1511,2260,60,Male,Cheddar Cheese,Dairy,4800000,Kerman,XL,Beige,Spring,3.3,No,Free Shipping,No,No,24,1,Annually,Male_Florida_60,7/10/2023,TRUE,Summer Sale Iran,0,1,0
1470,2261,38,Male,Sunflower Oil,Grocery,4100000,Mashhad,M,Blue,Fall,4.9,No,Express,No,No,16,0,Quarterly,Male_Missouri_38,7/28/2023,FALSE,,0,0,0
1512,2262,58,Male,Cheddar Cheese,Dairy,3800000,Yazd,L,Gold,Spring,4.4,No,Standard,No,No,12,0,Fortnightly,Male_South Carolina_58,2/27/2023,FALSE,,0,0,0
1513,2263,53,Male,Body Wash,Personal Care,1100000,Karaj,M,Green,Winter,3.1,No,2-Day Shipping,No,No,50,0,Monthly,Male_Arizona_53,1/7/2023,FALSE,,0,0,0
1514,2264,44,Male,Potato Chips,Snacks,2000000,Yazd,XL,Green,Winter,3.5,No,Store Pickup,No,No,42,1,Quarterly,Male_Indiana_44,7/24/2023,FALSE,,0,0,0
1515,2265,51,Male,Frozen Chicken,Frozen,4600000,Bandar Abbas,M,Turquoise,Summer,3.9,No,2-Day Shipping,No,No,50,0,Monthly,Male_North Dakota_51,2/2/2023,FALSE,,0,0,0
1516,2266,36,Male,Cheddar Cheese,Dairy,4700000,Mashhad,XL,Yellow,Fall,3.9,No,Store Pickup,No,No,10,0,Quarterly,Male_Montana_36,6/22/2023,FALSE,,0,0,0
1517,2267,20,Male,Baguette,Bakery,2200000,Bandar Abbas,M,Yellow,Fall,4.3,No,Store Pickup,No,No,32,0,Weekly,Male_Missouri_20,6/16/2023,FALSE,,0,0,0
851,2268,32,Male,Cola 1.5L,Beverages,2450000,Sari,S,Blue,Spring,3.8,No,Express,No,No,37,0,Weekly,Male_Kentucky_32,12/2/2023,FALSE,,0,0,0
1120,2269,66,Male,Sugar 1kg,Grocery,1300000,Ahvaz,L,Charcoal,Spring,2.7,No,2-Day Shipping,No,No,15,0,Monthly,Male_Georgia_66,11/16/2023,FALSE,,0,0,0
668,2270,49,Male,Cola 1.5L,Beverages,1900000,Qom,M,Yellow,Fall,4.4,No,Store Pickup,No,No,27,0,Annually,Male_Kentucky_49,9/7/2023,FALSE,,0,0,0
813,2271,27,Male,Fresh Bread,Bakery,3600000,Bandar Abbas,L,Purple,Spring,3.5,No,Express,No,No,7,0,Weekly,Male_Georgia_27,3/3/2023,FALSE,,0,0,0
685,2272,29,Male,Tea Box,Grocery,4950000,Kermanshah,M,Green,Summer,3.4,No,Free Shipping,No,No,49,0,Quarterly,Male_Alaska_29,5/4/2023,FALSE,,0,0,0
1518,2273,29,Male,Rice 10kg,Grocery,1900000,Kerman,L,Charcoal,Spring,4,No,Standard,No,No,44,0,Monthly,Male_Maine_29,8/5/2023,FALSE,,0,0,0
1481,2274,55,Male,Paper Towel Pack,Household,4800000,Sari,L,Silver,Winter,4.8,No,Express,No,No,13,0,Bi-Weekly,Male_New Mexico_55,2/2/2023,FALSE,,0,0,0
991,2275,57,Male,Mixed Nuts,Snacks,1350000,Arak,L,Turquoise,Spring,4.5,No,Next Day Air,No,No,38,0,Fortnightly,Male_New York_57,1/17/2023,FALSE,,0,0,0
1519,2276,29,Male,Cola 1.5L,Beverages,1200000,Kerman,M,Gray,Winter,4.4,No,Standard,No,No,10,0,Weekly,Male_Oklahoma_29,8/30/2023,FALSE,,0,0,0
30,2277,31,Male,Chocolate Bar,Snacks,4100000,Sari,L,Red,Summer,4.1,No,2-Day Shipping,No,No,25,0,Weekly,Male_Wyoming_31,5/20/2023,FALSE,,0,0,0
17,2278,25,Male,Frozen Pizza,Frozen,2800000,Kerman,M,Beige,Summer,4.6,No,Next Day Air,No,No,18,0,Quarterly,Male_Alabama_25,10/2/2023,FALSE,,0,0,0
1198,2279,61,Male,Mineral Water 1.5L,Beverages,1250000,Yazd,M,Maroon,Fall,3.8,No,Store Pickup,No,No,6,1,Every 3 Months,Male_Maryland_61,11/6/2023,FALSE,,0,0,0
285,2280,53,Male,Fresh Bread,Bakery,3350000,Qom,L,Indigo,Spring,2.9,No,Free Shipping,No,No,35,0,Quarterly,Male_West Virginia_53,8/26/2023,FALSE,,0,0,0
1520,2281,22,Male,Frozen Pizza,Frozen,1050000,Hamedan,M,Red,Summer,2.8,No,Standard,No,No,31,0,Fortnightly,Male_Kentucky_22,9/12/2023,FALSE,,0,0,0
1521,2282,28,Male,Orange Juice,Beverages,1350000,Arak,XL,Maroon,Summer,3,No,Store Pickup,No,No,41,0,Annually,Male_Kansas_28,4/29/2023,FALSE,,0,0,0
1522,2283,18,Male,Tea Box,Grocery,4850000,Kerman,S,Red,Fall,4.2,No,2-Day Shipping,No,No,8,0,Annually,Male_Idaho_18,11/28/2023,TRUE,Yalda Festival,0,1,0
1523,2284,44,Male,Rice 10kg,Grocery,2250000,Arak,S,Black,Winter,4.1,No,Free Shipping,No,No,34,0,Fortnightly,Male_Ohio_44,10/23/2023,FALSE,,0,0,0
524,2285,32,Male,Yogurt Bucket,Dairy,3150000,Yazd,XL,Black,Fall,4.1,No,Express,No,No,20,0,Annually,Male_Iowa_32,10/8/2023,FALSE,,0,0,0
1384,2286,34,Male,Frozen Chicken,Frozen,5000000,Karaj,L,Pink,Summer,4.6,No,2-Day Shipping,No,No,38,0,Every 3 Months,Male_Michigan_34,12/16/2023,FALSE,,0,0,0
1414,2287,67,Male,Paper Towel Pack,Household,1900000,Yazd,L,Blue,Spring,2.5,No,Store Pickup,No,No,35,0,Quarterly,Male_South Dakota_67,8/31/2023,FALSE,,0,0,0
1524,2288,66,Male,Cheddar Cheese,Dairy,2250000,Qom,L,Green,Summer,3,No,Store Pickup,No,No,6,0,Annually,Male_Nebraska_66,2/4/2023,FALSE,,0,0,0
211,2289,28,Male,Shampoo,Personal Care,4550000,Rasht,M,Orange,Fall,3.8,No,Next Day Air,No,No,50,0,Weekly,Male_California_28,6/6/2023,FALSE,,0,0,0
313,2290,70,Male,Laundry Detergent,Household,4100000,Arak,M,Orange,Fall,4.1,No,Free Shipping,No,No,47,0,Weekly,Male_Nevada_70,1/28/2023,FALSE,,0,0,0
1525,2291,37,Male,Toothpaste,Personal Care,2400000,Tehran,L,Magenta,Winter,3.3,No,Standard,No,No,23,0,Quarterly,Male_Kansas_37,3/2/2023,FALSE,,0,0,0
846,2292,28,Male,Dishwashing Liquid,Household,1500000,Shiraz,M,Indigo,Spring,5,No,2-Day Shipping,No,No,13,0,Quarterly,Male_Ohio_28,5/25/2023,FALSE,,0,0,0
1014,2293,43,Male,Body Wash,Personal Care,1700000,Arak,S,Beige,Spring,3.8,No,Next Day Air,No,No,31,0,Monthly,Male_Vermont_43,11/10/2023,FALSE,,0,0,0
431,2294,37,Male,Fresh Bread,Bakery,3400000,Karaj,L,Green,Fall,3.3,No,Express,No,No,16,0,Every 3 Months,Male_Georgia_37,3/19/2023,FALSE,,0,0,0
1270,2295,54,Male,Body Wash,Personal Care,4750000,Rasht,M,Red,Winter,5,No,Express,No,No,40,0,Annually,Male_Maryland_54,11/8/2023,FALSE,,0,0,0
614,2296,50,Male,Dishwashing Liquid,Household,1100000,Kerman,L,Beige,Spring,2.9,No,2-Day Shipping,No,No,45,0,Quarterly,Male_Connecticut_50,5/12/2023,FALSE,,0,0,0
1526,2297,46,Male,Paper Towel Pack,Household,4400000,Kermanshah,M,Green,Fall,2.5,No,Next Day Air,No,No,50,0,Every 3 Months,Male_Washington_46,2/6/2023,FALSE,,0,0,0
1527,2298,60,Male,Fresh Bread,Bakery,4150000,Kerman,M,Orange,Summer,4.7,No,Standard,No,No,1,0,Quarterly,Male_California_60,1/5/2023,FALSE,,0,0,0
505,2299,40,Male,Shampoo,Personal Care,4350000,Tabriz,L,Cyan,Spring,2.9,No,2-Day Shipping,No,No,10,1,Every 3 Months,Male_Montana_40,4/25/2023,FALSE,,0,0,0
1528,2300,64,Male,Body Wash,Personal Care,2850000,Shiraz,M,Violet,Summer,3.7,No,Store Pickup,No,No,48,0,Every 3 Months,Male_Idaho_64,8/16/2023,FALSE,,0,0,0
884,2301,18,Male,Tea Box,Grocery,4400000,Mashhad,XL,Lavender,Summer,4.4,No,2-Day Shipping,No,No,38,0,Monthly,Male_Pennsylvania_18,7/15/2023,TRUE,Summer Sale Iran,0,2,0
1430,2302,37,Male,Milk 1L,Dairy,1000000,Karaj,L,Turquoise,Winter,2.9,No,Next Day Air,No,No,21,0,Annually,Male_Maine_37,7/25/2023,FALSE,,0,0,0
1516,2303,36,Male,Chocolate Bar,Snacks,1950000,Sari,L,Pink,Summer,3.6,No,Store Pickup,No,No,38,0,Monthly,Male_Montana_36,4/20/2023,FALSE,,0,0,0
481,2304,51,Male,Laundry Detergent,Household,3550000,Ahvaz,S,Beige,Spring,4.8,No,2-Day Shipping,No,No,31,0,Fortnightly,Male_New Jersey_51,8/8/2023,FALSE,,0,0,0
1529,2305,26,Male,Body Wash,Personal Care,3650000,Kermanshah,L,Silver,Winter,4.7,No,Free Shipping,No,No,9,0,Fortnightly,Male_Louisiana_26,9/21/2023,FALSE,,0,0,0
1419,2306,68,Male,Cola 1.5L,Beverages,3150000,Ahvaz,M,Gold,Summer,2.6,No,Free Shipping,No,No,47,1,Weekly,Male_Maine_68,9/15/2023,FALSE,,0,0,0
1530,2307,27,Male,Body Wash,Personal Care,3900000,Ahvaz,L,Silver,Winter,3.4,No,Standard,No,No,8,1,Bi-Weekly,Male_Florida_27,11/8/2023,FALSE,,0,0,0
1531,2308,28,Male,Dishwashing Liquid,Household,4800000,Isfahan,L,Green,Fall,3.5,No,Next Day Air,No,No,30,0,Annually,Male_Missouri_28,4/15/2023,FALSE,,0,0,0
1532,2309,49,Male,Frozen Chicken,Frozen,4050000,Tehran,M,Teal,Winter,3.4,No,2-Day Shipping,No,No,22,0,Quarterly,Male_North Dakota_49,1/5/2023,FALSE,,0,0,0
1202,2310,70,Male,Tea Box,Grocery,4750000,Qazvin,S,Gold,Fall,5,No,2-Day Shipping,No,No,3,0,Quarterly,Male_Connecticut_70,10/21/2023,FALSE,,0,0,0
1494,2311,30,Male,Tea Box,Grocery,3400000,Qazvin,M,Cyan,Spring,4.6,No,Standard,No,No,15,0,Monthly,Male_Virginia_30,11/21/2023,TRUE,Yalda Festival,1,1,0
1073,2312,27,Male,Paper Towel Pack,Household,1400000,Kerman,L,Gold,Spring,4.8,No,2-Day Shipping,No,No,10,0,Every 3 Months,Male_Montana_27,12/19/2023,FALSE,,0,0,0
666,2313,19,Male,Sunflower Oil,Grocery,1500000,Kermanshah,L,Violet,Summer,3.7,No,Free Shipping,No,No,19,1,Every 3 Months,Male_Vermont_19,5/31/2023,FALSE,,0,0,0
1533,2314,64,Male,Orange Juice,Beverages,1550000,Isfahan,M,Black,Summer,4.7,No,Next Day Air,No,No,36,0,Fortnightly,Male_Georgia_64,5/24/2023,FALSE,,0,0,0
1534,2315,42,Male,Shampoo,Personal Care,4750000,Kerman,XL,Brown,Winter,4.4,No,Express,No,No,12,0,Every 3 Months,Male_Virginia_42,9/29/2023,FALSE,,0,0,0
1411,2316,69,Male,Sunflower Oil,Grocery,3950000,Kermanshah,M,Indigo,Winter,3.5,No,2-Day Shipping,No,No,49,0,Quarterly,Male_Vermont_69,12/3/2023,FALSE,,0,0,0
1535,2317,28,Male,Tea Box,Grocery,1950000,Rasht,L,Yellow,Winter,3.8,No,Standard,No,No,7,0,Annually,Male_Montana_28,9/29/2023,FALSE,,0,0,0
1536,2318,47,Male,Cheddar Cheese,Dairy,1700000,Isfahan,M,Purple,Summer,4.7,No,Next Day Air,No,No,28,0,Monthly,Male_New Jersey_47,12/9/2023,FALSE,,0,0,0
1537,2319,69,Male,Dishwashing Liquid,Household,1400000,Shiraz,L,White,Spring,3.1,No,Store Pickup,No,No,30,0,Annually,Male_Wyoming_69,9/19/2023,FALSE,,0,0,0
1538,2320,56,Male,Paper Towel Pack,Household,1900000,Isfahan,XL,Turquoise,Winter,5,No,Free Shipping,No,No,29,0,Monthly,Male_Maine_56,10/23/2023,FALSE,,0,0,0
784,2321,28,Male,Fresh Bread,Bakery,2750000,Urmia,M,Olive,Spring,3.7,No,Free Shipping,No,No,9,0,Every 3 Months,Male_New Mexico_28,11/25/2023,TRUE,Yalda Festival,1,2,0
552,2322,50,Male,Paper Towel Pack,Household,1550000,Mashhad,M,Beige,Winter,3,No,Next Day Air,No,No,27,0,Fortnightly,Male_Colorado_50,1/25/2023,FALSE,,0,0,0
1539,2323,39,Male,Pasta Pack,Grocery,4200000,Urmia,S,Lavender,Spring,4.5,No,Store Pickup,No,No,21,0,Fortnightly,Male_Connecticut_39,10/29/2023,FALSE,,0,0,0
710,2324,35,Male,Cheddar Cheese,Dairy,4650000,Kermanshah,L,White,Winter,4.7,No,Express,No,No,36,0,Monthly,Male_Maryland_35,11/23/2023,TRUE,Yalda Festival,2,1,0
349,2325,59,Male,Rice 10kg,Grocery,1400000,Urmia,L,Brown,Winter,3.5,No,Free Shipping,No,No,19,0,Annually,Male_Oregon_59,11/4/2023,FALSE,,0,0,0
1540,2326,44,Male,Milk 1L,Dairy,2750000,Tabriz,M,Charcoal,Summer,4.4,No,2-Day Shipping,No,No,47,1,Weekly,Male_New York_44,8/29/2023,FALSE,,0,0,0
911,2327,66,Male,Frozen Pizza,Frozen,3150000,Sari,L,Maroon,Winter,2.6,No,Standard,No,No,38,0,Annually,Male_Oklahoma_66,2/16/2023,FALSE,,0,0,0
1541,2328,20,Male,Orange Juice,Beverages,4700000,Tabriz,M,Red,Winter,4.2,No,2-Day Shipping,No,No,22,0,Bi-Weekly,Male_Alabama_20,11/25/2023,TRUE,Yalda Festival,1,1,0
1542,2329,45,Male,Milk 1L,Dairy,1800000,Karaj,M,Maroon,Fall,2.6,No,Express,No,No,29,0,Bi-Weekly,Male_North Dakota_45,5/10/2023,FALSE,,0,0,0
1138,2330,49,Male,Dishwashing Liquid,Household,4850000,Qom,S,Teal,Spring,4.8,No,Free Shipping,No,No,42,0,Annually,Male_Nebraska_49,4/29/2023,FALSE,,0,0,0
1543,2331,60,Male,Yogurt Bucket,Dairy,3150000,Rasht,L,Orange,Summer,2.9,No,Store Pickup,No,No,47,0,Every 3 Months,Male_Arizona_60,4/9/2023,FALSE,,0,0,0
1544,2332,61,Male,Chocolate Bar,Snacks,3850000,Tabriz,S,Olive,Spring,4.3,No,2-Day Shipping,No,No,10,0,Bi-Weekly,Male_Illinois_61,4/30/2023,FALSE,,0,0,0
1258,2333,36,Male,Sunflower Oil,Grocery,2650000,Isfahan,XL,Olive,Fall,2.6,No,Store Pickup,No,No,10,0,Monthly,Male_South Carolina_36,10/17/2023,FALSE,,0,0,0
1545,2334,33,Male,Yogurt Bucket,Dairy,3850000,Urmia,M,Beige,Spring,3.8,No,Next Day Air,No,No,1,0,Every 3 Months,Male_Kansas_33,12/21/2023,FALSE,,0,0,0
1546,2335,49,Male,Tea Box,Grocery,3950000,Tabriz,L,Green,Summer,4.2,No,Standard,No,No,7,0,Monthly,Male_Kansas_49,7/1/2023,FALSE,,0,0,0
1429,2336,31,Male,Potato Chips,Snacks,1850000,Kerman,M,Black,Summer,3.9,No,Store Pickup,No,No,10,0,Fortnightly,Male_Idaho_31,9/22/2023,FALSE,,0,0,0
1547,2337,19,Male,Mixed Nuts,Snacks,4700000,Kermanshah,M,Green,Winter,3.1,No,Free Shipping,No,No,11,0,Weekly,Male_California_19,4/28/2023,FALSE,,0,0,0
1548,2338,39,Male,Laundry Detergent,Household,3800000,Karaj,S,Violet,Fall,3.6,No,Store Pickup,No,No,5,1,Annually,Male_North Dakota_39,11/21/2023,TRUE,Yalda Festival,0,1,0
1120,2339,66,Male,Yogurt Bucket,Dairy,3400000,Karaj,S,Silver,Fall,4,No,Express,No,No,21,0,Quarterly,Male_Georgia_66,11/23/2023,TRUE,Yalda Festival,2,1,0
712,2340,25,Male,Rice 10kg,Grocery,3250000,Bandar Abbas,L,Maroon,Spring,3.4,No,Next Day Air,No,No,24,0,Quarterly,Male_Illinois_25,7/29/2023,FALSE,,0,0,0
1549,2341,63,Male,Cola 1.5L,Beverages,1200000,Hamedan,M,Cyan,Summer,2.6,No,Standard,No,No,37,0,Fortnightly,Male_Delaware_63,1/16/2023,FALSE,,0,0,0
1550,2342,56,Male,Body Wash,Personal Care,1550000,Urmia,L,Teal,Summer,4.5,No,Express,No,No,22,0,Every 3 Months,Male_Connecticut_56,12/8/2023,FALSE,,0,0,0
43,2343,20,Male,Mixed Nuts,Snacks,4450000,Mashhad,M,Olive,Fall,4.9,No,Standard,No,No,16,0,Fortnightly,Male_Tennessee_20,5/11/2023,FALSE,,0,0,0
1551,2344,58,Male,Tea Box,Grocery,2450000,Hamedan,M,Red,Summer,4.4,No,2-Day Shipping,No,No,44,0,Monthly,Male_Maryland_58,6/13/2023,FALSE,,0,0,0
1552,2345,34,Male,Baguette,Bakery,4600000,Shiraz,XL,Lavender,Fall,3.5,No,Express,No,No,14,0,Bi-Weekly,Male_Rhode Island_34,6/24/2023,FALSE,,0,0,0
331,2346,28,Male,Orange Juice,Beverages,1600000,Mashhad,S,Orange,Winter,3.3,No,Express,No,No,23,0,Every 3 Months,Male_New York_28,6/11/2023,FALSE,,0,0,0
472,2347,22,Male,Shampoo,Personal Care,3350000,Kerman,L,Brown,Winter,3.1,No,Standard,No,No,46,0,Fortnightly,Male_New Mexico_22,12/25/2023,FALSE,,0,0,0
1553,2348,37,Male,Tea Box,Grocery,3200000,Yazd,S,Gray,Fall,4.2,No,Express,No,No,46,1,Every 3 Months,Male_California_37,1/3/2023,FALSE,,0,0,0
518,2349,54,Male,Milk 1L,Dairy,4200000,Mashhad,M,Orange,Spring,4.9,No,Next Day Air,No,No,16,0,Every 3 Months,Male_Maine_54,1/16/2023,FALSE,,0,0,0
1250,2350,65,Male,Baguette,Bakery,1700000,Tabriz,M,Orange,Fall,3.9,No,Standard,No,No,40,0,Every 3 Months,Male_New York_65,8/17/2023,FALSE,,0,0,0
268,2351,57,Male,Paper Towel Pack,Household,1300000,Hamedan,M,Turquoise,Winter,4.2,No,Free Shipping,No,No,21,1,Annually,Male_Hawaii_57,3/5/2023,FALSE,,0,0,0
736,2352,38,Male,Baguette,Bakery,2500000,Qom,S,Cyan,Fall,4.9,No,Store Pickup,No,No,25,0,Bi-Weekly,Male_New Hampshire_38,3/11/2023,FALSE,,0,0,0
1554,2353,70,Male,Tea Box,Grocery,2300000,Qazvin,M,Yellow,Fall,2.8,No,Store Pickup,No,No,25,0,Quarterly,Male_Nebraska_70,9/5/2023,FALSE,,0,0,0
297,2354,56,Male,Cheddar Cheese,Dairy,3550000,Urmia,M,White,Fall,4.1,No,Standard,No,No,25,0,Every 3 Months,Male_Montana_56,1/31/2023,FALSE,,0,0,0
1171,2355,56,Male,Yogurt Bucket,Dairy,3900000,Tehran,M,Blue,Summer,4.8,No,Next Day Air,No,No,27,0,Monthly,Male_Wisconsin_56,6/11/2023,FALSE,,0,0,0
860,2356,22,Male,Pasta Pack,Grocery,1750000,Shiraz,S,Purple,Winter,4.1,No,Next Day Air,No,No,12,1,Monthly,Male_Tennessee_22,8/27/2023,FALSE,,0,0,0
1555,2357,57,Male,Rice 10kg,Grocery,2900000,Isfahan,M,Gray,Summer,3,No,Free Shipping,No,No,27,0,Quarterly,Male_Montana_57,3/1/2023,FALSE,,0,0,0
676,2358,53,Male,Sugar 1kg,Grocery,3350000,Rasht,L,Cyan,Fall,4.2,No,2-Day Shipping,No,No,40,0,Bi-Weekly,Male_Michigan_53,1/18/2023,FALSE,,0,0,0
341,2359,53,Male,Rice 10kg,Grocery,4650000,Sari,L,Pink,Spring,3.8,No,Standard,No,No,38,0,Quarterly,Male_Texas_53,5/12/2023,FALSE,,0,0,0
607,2360,19,Male,Fresh Bread,Bakery,4050000,Tehran,S,Gold,Spring,3.3,No,2-Day Shipping,No,No,44,0,Every 3 Months,Male_Pennsylvania_19,7/17/2023,TRUE,Summer Sale Iran,0,1,1
279,2361,49,Male,Paper Towel Pack,Household,4000000,Bandar Abbas,L,Silver,Fall,4.7,No,2-Day Shipping,No,No,27,0,Every 3 Months,Male_New York_49,4/4/2023,FALSE,,0,0,0
1556,2362,44,Male,Frozen Chicken,Frozen,3200000,Kermanshah,M,Gray,Spring,4.3,No,2-Day Shipping,No,No,30,0,Every 3 Months,Male_Alabama_44,4/13/2023,FALSE,,0,0,0
364,2363,27,Male,Baguette,Bakery,2050000,Yazd,M,Brown,Fall,2.7,No,Standard,No,No,24,0,Monthly,Male_Virginia_27,3/12/2023,FALSE,,0,0,0
1557,2364,60,Male,Sugar 1kg,Grocery,3950000,Bandar Abbas,XL,Pink,Winter,4.2,No,Express,No,No,38,1,Bi-Weekly,Male_Pennsylvania_60,7/4/2023,FALSE,,0,0,0
1558,2365,62,Male,Sugar 1kg,Grocery,3000000,Kerman,L,Maroon,Winter,4.2,No,Free Shipping,No,No,4,0,Quarterly,Male_Mississippi_62,9/17/2023,FALSE,,0,0,0
169,2366,52,Male,Laundry Detergent,Household,4550000,Tabriz,S,Peach,Winter,2.5,No,Next Day Air,No,No,32,0,Monthly,Male_Wyoming_52,3/4/2023,FALSE,,0,0,0
132,2367,30,Male,Chocolate Bar,Snacks,3300000,Ahvaz,L,Brown,Winter,3.6,No,Express,No,No,32,0,Fortnightly,Male_New Mexico_30,12/20/2023,FALSE,,0,0,0
1559,2368,66,Male,Yogurt Bucket,Dairy,4250000,Tabriz,L,Green,Winter,3.4,No,Standard,No,No,28,0,Bi-Weekly,Male_North Dakota_66,3/7/2023,FALSE,,0,0,0
1022,2369,29,Male,Milk 1L,Dairy,1900000,Arak,M,Lavender,Summer,3.3,No,Standard,No,No,6,0,Every 3 Months,Male_New Jersey_29,11/6/2023,FALSE,,0,0,0
1478,2370,24,Male,Mineral Water 1.5L,Beverages,1150000,Shiraz,M,Cyan,Winter,4.6,No,Standard,No,No,24,0,Monthly,Male_Vermont_24,3/23/2023,TRUE,Festival Norooz,0,1,1
1560,2371,51,Male,Sugar 1kg,Grocery,3550000,Urmia,M,Black,Spring,3.9,No,Store Pickup,No,No,38,0,Weekly,Male_Alaska_51,2/25/2023,FALSE,,0,0,0
246,2372,67,Male,Milk 1L,Dairy,1250000,Bandar Abbas,M,Charcoal,Winter,3.7,No,Next Day Air,No,No,28,0,Annually,Male_Indiana_67,3/4/2023,FALSE,,0,0,0
1561,2373,50,Male,Toothpaste,Personal Care,1950000,Mashhad,XL,Silver,Spring,3.1,No,Express,No,No,9,0,Fortnightly,Male_Alabama_50,4/13/2023,FALSE,,0,0,0
1562,2374,37,Male,Shampoo,Personal Care,1000000,Arak,M,Gray,Spring,4.9,No,Express,No,No,21,0,Every 3 Months,Male_Michigan_37,12/27/2023,FALSE,,0,0,0
914,2375,69,Male,Chocolate Bar,Snacks,3650000,Kerman,L,Peach,Winter,4.7,No,Standard,No,No,31,0,Monthly,Male_Washington_69,3/15/2023,FALSE,,0,0,0
874,2376,60,Male,Sunflower Oil,Grocery,3150000,Urmia,L,Peach,Fall,2.9,No,Next Day Air,No,No,18,0,Quarterly,Male_Virginia_60,11/24/2023,TRUE,Yalda Festival,1,1,0
567,2377,21,Male,Cola 1.5L,Beverages,4700000,Karaj,XL,Cyan,Spring,4.1,No,Express,No,No,5,1,Weekly,Male_Tennessee_21,11/7/2023,FALSE,,0,0,0
952,2378,44,Male,Shampoo,Personal Care,4700000,Kerman,L,Magenta,Fall,4,No,Next Day Air,No,No,22,1,Annually,Male_South Dakota_44,7/28/2023,FALSE,,0,0,0
1563,2379,26,Male,Frozen Pizza,Frozen,3550000,Ahvaz,L,Teal,Summer,2.7,No,Store Pickup,No,No,37,0,Bi-Weekly,Male_New Hampshire_26,5/6/2023,FALSE,,0,0,0
1564,2380,40,Male,Chocolate Bar,Snacks,3850000,Qom,M,Peach,Spring,4,No,2-Day Shipping,No,No,22,0,Monthly,Male_South Dakota_40,4/16/2023,FALSE,,0,0,0
977,2381,41,Male,Milk 1L,Dairy,3300000,Yazd,M,Black,Fall,2.5,No,Next Day Air,No,No,36,0,Fortnightly,Male_Pennsylvania_41,11/23/2023,TRUE,Yalda Festival,3,1,0
922,2382,62,Male,Baguette,Bakery,1150000,Rasht,M,Teal,Summer,4.5,No,Free Shipping,No,No,23,0,Annually,Male_Wisconsin_62,3/19/2023,FALSE,,0,0,0
1262,2383,39,Male,Body Wash,Personal Care,3000000,Shiraz,M,Turquoise,Spring,3.9,No,Express,No,No,44,0,Weekly,Male_California_39,9/12/2023,FALSE,,0,0,0
1491,2384,53,Male,Chocolate Bar,Snacks,3600000,Arak,L,Gold,Spring,4.9,No,2-Day Shipping,No,No,25,0,Annually,Male_Rhode Island_53,5/3/2023,FALSE,,0,0,0
680,2385,24,Male,Laundry Detergent,Household,1750000,Qom,L,Green,Winter,3.3,No,2-Day Shipping,No,No,40,0,Quarterly,Male_Alabama_24,7/2/2023,FALSE,,0,0,0
153,2386,41,Male,Pasta Pack,Grocery,1550000,Mashhad,M,Brown,Fall,3.8,No,Express,No,No,12,0,Weekly,Male_Oklahoma_41,3/13/2023,FALSE,,0,0,0
1565,2387,19,Male,Toothpaste,Personal Care,1650000,Mashhad,L,Blue,Summer,2.9,No,Standard,No,No,14,0,Monthly,Male_Illinois_19,10/18/2023,FALSE,,0,0,0
1566,2388,36,Male,Baguette,Bakery,4750000,Sari,M,Gold,Summer,4,No,2-Day Shipping,No,No,14,0,Monthly,Male_Tennessee_36,12/30/2023,FALSE,,0,0,0
437,2389,21,Male,Chocolate Bar,Snacks,3400000,Bandar Abbas,M,Peach,Fall,4.1,No,Store Pickup,No,No,10,0,Annually,Male_Alabama_21,7/3/2023,FALSE,,0,0,0
1497,2390,25,Male,Sugar 1kg,Grocery,4350000,Hamedan,M,Violet,Spring,3.1,No,Store Pickup,No,No,17,0,Every 3 Months,Male_Kansas_25,7/11/2023,TRUE,Summer Sale Iran,0,1,1
1368,2391,65,Male,Frozen Pizza,Frozen,3200000,Kerman,XL,Yellow,Winter,4.6,No,Express,No,No,24,0,Fortnightly,Male_Arizona_65,12/19/2023,FALSE,,0,0,0
953,2392,42,Male,Mineral Water 1.5L,Beverages,3700000,Arak,M,Black,Winter,4.6,No,Next Day Air,No,No,31,0,Quarterly,Male_Michigan_42,8/14/2023,FALSE,,0,0,0
1567,2393,40,Male,Frozen Chicken,Frozen,3100000,Tabriz,L,Silver,Spring,2.6,No,2-Day Shipping,No,No,36,1,Annually,Male_Missouri_40,11/3/2023,FALSE,,0,0,0
1568,2394,58,Male,Frozen Chicken,Frozen,4850000,Isfahan,M,Brown,Winter,5,No,2-Day Shipping,No,No,38,0,Every 3 Months,Male_Louisiana_58,6/26/2023,FALSE,,0,0,0
1569,2395,40,Male,Yogurt Bucket,Dairy,2350000,Karaj,L,Peach,Fall,2.9,No,2-Day Shipping,No,No,23,0,Fortnightly,Male_Connecticut_40,12/28/2023,FALSE,,0,0,0
933,2396,62,Male,Laundry Detergent,Household,4150000,Sari,M,Cyan,Winter,3.5,No,2-Day Shipping,No,No,47,0,Bi-Weekly,Male_Connecticut_62,6/27/2023,FALSE,,0,0,0
1570,2397,38,Male,Laundry Detergent,Household,4100000,Kerman,M,Olive,Spring,3.7,No,2-Day Shipping,No,No,20,0,Weekly,Male_Oregon_38,5/12/2023,FALSE,,0,0,0
1571,2398,37,Male,Orange Juice,Beverages,1300000,Qazvin,L,Black,Fall,2.9,No,Store Pickup,No,No,41,0,Monthly,Male_West Virginia_37,4/22/2023,FALSE,,0,0,0
488,2399,65,Male,Orange Juice,Beverages,4050000,Qom,M,Orange,Winter,4.3,No,Free Shipping,No,No,44,0,Fortnightly,Male_Florida_65,12/7/2023,FALSE,,0,0,0
105,2400,55,Male,Pasta Pack,Grocery,2200000,Hamedan,L,Beige,Spring,3.2,No,Store Pickup,No,No,31,1,Monthly,Male_New Hampshire_55,12/4/2023,FALSE,,0,0,0
1181,2401,43,Male,Cheddar Cheese,Dairy,4400000,Isfahan,M,Peach,Winter,4.2,No,Next Day Air,No,No,11,0,Bi-Weekly,Male_Oregon_43,2/2/2023,FALSE,,0,0,0
1181,2402,43,Male,Frozen Pizza,Frozen,3800000,Mashhad,M,Pink,Winter,4.2,No,Standard,No,No,25,0,Bi-Weekly,Male_Oregon_43,5/10/2023,FALSE,,0,0,0
1572,2403,45,Male,Cola 1.5L,Beverages,4450000,Sari,M,Brown,Winter,3.8,No,Free Shipping,No,No,31,1,Weekly,Male_Utah_45,7/18/2023,TRUE,Summer Sale Iran,0,1,0
1573,2404,64,Male,Paper Towel Pack,Household,1100000,Yazd,M,Magenta,Fall,4.4,No,Standard,No,No,40,0,Weekly,Male_Missouri_64,5/26/2023,FALSE,,0,0,0
1574,2405,28,Male,Dishwashing Liquid,Household,1650000,Rasht,L,Cyan,Winter,3.1,No,2-Day Shipping,No,No,23,0,Bi-Weekly,Male_West Virginia_28,9/29/2023,FALSE,,0,0,0
1575,2406,69,Male,Frozen Pizza,Frozen,4850000,Rasht,XL,Silver,Fall,5,No,Standard,No,No,5,0,Quarterly,Male_California_69,6/22/2023,FALSE,,0,0,0
161,2407,54,Male,Tea Box,Grocery,2850000,Mashhad,M,Indigo,Winter,4.7,No,Standard,No,No,26,0,Weekly,Male_California_54,7/30/2023,FALSE,,0,0,0
1576,2408,52,Male,Cheddar Cheese,Dairy,1900000,Urmia,M,Beige,Summer,3,No,Express,No,No,11,0,Bi-Weekly,Male_Illinois_52,9/13/2023,FALSE,,0,0,0
1141,2409,23,Male,Paper Towel Pack,Household,2750000,Kermanshah,XL,Black,Fall,4.2,No,Next Day Air,No,No,44,0,Every 3 Months,Male_Hawaii_23,10/22/2023,FALSE,,0,0,0
1443,2410,26,Male,Laundry Detergent,Household,1850000,Rasht,L,Yellow,Spring,3,No,Store Pickup,No,No,47,1,Every 3 Months,Male_Washington_26,3/2/2023,FALSE,,0,0,0
930,2411,48,Male,Yogurt Bucket,Dairy,2150000,Sari,M,Maroon,Summer,3.7,No,Free Shipping,No,No,46,0,Monthly,Male_Wisconsin_48,5/7/2023,FALSE,,0,0,0
856,2412,49,Male,Tea Box,Grocery,4800000,Qom,M,Cyan,Summer,2.7,No,Free Shipping,No,No,35,1,Every 3 Months,Male_Virginia_49,5/11/2023,FALSE,,0,0,0
237,2413,53,Male,Pasta Pack,Grocery,2550000,Kermanshah,M,Pink,Winter,4.3,No,2-Day Shipping,No,No,8,0,Bi-Weekly,Male_Oregon_53,4/29/2023,FALSE,,0,0,0
1350,2414,69,Male,Dishwashing Liquid,Household,4750000,Arak,XL,Violet,Fall,2.7,No,2-Day Shipping,No,No,30,0,Weekly,Male_Pennsylvania_69,8/28/2023,FALSE,,0,0,0
1314,2415,26,Male,Mixed Nuts,Snacks,1300000,Ahvaz,M,Lavender,Summer,3.7,No,Next Day Air,No,No,14,0,Bi-Weekly,Male_Virginia_26,10/8/2023,FALSE,,0,0,0
1246,2416,21,Male,Rice 10kg,Grocery,1700000,Tehran,XL,Lavender,Fall,4.3,No,Standard,No,No,30,0,Weekly,Male_Hawaii_21,1/17/2023,FALSE,,0,0,0
786,2417,59,Male,Paper Towel Pack,Household,4150000,Tabriz,S,Black,Summer,4,No,Next Day Air,No,No,26,0,Every 3 Months,Male_Nebraska_59,9/18/2023,FALSE,,0,0,0
628,2418,21,Male,Laundry Detergent,Household,1200000,Hamedan,M,Olive,Fall,3.3,No,Standard,No,No,32,0,Fortnightly,Male_Alaska_21,6/10/2023,FALSE,,0,0,0
577,2419,22,Male,Laundry Detergent,Household,3450000,Tehran,S,Indigo,Fall,4,No,Next Day Air,No,No,47,1,Every 3 Months,Male_Michigan_22,6/30/2023,FALSE,,0,0,0
1577,2420,26,Male,Yogurt Bucket,Dairy,2000000,Tehran,M,Blue,Fall,2.7,No,Next Day Air,No,No,11,0,Every 3 Months,Male_North Carolina_26,7/6/2023,FALSE,,0,0,0
1578,2421,41,Male,Toothpaste,Personal Care,4350000,Tehran,S,Green,Winter,4.2,No,Free Shipping,No,No,28,0,Annually,Male_North Carolina_41,7/13/2023,TRUE,Summer Sale Iran,0,1,0
365,2422,37,Male,Frozen Pizza,Frozen,2300000,Arak,L,Pink,Spring,4.6,No,Standard,No,No,2,0,Every 3 Months,Male_Minnesota_37,2/11/2023,FALSE,,0,0,0
1021,2423,30,Male,Paper Towel Pack,Household,4100000,Hamedan,M,Peach,Winter,4.8,No,Store Pickup,No,No,45,0,Weekly,Male_Georgia_30,9/16/2023,FALSE,,0,0,0
1579,2424,49,Male,Laundry Detergent,Household,4050000,Shiraz,M,Purple,Summer,2.8,No,Free Shipping,No,No,7,0,Every 3 Months,Male_West Virginia_49,11/24/2023,TRUE,Yalda Festival,1,1,0
558,2425,49,Male,Cola 1.5L,Beverages,2850000,Isfahan,M,Peach,Winter,4.5,No,Next Day Air,No,No,28,0,Bi-Weekly,Male_Delaware_49,12/7/2023,FALSE,,0,0,0
1222,2426,58,Male,Milk 1L,Dairy,2450000,Ahvaz,S,Olive,Summer,3,No,2-Day Shipping,No,No,34,0,Quarterly,Male_North Dakota_58,5/19/2023,FALSE,,0,0,0
1580,2427,70,Male,Rice 10kg,Grocery,2100000,Sari,M,Olive,Fall,4.6,No,Free Shipping,No,No,26,0,Every 3 Months,Male_Florida_70,12/10/2023,FALSE,,0,0,0
1438,2428,27,Male,Sugar 1kg,Grocery,1300000,Yazd,M,Purple,Spring,3.3,No,Standard,No,No,45,1,Quarterly,Male_Oregon_27,3/5/2023,FALSE,,0,0,0
1581,2429,65,Male,Cheddar Cheese,Dairy,1900000,Urmia,M,Violet,Spring,4.4,No,Next Day Air,No,No,34,0,Annually,Male_Idaho_65,5/22/2023,FALSE,,0,0,0
1427,2430,57,Male,Paper Towel Pack,Household,2850000,Tehran,XL,Maroon,Summer,4.4,No,Standard,No,No,47,0,Fortnightly,Male_Virginia_57,10/16/2023,FALSE,,0,0,0
581,2431,20,Male,Toothpaste,Personal Care,5000000,Rasht,XL,White,Summer,4.3,No,Express,No,No,42,1,Quarterly,Male_North Dakota_20,8/27/2023,FALSE,,0,0,0
382,2432,34,Male,Cola 1.5L,Beverages,3650000,Shiraz,S,Olive,Fall,3.4,No,Express,No,No,27,0,Every 3 Months,Male_Alabama_34,6/5/2023,FALSE,,0,0,0
1170,2433,59,Male,Baguette,Bakery,3300000,Yazd,M,Peach,Winter,2.8,No,Store Pickup,No,No,43,0,Monthly,Male_Hawaii_59,4/9/2023,FALSE,,0,0,0
1125,2434,54,Male,Frozen Chicken,Frozen,3650000,Bandar Abbas,M,Blue,Spring,3.4,No,Standard,No,No,16,1,Bi-Weekly,Male_Oregon_54,7/20/2023,TRUE,Summer Sale Iran,0,2,0
1582,2435,36,Male,Yogurt Bucket,Dairy,2250000,Yazd,M,Brown,Spring,5,No,Store Pickup,No,No,40,0,Monthly,Male_Utah_36,5/27/2023,FALSE,,0,0,0
1246,2436,21,Male,Body Wash,Personal Care,1350000,Mashhad,S,Black,Fall,4.5,No,Free Shipping,No,No,29,1,Bi-Weekly,Male_Hawaii_21,7/1/2023,FALSE,,0,0,0
494,2437,52,Male,Laundry Detergent,Household,1200000,Kermanshah,M,Yellow,Fall,2.7,No,Store Pickup,No,No,38,0,Quarterly,Male_Connecticut_52,1/22/2023,FALSE,,0,0,0
1287,2438,43,Male,Orange Juice,Beverages,2950000,Arak,XL,Magenta,Winter,3.4,No,Store Pickup,No,No,34,0,Weekly,Male_Wyoming_43,12/11/2023,FALSE,,0,0,0
97,2439,32,Male,Chocolate Bar,Snacks,1000000,Kermanshah,S,Cyan,Winter,3.4,No,Express,No,No,30,0,Weekly,Male_Delaware_32,6/1/2023,FALSE,,0,0,0
781,2440,55,Male,Cheddar Cheese,Dairy,2200000,Sari,M,Maroon,Summer,2.8,No,Standard,No,No,45,0,Annually,Male_Arkansas_55,10/2/2023,FALSE,,0,0,0
1583,2441,31,Male,Sugar 1kg,Grocery,4500000,Kerman,M,Red,Spring,4.7,No,Standard,No,No,47,0,Annually,Male_Indiana_31,7/15/2023,TRUE,Summer Sale Iran,0,1,0
814,2442,45,Male,Shampoo,Personal Care,1800000,Hamedan,M,Black,Fall,4.7,No,Free Shipping,No,No,5,0,Monthly,Male_California_45,5/6/2023,FALSE,,0,0,0
115,2443,53,Male,Rice 10kg,Grocery,4750000,Arak,L,Violet,Winter,4.7,No,Free Shipping,No,No,50,0,Bi-Weekly,Male_Wyoming_53,12/30/2023,FALSE,,0,0,0
1584,2444,24,Male,Tea Box,Grocery,1500000,Tehran,M,Green,Spring,3.4,No,2-Day Shipping,No,No,24,0,Bi-Weekly,Male_South Dakota_24,7/20/2023,TRUE,Summer Sale Iran,0,1,0
1086,2445,47,Male,Fresh Bread,Bakery,3250000,Urmia,S,Gold,Fall,3.7,No,Express,No,No,15,0,Bi-Weekly,Male_West Virginia_47,1/17/2023,FALSE,,0,0,0
1256,2446,63,Male,Sunflower Oil,Grocery,4800000,Qazvin,M,Brown,Summer,4.1,No,Store Pickup,No,No,50,1,Weekly,Male_Tennessee_63,4/16/2023,FALSE,,0,0,0
1585,2447,38,Male,Orange Juice,Beverages,3250000,Tabriz,L,Peach,Spring,2.9,No,2-Day Shipping,No,No,7,0,Monthly,Male_Alaska_38,9/27/2023,FALSE,,0,0,0
1586,2448,59,Male,Frozen Chicken,Frozen,2350000,Isfahan,L,Peach,Fall,3.2,No,Store Pickup,No,No,10,0,Fortnightly,Male_South Dakota_59,9/25/2023,FALSE,,0,0,0
1587,2449,54,Male,Milk 1L,Dairy,1250000,Bandar Abbas,S,Violet,Fall,3,No,Free Shipping,No,No,38,0,Bi-Weekly,Male_Tennessee_54,11/21/2023,TRUE,Yalda Festival,0,1,0
1588,2450,26,Male,Frozen Chicken,Frozen,2800000,Qazvin,S,Violet,Fall,4.1,No,Express,No,No,31,0,Fortnightly,Male_Alabama_26,1/10/2023,FALSE,,0,0,0
847,2451,68,Male,Paper Towel Pack,Household,3800000,Rasht,M,Magenta,Fall,4.5,No,Standard,No,No,7,0,Quarterly,Male_North Carolina_68,12/11/2023,FALSE,,0,0,0
153,2452,41,Male,Frozen Pizza,Frozen,3000000,Bandar Abbas,M,Purple,Fall,3.4,No,Store Pickup,No,No,27,0,Monthly,Male_Oklahoma_41,3/28/2023,TRUE,Festival Norooz,2,2,1
1155,2453,68,Male,Pasta Pack,Grocery,3350000,Kerman,L,Purple,Winter,4.1,No,Express,No,No,45,0,Every 3 Months,Male_New York_68,11/10/2023,FALSE,,0,0,0
1157,2454,21,Male,Tea Box,Grocery,4750000,Shiraz,XL,Cyan,Spring,4.6,No,Store Pickup,No,No,13,1,Annually,Male_Iowa_21,12/16/2023,FALSE,,0,0,0
1237,2455,32,Male,Baguette,Bakery,3600000,Sari,M,Magenta,Winter,4.6,No,Express,No,No,33,0,Annually,Male_Alaska_32,10/29/2023,FALSE,,0,0,0
1589,2456,20,Male,Fresh Bread,Bakery,4900000,Kerman,L,Lavender,Spring,3.4,No,Express,No,No,25,1,Every 3 Months,Male_Alaska_20,12/7/2023,FALSE,,0,0,0
786,2457,59,Male,Yogurt Bucket,Dairy,4150000,Qom,M,Green,Winter,3.3,No,2-Day Shipping,No,No,5,0,Monthly,Male_Nebraska_59,5/10/2023,FALSE,,0,0,0
578,2458,53,Male,Cola 1.5L,Beverages,1850000,Shiraz,M,Maroon,Fall,3.6,No,2-Day Shipping,No,No,23,1,Quarterly,Male_Delaware_53,3/25/2023,TRUE,Festival Norooz,0,1,1
1590,2459,66,Male,Rice 10kg,Grocery,4250000,Sari,L,Turquoise,Fall,4.6,No,Free Shipping,No,No,17,0,Weekly,Male_Texas_66,4/28/2023,FALSE,,0,0,0
1468,2460,47,Male,Body Wash,Personal Care,1800000,Karaj,L,Violet,Fall,4.3,No,2-Day Shipping,No,No,14,1,Weekly,Male_Missouri_47,7/11/2023,TRUE,Summer Sale Iran,0,1,1
454,2461,58,Male,Chocolate Bar,Snacks,1800000,Isfahan,S,Lavender,Winter,4,No,Store Pickup,No,No,28,0,Annually,Male_Maine_58,3/20/2023,TRUE,Festival Norooz,0,2,1
748,2462,28,Male,Cheddar Cheese,Dairy,4300000,Urmia,L,Red,Summer,4.8,No,Next Day Air,No,No,19,0,Weekly,Male_Pennsylvania_28,5/30/2023,FALSE,,0,0,0
451,2463,68,Male,Potato Chips,Snacks,4950000,Urmia,XL,Orange,Spring,4.3,No,Standard,No,No,31,0,Bi-Weekly,Male_Missouri_68,7/7/2023,FALSE,,0,0,0
1591,2464,60,Male,Mixed Nuts,Snacks,1050000,Arak,XL,Indigo,Summer,3.3,No,Standard,No,No,25,1,Bi-Weekly,Male_Mississippi_60,7/6/2023,FALSE,,0,0,0
738,2465,47,Male,Chocolate Bar,Snacks,4200000,Shiraz,L,Teal,Winter,2.8,No,Express,No,No,4,1,Bi-Weekly,Male_Hawaii_47,12/30/2023,FALSE,,0,0,0
26,2466,18,Male,Mineral Water 1.5L,Beverages,3150000,Qazvin,M,Brown,Spring,4.4,No,Free Shipping,No,No,20,0,Weekly,Male_Texas_18,6/29/2023,FALSE,,0,0,0
1592,2467,32,Male,Baguette,Bakery,4200000,Isfahan,S,Pink,Summer,3.7,No,Express,No,No,37,1,Annually,Male_South Dakota_32,2/2/2023,FALSE,,0,0,0
1593,2468,27,Male,Chocolate Bar,Snacks,3600000,Yazd,M,Lavender,Spring,3.6,No,Express,No,No,28,0,Annually,Male_New Jersey_27,5/24/2023,FALSE,,0,0,0
1594,2469,65,Male,Cheddar Cheese,Dairy,1050000,Hamedan,L,Cyan,Winter,3.7,No,2-Day Shipping,No,No,6,0,Weekly,Male_Connecticut_65,7/5/2023,FALSE,,0,0,0
863,2470,68,Male,Chocolate Bar,Snacks,4600000,Tehran,M,Yellow,Fall,5,No,Standard,No,No,27,0,Annually,Male_Maryland_68,12/31/2023,FALSE,,0,0,0
1595,2471,55,Male,Tea Box,Grocery,3600000,Qom,XL,Pink,Fall,2.7,No,Next Day Air,No,No,29,0,Fortnightly,Male_Arizona_55,5/23/2023,FALSE,,0,0,0
1596,2472,30,Male,Potato Chips,Snacks,4150000,Qazvin,M,Gray,Spring,4.3,No,Store Pickup,No,No,1,1,Annually,Male_Oklahoma_30,6/18/2023,FALSE,,0,0,0
1028,2473,24,Male,Tea Box,Grocery,3650000,Karaj,M,Peach,Summer,4.1,No,Standard,No,No,31,0,Annually,Male_Utah_24,9/3/2023,FALSE,,0,0,0
1597,2474,57,Male,Sunflower Oil,Grocery,4900000,Rasht,M,Red,Winter,2.6,No,Next Day Air,No,No,28,1,Quarterly,Male_Arkansas_57,11/15/2023,FALSE,,0,0,0
1598,2475,23,Male,Mixed Nuts,Snacks,3800000,Kerman,M,Olive,Fall,3.2,No,Store Pickup,No,No,19,0,Quarterly,Male_North Carolina_23,10/12/2023,FALSE,,0,0,0
1575,2476,69,Male,Paper Towel Pack,Household,2150000,Qazvin,S,Lavender,Summer,3.5,No,Next Day Air,No,No,36,0,Monthly,Male_California_69,11/2/2023,FALSE,,0,0,0
816,2477,60,Male,Milk 1L,Dairy,3000000,Hamedan,M,Turquoise,Summer,3.7,No,Next Day Air,No,No,28,1,Monthly,Male_Colorado_60,8/29/2023,FALSE,,0,0,0
526,2478,25,Male,Cola 1.5L,Beverages,2000000,Tehran,L,Turquoise,Spring,3.8,No,2-Day Shipping,No,No,29,0,Weekly,Male_California_25,6/23/2023,FALSE,,0,0,0
1599,2479,18,Male,Frozen Chicken,Frozen,4650000,Bandar Abbas,S,Maroon,Winter,4.8,No,2-Day Shipping,No,No,9,0,Every 3 Months,Male_Vermont_18,5/6/2023,FALSE,,0,0,0
1525,2480,37,Male,Laundry Detergent,Household,4900000,Karaj,S,Olive,Fall,4.2,No,Standard,No,No,26,0,Every 3 Months,Male_Kansas_37,12/17/2023,FALSE,,0,0,0
1600,2481,61,Male,Fresh Bread,Bakery,4550000,Qazvin,XL,Maroon,Summer,2.9,No,Next Day Air,No,No,7,0,Fortnightly,Male_Ohio_61,8/27/2023,FALSE,,0,0,0
996,2482,41,Male,Body Wash,Personal Care,4600000,Mashhad,XL,Cyan,Fall,2.9,No,Free Shipping,No,No,35,0,Weekly,Male_New Jersey_41,1/25/2023,FALSE,,0,0,0
1601,2483,69,Male,Potato Chips,Snacks,4350000,Hamedan,S,Peach,Winter,4.8,No,Next Day Air,No,No,46,0,Every 3 Months,Male_Arizona_69,10/25/2023,FALSE,,0,0,0
1602,2484,32,Male,Milk 1L,Dairy,4800000,Hamedan,S,Teal,Fall,2.9,No,Standard,No,No,8,0,Monthly,Male_Arizona_32,8/2/2023,FALSE,,0,0,0
1307,2485,60,Male,Rice 10kg,Grocery,4850000,Kermanshah,M,Green,Summer,4.8,No,2-Day Shipping,No,No,50,1,Every 3 Months,Male_New Hampshire_60,3/8/2023,FALSE,,0,0,0
397,2486,43,Male,Pasta Pack,Grocery,2750000,Arak,M,Beige,Spring,4.6,No,2-Day Shipping,No,No,37,0,Annually,Male_Louisiana_43,2/8/2023,FALSE,,0,0,0
93,2487,61,Male,Frozen Chicken,Frozen,2900000,Shiraz,L,Magenta,Spring,4.4,No,Store Pickup,No,No,6,0,Fortnightly,Male_Texas_61,5/2/2023,FALSE,,0,0,0
1555,2488,57,Male,Cheddar Cheese,Dairy,1050000,Yazd,L,Violet,Spring,3,No,Next Day Air,No,No,16,0,Bi-Weekly,Male_Montana_57,2/15/2023,FALSE,,0,0,0
1603,2489,56,Male,Rice 10kg,Grocery,4100000,Rasht,XL,Charcoal,Summer,4.4,No,Express,No,No,30,0,Monthly,Male_New Hampshire_56,1/27/2023,FALSE,,0,0,0
1029,2490,66,Male,Frozen Chicken,Frozen,1700000,Karaj,M,Green,Winter,3.9,No,Express,No,No,50,0,Quarterly,Male_South Dakota_66,9/15/2023,FALSE,,0,0,0
19,2491,52,Male,Milk 1L,Dairy,3900000,Kerman,M,Gray,Spring,4,No,Free Shipping,No,No,5,1,Every 3 Months,Male_Montana_52,5/11/2023,FALSE,,0,0,0
139,2492,63,Male,Frozen Pizza,Frozen,2350000,Mashhad,M,Magenta,Spring,2.5,No,Express,No,No,15,0,Monthly,Male_North Carolina_63,12/25/2023,FALSE,,0,0,0
117,2493,50,Male,Cheddar Cheese,Dairy,4800000,Isfahan,S,Silver,Summer,4.1,No,Next Day Air,No,No,34,0,Bi-Weekly,Male_South Dakota_50,6/3/2023,FALSE,,0,0,0
1459,2494,21,Male,Frozen Chicken,Frozen,1150000,Shiraz,S,Beige,Fall,4.8,No,2-Day Shipping,No,No,6,0,Every 3 Months,Male_Maine_21,8/21/2023,FALSE,,0,0,0
1604,2495,42,Male,Fresh Bread,Bakery,1350000,Urmia,S,Peach,Winter,2.6,No,Store Pickup,No,No,26,0,Annually,Male_Oklahoma_42,6/6/2023,FALSE,,0,0,0
1062,2496,40,Male,Dishwashing Liquid,Household,1850000,Shiraz,XL,Orange,Spring,3.1,No,Free Shipping,No,No,34,0,Every 3 Months,Male_Nebraska_40,12/18/2023,FALSE,,0,0,0
647,2497,67,Male,Tea Box,Grocery,3950000,Kermanshah,S,Yellow,Summer,3.2,No,Store Pickup,No,No,37,0,Weekly,Male_Illinois_67,9/13/2023,FALSE,,0,0,0
594,2498,35,Male,Potato Chips,Snacks,2000000,Shiraz,M,Violet,Summer,4.2,No,Standard,No,No,28,0,Annually,Male_Colorado_35,4/16/2023,FALSE,,0,0,0
1605,2499,18,Male,Tea Box,Grocery,1950000,Urmia,S,Green,Fall,2.6,No,Next Day Air,No,No,38,1,Fortnightly,Male_Massachusetts_18,10/10/2023,FALSE,,0,0,0
1606,2500,52,Male,Tea Box,Grocery,3650000,Urmia,L,Pink,Summer,3.1,No,Next Day Air,No,No,2,1,Quarterly,Male_Louisiana_52,8/15/2023,FALSE,,0,0,0
1607,2501,59,Male,Yogurt Bucket,Dairy,4200000,Mashhad,M,Violet,Fall,2.9,No,Store Pickup,No,No,32,1,Bi-Weekly,Male_Massachusetts_59,4/20/2023,FALSE,,0,0,0
1579,2502,49,Male,Frozen Chicken,Frozen,4700000,Arak,M,Violet,Fall,4.6,No,Free Shipping,No,No,30,0,Bi-Weekly,Male_West Virginia_49,11/11/2023,FALSE,,0,0,0
1084,2503,46,Male,Frozen Chicken,Frozen,2350000,Tabriz,L,Pink,Spring,4.1,No,Standard,No,No,17,0,Every 3 Months,Male_Idaho_46,11/5/2023,FALSE,,0,0,0
352,2504,69,Male,Mineral Water 1.5L,Beverages,3850000,Bandar Abbas,M,Violet,Summer,2.5,No,Store Pickup,No,No,5,0,Bi-Weekly,Male_Ohio_69,11/26/2023,TRUE,Yalda Festival,3,1,0
1608,2505,56,Male,Frozen Pizza,Frozen,4700000,Arak,M,Turquoise,Winter,4,No,Store Pickup,No,No,31,1,Bi-Weekly,Male_Rhode Island_56,12/24/2023,FALSE,,0,0,0
469,2506,27,Male,Chocolate Bar,Snacks,3750000,Yazd,M,Cyan,Summer,3.5,No,Express,No,No,43,0,Quarterly,Male_Illinois_27,5/21/2023,FALSE,,0,0,0
991,2507,57,Male,Chocolate Bar,Snacks,4100000,Tehran,XL,Orange,Spring,4.4,No,Free Shipping,No,No,19,0,Annually,Male_New York_57,3/18/2023,FALSE,,0,0,0
1568,2508,58,Male,Baguette,Bakery,1800000,Yazd,M,Cyan,Fall,2.9,No,Store Pickup,No,No,32,0,Every 3 Months,Male_Louisiana_58,3/7/2023,FALSE,,0,0,0
1609,2509,23,Male,Potato Chips,Snacks,4500000,Ahvaz,XL,Indigo,Spring,3.1,No,2-Day Shipping,No,No,5,0,Bi-Weekly,Male_California_23,11/6/2023,FALSE,,0,0,0
1317,2510,19,Male,Frozen Pizza,Frozen,2400000,Urmia,M,Black,Spring,4.4,No,Free Shipping,No,No,9,0,Quarterly,Male_Washington_19,8/4/2023,FALSE,,0,0,0
1564,2511,40,Male,Sunflower Oil,Grocery,2100000,Yazd,L,Purple,Winter,4.4,No,Standard,No,No,48,0,Weekly,Male_South Dakota_40,1/12/2023,FALSE,,0,0,0
194,2512,54,Male,Tea Box,Grocery,1650000,Isfahan,M,Cyan,Summer,2.7,No,Store Pickup,No,No,1,0,Quarterly,Male_Idaho_54,11/27/2023,TRUE,Yalda Festival,1,1,0
1610,2513,50,Male,Laundry Detergent,Household,3150000,Kermanshah,M,Green,Summer,4.9,No,Free Shipping,No,No,20,0,Monthly,Male_North Dakota_50,4/7/2023,FALSE,,0,0,0
914,2514,69,Male,Toothpaste,Personal Care,2650000,Urmia,L,Teal,Winter,3.5,No,2-Day Shipping,No,No,42,1,Annually,Male_Washington_69,12/30/2023,FALSE,,0,0,0
53,2515,42,Male,Tea Box,Grocery,1850000,Hamedan,L,Teal,Spring,4.8,No,Free Shipping,No,No,45,0,Bi-Weekly,Male_Alaska_42,8/5/2023,FALSE,,0,0,0
1525,2516,37,Male,Cola 1.5L,Beverages,4600000,Qazvin,M,Magenta,Summer,4.2,No,2-Day Shipping,No,No,41,1,Monthly,Male_Kansas_37,5/14/2023,FALSE,,0,0,0
992,2517,46,Male,Paper Towel Pack,Household,3650000,Sari,XL,Brown,Spring,4.6,No,Standard,No,No,36,0,Quarterly,Male_Utah_46,6/22/2023,FALSE,,0,0,0
1611,2518,64,Male,Orange Juice,Beverages,1900000,Karaj,L,Orange,Spring,2.9,No,Standard,No,No,10,0,Annually,Male_Wyoming_64,6/2/2023,FALSE,,0,0,0
1123,2519,20,Male,Yogurt Bucket,Dairy,2550000,Kermanshah,XL,Blue,Fall,4,No,Store Pickup,No,No,31,0,Annually,Male_Maine_20,3/7/2023,FALSE,,0,0,0
649,2520,40,Male,Toothpaste,Personal Care,4500000,Sari,L,Magenta,Spring,4.9,No,Standard,No,No,21,0,Quarterly,Male_Michigan_40,6/16/2023,FALSE,,0,0,0
178,2521,64,Male,Shampoo,Personal Care,2800000,Hamedan,L,Magenta,Summer,3.1,No,Next Day Air,No,No,16,1,Every 3 Months,Male_Illinois_64,12/5/2023,FALSE,,0,0,0
1097,2522,29,Male,Laundry Detergent,Household,1650000,Bandar Abbas,M,Magenta,Fall,4.4,No,Standard,No,No,18,0,Every 3 Months,Male_Minnesota_29,10/31/2023,FALSE,,0,0,0
1612,2523,20,Male,Rice 10kg,Grocery,2650000,Isfahan,S,Olive,Winter,2.5,No,2-Day Shipping,No,No,20,0,Weekly,Male_Massachusetts_20,6/17/2023,FALSE,,0,0,0
228,2524,43,Male,Frozen Chicken,Frozen,1200000,Qazvin,S,Cyan,Spring,3.4,No,Express,No,No,21,0,Annually,Male_New Jersey_43,5/6/2023,FALSE,,0,0,0
1613,2525,60,Male,Baguette,Bakery,2950000,Sari,M,Purple,Spring,3.7,No,Express,No,No,23,0,Quarterly,Male_Kansas_60,12/8/2023,FALSE,,0,0,0
45,2526,39,Male,Laundry Detergent,Household,3600000,Bandar Abbas,M,Purple,Winter,4.2,No,Standard,No,No,20,0,Weekly,Male_Kentucky_39,4/20/2023,FALSE,,0,0,0
1456,2527,47,Male,Cheddar Cheese,Dairy,1400000,Shiraz,S,Peach,Spring,3.4,No,Express,No,No,30,0,Bi-Weekly,Male_Rhode Island_47,2/25/2023,FALSE,,0,0,0
1565,2528,19,Male,Frozen Chicken,Frozen,1800000,Mashhad,M,Gold,Fall,3.6,No,Express,No,No,33,0,Every 3 Months,Male_Illinois_19,8/10/2023,FALSE,,0,0,0
1614,2529,52,Male,Mixed Nuts,Snacks,2350000,Yazd,S,Peach,Fall,4.7,No,2-Day Shipping,No,No,31,0,Monthly,Male_Alabama_52,3/11/2023,FALSE,,0,0,0
1615,2530,34,Male,Toothpaste,Personal Care,3100000,Shiraz,M,Magenta,Spring,4.7,No,Next Day Air,No,No,48,0,Monthly,Male_Tennessee_34,7/6/2023,FALSE,,0,0,0
1272,2531,25,Male,Dishwashing Liquid,Household,4900000,Tabriz,S,Cyan,Spring,3.6,No,Free Shipping,No,No,28,0,Weekly,Male_Massachusetts_25,11/25/2023,TRUE,Yalda Festival,1,1,0
133,2532,43,Male,Tea Box,Grocery,1400000,Hamedan,M,Violet,Summer,4.6,No,Free Shipping,No,No,7,1,Every 3 Months,Male_Texas_43,4/12/2023,FALSE,,0,0,0
1616,2533,55,Male,Pasta Pack,Grocery,4300000,Shiraz,S,Charcoal,Summer,2.6,No,Next Day Air,No,No,4,0,Weekly,Male_Nebraska_55,2/23/2023,FALSE,,0,0,0
990,2534,66,Male,Chocolate Bar,Snacks,2300000,Bandar Abbas,S,Blue,Summer,3.1,No,Standard,No,No,49,1,Bi-Weekly,Male_Pennsylvania_66,9/30/2023,FALSE,,0,0,0
1485,2535,41,Male,Chocolate Bar,Snacks,2100000,Sari,XL,Red,Fall,3.2,No,Free Shipping,No,No,22,1,Weekly,Male_Virginia_41,5/2/2023,FALSE,,0,0,0
1617,2536,47,Male,Body Wash,Personal Care,4000000,Kerman,S,Purple,Winter,3.9,No,Express,No,No,39,0,Fortnightly,Male_Vermont_47,2/22/2023,FALSE,,0,0,0
103,2537,51,Male,Laundry Detergent,Household,1950000,Arak,L,Gray,Spring,4.9,No,Express,No,No,45,0,Every 3 Months,Male_Oklahoma_51,9/12/2023,FALSE,,0,0,0
1618,2538,44,Male,Dishwashing Liquid,Household,2450000,Tehran,M,Purple,Summer,4.1,No,2-Day Shipping,No,No,30,0,Fortnightly,Male_Maine_44,1/4/2023,FALSE,,0,0,0
1619,2539,18,Male,Potato Chips,Snacks,1600000,Sari,M,Silver,Summer,4.2,No,Next Day Air,No,No,33,0,Bi-Weekly,Male_New Jersey_18,10/10/2023,FALSE,,0,0,0
908,2540,33,Male,Mixed Nuts,Snacks,3650000,Arak,M,Purple,Fall,4.1,No,Next Day Air,No,No,24,1,Bi-Weekly,Male_Massachusetts_33,3/8/2023,FALSE,,0,0,0
1620,2541,24,Male,Chocolate Bar,Snacks,2100000,Bandar Abbas,M,Charcoal,Summer,3.9,No,Free Shipping,No,No,11,0,Quarterly,Male_New Jersey_24,9/14/2023,FALSE,,0,0,0
1621,2542,33,Male,Cheddar Cheese,Dairy,2900000,Mashhad,M,Silver,Spring,2.7,No,Next Day Air,No,No,13,0,Every 3 Months,Male_Washington_33,5/25/2023,FALSE,,0,0,0
1622,2543,61,Male,Baguette,Bakery,1100000,Rasht,M,White,Winter,3.7,No,Express,No,No,27,0,Annually,Male_Arkansas_61,3/12/2023,FALSE,,0,0,0
1248,2544,27,Male,Body Wash,Personal Care,2800000,Bandar Abbas,L,Peach,Spring,2.7,No,Next Day Air,No,No,30,0,Bi-Weekly,Male_West Virginia_27,1/30/2023,FALSE,,0,0,0
165,2545,46,Male,Cola 1.5L,Beverages,3500000,Isfahan,M,Red,Spring,2.5,No,Next Day Air,No,No,39,0,Quarterly,Male_Delaware_46,12/14/2023,FALSE,,0,0,0
1441,2546,38,Male,Potato Chips,Snacks,2500000,Karaj,L,Olive,Spring,3.9,No,Free Shipping,No,No,10,0,Annually,Male_Texas_38,4/12/2023,FALSE,,0,0,0
1623,2547,63,Male,Toothpaste,Personal Care,1050000,Hamedan,L,Gray,Summer,3,No,Express,No,No,4,0,Quarterly,Male_Texas_63,4/29/2023,FALSE,,0,0,0
1624,2548,47,Male,Pasta Pack,Grocery,4850000,Ahvaz,M,Beige,Summer,3.2,No,2-Day Shipping,No,No,16,1,Weekly,Male_Mississippi_47,10/13/2023,FALSE,,0,0,0
1625,2549,42,Male,Chocolate Bar,Snacks,3150000,Tehran,L,Pink,Winter,3.8,No,Standard,No,No,34,0,Monthly,Male_Texas_42,3/2/2023,FALSE,,0,0,0
1485,2550,41,Male,Pasta Pack,Grocery,3000000,Ahvaz,M,Red,Fall,2.7,No,Standard,No,No,11,0,Every 3 Months,Male_Virginia_41,2/1/2023,FALSE,,0,0,0
175,2551,53,Male,Sugar 1kg,Grocery,2600000,Qazvin,XL,Peach,Fall,3,No,Store Pickup,No,No,30,0,Fortnightly,Male_New Hampshire_53,2/1/2023,FALSE,,0,0,0
1097,2552,29,Male,Rice 10kg,Grocery,1600000,Kerman,M,Maroon,Winter,4.1,No,Next Day Air,No,No,40,0,Annually,Male_Minnesota_29,1/11/2023,FALSE,,0,0,0
1198,2553,61,Male,Yogurt Bucket,Dairy,2400000,Rasht,XL,Purple,Spring,3.2,No,2-Day Shipping,No,No,13,0,Annually,Male_Maryland_61,8/9/2023,FALSE,,0,0,0
1411,2554,69,Male,Frozen Pizza,Frozen,1250000,Karaj,M,Maroon,Summer,4.5,No,Store Pickup,No,No,28,0,Every 3 Months,Male_Vermont_69,8/17/2023,FALSE,,0,0,0
555,2555,51,Male,Orange Juice,Beverages,3400000,Sari,M,Gray,Summer,4.3,No,Store Pickup,No,No,49,0,Bi-Weekly,Male_Kansas_51,12/28/2023,FALSE,,0,0,0
1626,2556,24,Male,Sugar 1kg,Grocery,3700000,Bandar Abbas,M,Gray,Fall,3.5,No,Standard,No,No,23,0,Weekly,Male_Idaho_24,1/15/2023,FALSE,,0,0,0
1479,2557,24,Male,Toothpaste,Personal Care,4400000,Hamedan,XL,Magenta,Fall,3.1,No,Standard,No,No,4,0,Quarterly,Male_Montana_24,4/18/2023,FALSE,,0,0,0
1395,2558,70,Male,Mixed Nuts,Snacks,1150000,Qazvin,L,Cyan,Spring,3.9,No,Standard,No,No,17,0,Fortnightly,Male_Oklahoma_70,8/8/2023,FALSE,,0,0,0
125,2559,49,Male,Frozen Pizza,Frozen,1600000,Isfahan,M,Silver,Fall,2.7,No,Express,No,No,24,0,Fortnightly,Male_California_49,3/17/2023,FALSE,,0,0,0
1627,2560,48,Male,Mixed Nuts,Snacks,3550000,Qom,S,Green,Winter,4,No,Free Shipping,No,No,21,0,Every 3 Months,Male_Mississippi_48,4/23/2023,FALSE,,0,0,0
517,2561,58,Male,Sugar 1kg,Grocery,3100000,Bandar Abbas,M,Violet,Spring,2.7,No,Next Day Air,No,No,17,0,Bi-Weekly,Male_California_58,1/28/2023,FALSE,,0,0,0
1362,2562,32,Male,Sugar 1kg,Grocery,1000000,Bandar Abbas,L,Magenta,Spring,2.7,No,Free Shipping,No,No,22,0,Quarterly,Male_New York_32,10/1/2023,FALSE,,0,0,0
1060,2563,57,Male,Shampoo,Personal Care,3100000,Kerman,XL,Yellow,Spring,4.7,No,Standard,No,No,27,1,Fortnightly,Male_Arizona_57,5/20/2023,FALSE,,0,0,0
320,2564,69,Male,Laundry Detergent,Household,4050000,Hamedan,XL,Gray,Winter,4.5,No,Standard,No,No,1,0,Every 3 Months,Male_Massachusetts_69,2/19/2023,FALSE,,0,0,0
164,2565,42,Male,Cola 1.5L,Beverages,4500000,Ahvaz,L,Indigo,Winter,3,No,2-Day Shipping,No,No,27,0,Weekly,Male_Kentucky_42,12/1/2023,FALSE,,0,0,0
672,2566,30,Male,Cola 1.5L,Beverages,2150000,Shiraz,S,Indigo,Fall,3.6,No,Store Pickup,No,No,8,0,Quarterly,Male_Vermont_30,8/10/2023,FALSE,,0,0,0
155,2567,35,Male,Mixed Nuts,Snacks,1900000,Qom,S,Yellow,Fall,3.3,No,Standard,No,No,43,0,Quarterly,Male_Missouri_35,4/28/2023,FALSE,,0,0,0
1291,2568,19,Male,Yogurt Bucket,Dairy,1250000,Tehran,XL,Gold,Spring,4.3,No,Store Pickup,No,No,24,1,Fortnightly,Male_Michigan_19,9/11/2023,FALSE,,0,0,0
906,2569,52,Male,Potato Chips,Snacks,4900000,Tehran,XL,Green,Winter,4.3,No,Express,No,No,29,0,Fortnightly,Male_Texas_52,6/18/2023,FALSE,,0,0,0
999,2570,42,Male,Baguette,Bakery,3750000,Shiraz,M,Charcoal,Spring,4.8,No,Free Shipping,No,No,10,0,Bi-Weekly,Male_New York_42,8/7/2023,FALSE,,0,0,0
1091,2571,36,Male,Dishwashing Liquid,Household,1350000,Sari,XL,Olive,Spring,4,No,Store Pickup,No,No,12,0,Fortnightly,Male_New Mexico_36,10/17/2023,FALSE,,0,0,0
1628,2572,45,Male,Body Wash,Personal Care,1350000,Yazd,L,Black,Winter,3.5,No,Standard,No,No,48,1,Fortnightly,Male_Mississippi_45,10/26/2023,FALSE,,0,0,0
1629,2573,54,Male,Cola 1.5L,Beverages,2100000,Hamedan,M,Silver,Fall,3.9,No,Next Day Air,No,No,40,0,Quarterly,Male_Washington_54,8/25/2023,FALSE,,0,0,0
802,2574,54,Male,Dishwashing Liquid,Household,4500000,Tabriz,M,Red,Summer,4.4,No,Store Pickup,No,No,1,0,Annually,Male_New Mexico_54,6/14/2023,FALSE,,0,0,0
1530,2575,27,Male,Mixed Nuts,Snacks,3150000,Tehran,M,Brown,Summer,4.6,No,2-Day Shipping,No,No,26,0,Fortnightly,Male_Florida_27,2/8/2023,FALSE,,0,0,0
570,2576,53,Male,Cola 1.5L,Beverages,4800000,Rasht,M,Silver,Fall,4,No,Express,No,No,9,0,Annually,Male_Minnesota_53,10/2/2023,FALSE,,0,0,0
1151,2577,20,Male,Frozen Chicken,Frozen,2000000,Kerman,M,Silver,Winter,4.2,No,Free Shipping,No,No,19,0,Quarterly,Male_New Hampshire_20,3/6/2023,FALSE,,0,0,0
909,2578,52,Male,Fresh Bread,Bakery,1950000,Isfahan,L,Black,Fall,4.5,No,Next Day Air,No,No,37,0,Monthly,Male_Minnesota_52,11/29/2023,TRUE,Yalda Festival,0,1,1
971,2579,54,Male,Fresh Bread,Bakery,2400000,Tabriz,M,Purple,Fall,3.9,No,Free Shipping,No,No,3,1,Quarterly,Male_Vermont_54,3/16/2023,FALSE,,0,0,0
478,2580,65,Male,Yogurt Bucket,Dairy,1000000,Kerman,M,Purple,Summer,3.7,No,Express,No,No,40,0,Weekly,Male_Minnesota_65,3/28/2023,TRUE,Festival Norooz,0,1,1
209,2581,43,Male,Cheddar Cheese,Dairy,1450000,Kermanshah,S,Turquoise,Summer,3.6,No,Store Pickup,No,No,13,0,Quarterly,Male_Massachusetts_43,8/27/2023,FALSE,,0,0,0
1630,2582,57,Male,Shampoo,Personal Care,4050000,Tabriz,M,Gold,Winter,4.7,No,Express,No,No,48,0,Monthly,Male_Wyoming_57,2/20/2023,FALSE,,0,0,0
1631,2583,19,Male,Frozen Chicken,Frozen,4900000,Mashhad,S,Indigo,Fall,3.6,No,2-Day Shipping,No,No,4,0,Every 3 Months,Male_South Dakota_19,5/10/2023,FALSE,,0,0,0
1632,2584,69,Male,Mineral Water 1.5L,Beverages,4650000,Shiraz,M,Lavender,Fall,2.5,No,Next Day Air,No,No,9,1,Weekly,Male_Oklahoma_69,8/24/2023,FALSE,,0,0,0
1633,2585,26,Male,Pasta Pack,Grocery,1500000,Ahvaz,L,Blue,Summer,2.9,No,Store Pickup,No,No,26,0,Bi-Weekly,Male_Florida_26,3/18/2023,FALSE,,0,0,0
202,2586,57,Male,Fresh Bread,Bakery,1850000,Kermanshah,L,Maroon,Fall,4.4,No,Free Shipping,No,No,19,0,Weekly,Male_Wisconsin_57,3/8/2023,FALSE,,0,0,0
1123,2587,20,Male,Baguette,Bakery,1400000,Rasht,L,Yellow,Winter,4.6,No,Express,No,No,1,0,Every 3 Months,Male_Maine_20,3/16/2023,FALSE,,0,0,0
1634,2588,55,Male,Pasta Pack,Grocery,1450000,Urmia,M,Purple,Winter,3.7,No,Express,No,No,29,0,Every 3 Months,Male_Connecticut_55,1/23/2023,FALSE,,0,0,0
1635,2589,44,Male,Fresh Bread,Bakery,2450000,Tabriz,M,Peach,Summer,3.2,No,Free Shipping,No,No,38,0,Bi-Weekly,Male_Delaware_44,3/30/2023,TRUE,Festival Norooz,0,1,0
1636,2590,52,Male,Cola 1.5L,Beverages,2650000,Urmia,M,Silver,Winter,4.9,No,2-Day Shipping,No,No,31,0,Annually,Male_North Dakota_52,8/8/2023,FALSE,,0,0,0
47,2591,57,Male,Frozen Pizza,Frozen,3300000,Sari,M,Turquoise,Summer,5,No,Free Shipping,No,No,35,0,Annually,Male_California_57,9/19/2023,FALSE,,0,0,0
1241,2592,40,Male,Toothpaste,Personal Care,3050000,Rasht,S,Olive,Spring,3.3,No,Express,No,No,40,1,Quarterly,Male_New Mexico_40,10/19/2023,FALSE,,0,0,0
919,2593,23,Male,Sugar 1kg,Grocery,1150000,Kerman,XL,Peach,Summer,4.4,No,Store Pickup,No,No,13,0,Quarterly,Male_Iowa_23,7/2/2023,FALSE,,0,0,0
256,2594,36,Male,Rice 10kg,Grocery,1800000,Kerman,S,Indigo,Fall,4.7,No,Store Pickup,No,No,9,0,Every 3 Months,Male_Colorado_36,3/25/2023,TRUE,Festival Norooz,0,1,1
1122,2595,59,Male,Fresh Bread,Bakery,4050000,Ahvaz,L,Indigo,Fall,3.6,No,Free Shipping,No,No,25,1,Every 3 Months,Male_Montana_59,2/12/2023,FALSE,,0,0,0
289,2596,29,Male,Shampoo,Personal Care,2800000,Tabriz,XL,Maroon,Summer,3.2,No,Free Shipping,No,No,3,0,Bi-Weekly,Male_Iowa_29,10/10/2023,FALSE,,0,0,0
60,2597,63,Male,Frozen Pizza,Frozen,3900000,Mashhad,L,Black,Spring,3,No,Next Day Air,No,No,35,0,Monthly,Male_Louisiana_63,4/26/2023,FALSE,,0,0,0
1121,2598,60,Male,Chocolate Bar,Snacks,1250000,Tehran,XL,Teal,Summer,4.4,No,Store Pickup,No,No,13,0,Bi-Weekly,Male_Alabama_60,9/2/2023,FALSE,,0,0,0
645,2599,64,Male,Shampoo,Personal Care,4300000,Sari,XL,Olive,Fall,3.3,No,Express,No,No,31,0,Annually,Male_Nevada_64,9/19/2023,FALSE,,0,0,0
1637,2600,63,Male,Mineral Water 1.5L,Beverages,4950000,Yazd,M,Gold,Winter,3.4,No,Express,No,No,48,0,Monthly,Male_Vermont_63,12/7/2023,FALSE,,0,0,0
1638,2601,21,Male,Sugar 1kg,Grocery,4150000,Qom,M,Gray,Fall,3.9,No,Express,No,No,6,0,Bi-Weekly,Male_New York_21,9/12/2023,FALSE,,0,0,0
1639,2602,61,Male,Orange Juice,Beverages,1650000,Shiraz,L,Orange,Winter,2.9,No,Store Pickup,No,No,43,1,Monthly,Male_Mississippi_61,11/21/2023,TRUE,Yalda Festival,0,1,0
1449,2603,65,Male,Mixed Nuts,Snacks,2200000,Ahvaz,M,Black,Fall,2.9,No,Free Shipping,No,No,1,0,Quarterly,Male_South Carolina_65,11/17/2023,FALSE,,0,0,0
914,2604,69,Male,Sugar 1kg,Grocery,2900000,Mashhad,M,Teal,Spring,2.7,No,2-Day Shipping,No,No,8,1,Annually,Male_Washington_69,10/12/2023,FALSE,,0,0,0
1640,2605,47,Male,Orange Juice,Beverages,2700000,Kermanshah,M,Beige,Spring,3.4,No,Store Pickup,No,No,6,0,Weekly,Male_Colorado_47,12/22/2023,FALSE,,0,0,0
1641,2606,41,Male,Mixed Nuts,Snacks,4650000,Rasht,M,White,Spring,3.7,No,2-Day Shipping,No,No,32,0,Fortnightly,Male_Nevada_41,7/29/2023,FALSE,,0,0,0
928,2607,68,Male,Body Wash,Personal Care,4900000,Shiraz,L,Turquoise,Spring,4.7,No,Standard,No,No,46,0,Bi-Weekly,Male_Nevada_68,8/8/2023,FALSE,,0,0,0
153,2608,41,Male,Baguette,Bakery,1800000,Isfahan,XL,Teal,Spring,3.1,No,Express,No,No,38,0,Every 3 Months,Male_Oklahoma_41,8/13/2023,FALSE,,0,0,0
1200,2609,42,Male,Toothpaste,Personal Care,3400000,Ahvaz,L,Orange,Fall,4.2,No,2-Day Shipping,No,No,48,0,Fortnightly,Male_Mississippi_42,6/18/2023,FALSE,,0,0,0
1175,2610,66,Male,Milk 1L,Dairy,4750000,Sari,M,Black,Summer,3,No,Store Pickup,No,No,18,0,Bi-Weekly,Male_Arkansas_66,6/24/2023,FALSE,,0,0,0
737,2611,66,Male,Tea Box,Grocery,4650000,Kermanshah,M,Violet,Spring,3.1,No,Express,No,No,25,1,Quarterly,Male_West Virginia_66,10/1/2023,FALSE,,0,0,0
460,2612,33,Male,Shampoo,Personal Care,4950000,Karaj,L,Maroon,Fall,4.2,No,2-Day Shipping,No,No,4,1,Fortnightly,Male_Michigan_33,6/22/2023,FALSE,,0,0,0
1642,2613,55,Male,Rice 10kg,Grocery,1100000,Kerman,M,Turquoise,Winter,3.8,No,Next Day Air,No,No,27,0,Quarterly,Male_Louisiana_55,1/10/2023,FALSE,,0,0,0
248,2614,58,Male,Milk 1L,Dairy,4400000,Karaj,M,Gold,Fall,2.9,No,Express,No,No,14,0,Monthly,Male_South Dakota_58,1/10/2023,FALSE,,0,0,0
1643,2615,18,Male,Shampoo,Personal Care,3250000,Rasht,M,Turquoise,Spring,4.2,No,Express,No,No,36,0,Fortnightly,Male_North Dakota_18,9/18/2023,FALSE,,0,0,0
1644,2616,49,Male,Shampoo,Personal Care,3100000,Ahvaz,M,Maroon,Fall,3.1,No,2-Day Shipping,No,No,6,0,Quarterly,Male_Arizona_49,6/1/2023,FALSE,,0,0,0
704,2617,61,Male,Pasta Pack,Grocery,2750000,Kermanshah,XL,Purple,Spring,3.6,No,Express,No,No,46,1,Annually,Male_Georgia_61,12/9/2023,FALSE,,0,0,0
1429,2618,31,Male,Orange Juice,Beverages,4850000,Ahvaz,S,Maroon,Spring,4.8,No,Standard,No,No,29,0,Annually,Male_Idaho_31,6/23/2023,FALSE,,0,0,0
1645,2619,70,Male,Shampoo,Personal Care,3850000,Qazvin,L,Brown,Fall,4.1,No,Express,No,No,12,0,Monthly,Male_Louisiana_70,10/10/2023,FALSE,,0,0,0
720,2620,68,Male,Baguette,Bakery,2000000,Arak,L,Indigo,Winter,3.9,No,Free Shipping,No,No,47,0,Weekly,Male_Connecticut_68,1/4/2023,FALSE,,0,0,0
1646,2621,27,Male,Paper Towel Pack,Household,1150000,Karaj,S,Lavender,Winter,3,No,Standard,No,No,28,0,Annually,Male_Ohio_27,8/31/2023,FALSE,,0,0,0
1647,2622,48,Male,Paper Towel Pack,Household,2300000,Mashhad,M,Beige,Winter,3,No,Express,No,No,21,0,Annually,Male_Maine_48,11/23/2023,TRUE,Yalda Festival,0,1,0
1648,2623,63,Male,Milk 1L,Dairy,3750000,Qazvin,M,Yellow,Spring,4.9,No,2-Day Shipping,No,No,15,0,Annually,Male_New Hampshire_63,11/16/2023,FALSE,,0,0,0
622,2624,49,Male,Dishwashing Liquid,Household,3800000,Qazvin,M,Gold,Fall,4.8,No,Next Day Air,No,No,38,1,Annually,Male_Massachusetts_49,12/25/2023,FALSE,,0,0,0
1631,2625,19,Male,Chocolate Bar,Snacks,2950000,Yazd,M,Indigo,Summer,3.3,No,Standard,No,No,19,0,Annually,Male_South Dakota_19,11/2/2023,FALSE,,0,0,0
1649,2626,30,Male,Shampoo,Personal Care,2550000,Sari,L,Cyan,Summer,2.7,No,Standard,No,No,31,0,Weekly,Male_Colorado_30,3/25/2023,TRUE,Festival Norooz,0,1,0
220,2627,50,Male,Cheddar Cheese,Dairy,2300000,Kerman,XL,Silver,Fall,4.2,No,Express,No,No,30,0,Every 3 Months,Male_Rhode Island_50,7/10/2023,TRUE,Summer Sale Iran,0,1,2
1042,2628,66,Male,Yogurt Bucket,Dairy,1300000,Hamedan,L,Silver,Fall,3.6,No,Next Day Air,No,No,40,0,Quarterly,Male_Missouri_66,10/10/2023,FALSE,,0,0,0
949,2629,25,Male,Toothpaste,Personal Care,2550000,Shiraz,M,Silver,Summer,3.8,No,Next Day Air,No,No,42,0,Bi-Weekly,Male_Wyoming_25,10/18/2023,FALSE,,0,0,0
1285,2630,61,Male,Mixed Nuts,Snacks,2200000,Kermanshah,M,Peach,Winter,3.8,No,Free Shipping,No,No,25,0,Annually,Male_New Hampshire_61,5/11/2023,FALSE,,0,0,0
1518,2631,29,Male,Pasta Pack,Grocery,4100000,Urmia,S,Pink,Spring,4.2,No,Free Shipping,No,No,20,1,Quarterly,Male_Maine_29,8/20/2023,FALSE,,0,0,0
1650,2632,53,Male,Baguette,Bakery,2200000,Ahvaz,S,Violet,Summer,2.7,No,Express,No,No,3,1,Weekly,Male_Connecticut_53,2/22/2023,FALSE,,0,0,0
1651,2633,24,Male,Toothpaste,Personal Care,1350000,Bandar Abbas,M,Black,Fall,5,No,Next Day Air,No,No,14,1,Annually,Male_Alaska_24,9/3/2023,FALSE,,0,0,0
1560,2634,51,Male,Potato Chips,Snacks,4500000,Tehran,M,Purple,Fall,4.7,No,Next Day Air,No,No,32,0,Fortnightly,Male_Alaska_51,11/3/2023,FALSE,,0,0,0
1577,2635,26,Male,Frozen Pizza,Frozen,2900000,Yazd,S,Black,Summer,3.2,No,Store Pickup,No,No,20,0,Every 3 Months,Male_North Carolina_26,4/24/2023,FALSE,,0,0,0
1652,2636,59,Male,Cola 1.5L,Beverages,4000000,Ahvaz,XL,Peach,Spring,2.9,No,2-Day Shipping,No,No,34,0,Fortnightly,Male_Colorado_59,8/27/2023,FALSE,,0,0,0
1653,2637,41,Male,Laundry Detergent,Household,2000000,Shiraz,S,Magenta,Winter,4.2,No,Store Pickup,No,No,6,0,Annually,Male_Utah_41,11/21/2023,TRUE,Yalda Festival,0,1,0
1541,2638,20,Male,Sunflower Oil,Grocery,1150000,Qazvin,M,Magenta,Spring,3.7,No,Store Pickup,No,No,2,0,Annually,Male_Alabama_20,3/5/2023,FALSE,,0,0,0
413,2639,22,Male,Sunflower Oil,Grocery,1700000,Sari,S,Black,Spring,4.2,No,Store Pickup,No,No,35,0,Annually,Male_Hawaii_22,12/2/2023,FALSE,,0,0,0
221,2640,18,Male,Potato Chips,Snacks,1750000,Sari,XL,Pink,Winter,2.6,No,Free Shipping,No,No,33,0,Quarterly,Male_New Hampshire_18,11/17/2023,FALSE,,0,0,0
1006,2641,30,Male,Tea Box,Grocery,3750000,Karaj,L,Olive,Summer,4,No,Store Pickup,No,No,45,0,Bi-Weekly,Male_Indiana_30,11/1/2023,FALSE,,0,0,0
1458,2642,25,Male,Pasta Pack,Grocery,3000000,Isfahan,XL,Olive,Winter,2.7,No,Next Day Air,No,No,20,0,Every 3 Months,Male_Vermont_25,4/3/2023,FALSE,,0,0,0
447,2643,39,Male,Rice 10kg,Grocery,4350000,Ahvaz,L,Peach,Summer,4,No,Store Pickup,No,No,48,0,Annually,Male_Iowa_39,3/28/2023,TRUE,Festival Norooz,0,2,0
51,2644,49,Male,Chocolate Bar,Snacks,2050000,Mashhad,S,Silver,Spring,2.9,No,Next Day Air,No,No,37,1,Monthly,Male_Maryland_49,6/22/2023,FALSE,,0,0,0
688,2645,25,Male,Baguette,Bakery,4150000,Ahvaz,M,Turquoise,Spring,3.3,No,Standard,No,No,4,0,Every 3 Months,Male_New Mexico_25,6/21/2023,FALSE,,0,0,0
961,2646,23,Male,Chocolate Bar,Snacks,4050000,Yazd,L,Olive,Spring,4,No,Store Pickup,No,No,24,0,Bi-Weekly,Male_Louisiana_23,3/31/2023,TRUE,Festival Norooz,1,1,1
631,2647,33,Male,Frozen Pizza,Frozen,2800000,Ahvaz,S,Lavender,Summer,3.9,No,Next Day Air,No,No,4,0,Every 3 Months,Male_New Mexico_33,6/10/2023,FALSE,,0,0,0
1654,2648,60,Male,Body Wash,Personal Care,2900000,Urmia,M,Red,Summer,3.3,No,2-Day Shipping,No,No,25,0,Annually,Male_South Carolina_60,8/3/2023,FALSE,,0,0,0
1655,2649,51,Male,Orange Juice,Beverages,4200000,Qazvin,M,Gray,Spring,3.9,No,Next Day Air,No,No,14,0,Bi-Weekly,Male_Illinois_51,5/26/2023,FALSE,,0,0,0
1656,2650,23,Male,Toothpaste,Personal Care,1050000,Karaj,M,Magenta,Fall,3.9,No,Store Pickup,No,No,14,0,Fortnightly,Male_Minnesota_23,5/30/2023,FALSE,,0,0,0
292,2651,20,Male,Pasta Pack,Grocery,1750000,Urmia,L,Maroon,Summer,4.2,No,Standard,No,No,46,0,Every 3 Months,Male_Oregon_20,12/29/2023,FALSE,,0,0,0
1657,2652,51,Male,Milk 1L,Dairy,2150000,Qazvin,M,Cyan,Summer,4.6,No,Store Pickup,No,No,27,0,Quarterly,Male_Tennessee_51,3/10/2023,FALSE,,0,0,0
1658,2653,23,Female,Cola 1.5L,Beverages,1000000,Arak,L,Cyan,Summer,3.3,No,2-Day Shipping,No,No,46,0,Monthly,Female_Maryland_23,1/30/2023,FALSE,,0,0,0
1659,2654,67,Female,Paper Towel Pack,Household,1800000,Qazvin,L,Lavender,Fall,4.8,No,Express,No,No,24,0,Every 3 Months,Female_Wisconsin_67,8/15/2023,FALSE,,0,0,0
1660,2655,23,Female,Toothpaste,Personal Care,3500000,Rasht,S,Pink,Fall,4.1,No,Next Day Air,No,No,4,0,Annually,Female_Idaho_23,7/21/2023,FALSE,,0,0,0
1661,2656,26,Female,Fresh Bread,Bakery,4150000,Qom,M,Gray,Summer,3.4,No,Standard,No,No,2,0,Fortnightly,Female_Wyoming_26,1/17/2023,FALSE,,0,0,0
1662,2657,52,Female,Mineral Water 1.5L,Beverages,3800000,Arak,L,Yellow,Winter,3.6,No,Express,No,No,29,0,Fortnightly,Female_Indiana_52,10/25/2023,FALSE,,0,0,0
1663,2658,52,Female,Rice 10kg,Grocery,4050000,Shiraz,M,Pink,Summer,2.7,No,Express,No,No,7,0,Fortnightly,Female_Texas_52,2/21/2023,FALSE,,0,0,0
1664,2659,52,Female,Yogurt Bucket,Dairy,2350000,Bandar Abbas,XL,Indigo,Summer,3.2,No,Next Day Air,No,No,39,0,Monthly,Female_Ohio_52,11/17/2023,FALSE,,0,0,0
1665,2660,35,Female,Body Wash,Personal Care,1750000,Hamedan,L,Gray,Summer,4.4,No,2-Day Shipping,No,No,46,0,Fortnightly,Female_Kansas_35,8/10/2023,FALSE,,0,0,0
1666,2661,24,Female,Paper Towel Pack,Household,4250000,Qom,L,Yellow,Spring,4.9,No,Express,No,No,44,0,Annually,Female_South Carolina_24,8/2/2023,FALSE,,0,0,0
1667,2662,43,Female,Yogurt Bucket,Dairy,4800000,Bandar Abbas,XL,Olive,Fall,4.8,No,Express,No,No,20,0,Annually,Female_Michigan_43,10/6/2023,FALSE,,0,0,0
1668,2663,25,Female,Body Wash,Personal Care,4900000,Yazd,M,Cyan,Summer,2.8,No,2-Day Shipping,No,No,44,0,Fortnightly,Female_Nebraska_25,9/25/2023,FALSE,,0,0,0
1669,2664,46,Female,Pasta Pack,Grocery,2600000,Shiraz,L,Silver,Fall,2.9,No,Free Shipping,No,No,23,0,Annually,Female_Wisconsin_46,11/13/2023,FALSE,,0,0,0
1670,2665,22,Female,Laundry Detergent,Household,4200000,Arak,L,Silver,Winter,3.2,No,Store Pickup,No,No,37,0,Weekly,Female_Illinois_22,4/1/2023,FALSE,,0,0,0
1671,2666,70,Female,Frozen Pizza,Frozen,3550000,Sari,L,Red,Winter,3.5,No,Store Pickup,No,No,4,0,Weekly,Female_Louisiana_70,2/24/2023,FALSE,,0,0,0
1672,2667,49,Female,Shampoo,Personal Care,4750000,Bandar Abbas,S,Brown,Winter,4.1,No,Store Pickup,No,No,14,0,Fortnightly,Female_Ohio_49,5/29/2023,FALSE,,0,0,0
1673,2668,48,Female,Paper Towel Pack,Household,2350000,Kerman,M,Orange,Summer,4.1,No,Free Shipping,No,No,31,1,Fortnightly,Female_Maryland_48,12/25/2023,FALSE,,0,0,0
1674,2669,59,Female,Paper Towel Pack,Household,3750000,Yazd,M,Black,Summer,4.8,No,Next Day Air,No,No,9,0,Quarterly,Female_Texas_59,7/23/2023,FALSE,,0,0,0
1675,2670,39,Female,Frozen Chicken,Frozen,1400000,Karaj,L,Teal,Spring,2.8,No,Free Shipping,No,No,31,0,Weekly,Female_Illinois_39,6/20/2023,FALSE,,0,0,0
1676,2671,30,Female,Cheddar Cheese,Dairy,2200000,Rasht,M,Yellow,Fall,4.7,No,Express,No,No,26,0,Bi-Weekly,Female_Pennsylvania_30,6/26/2023,FALSE,,0,0,0
1677,2672,37,Female,Pasta Pack,Grocery,3200000,Isfahan,XL,Gray,Winter,4.8,No,2-Day Shipping,No,No,41,0,Every 3 Months,Female_Alabama_37,2/3/2023,FALSE,,0,0,0
1678,2673,56,Female,Baguette,Bakery,1400000,Arak,M,Maroon,Spring,2.9,No,Standard,No,No,13,1,Annually,Female_West Virginia_56,3/31/2023,TRUE,Festival Norooz,0,1,1
1679,2674,67,Female,Mineral Water 1.5L,Beverages,1050000,Sari,M,Olive,Summer,2.6,No,2-Day Shipping,No,No,4,1,Monthly,Female_Nevada_67,1/16/2023,FALSE,,0,0,0
1680,2675,40,Female,Sunflower Oil,Grocery,2050000,Hamedan,S,Charcoal,Fall,3.3,No,Express,No,No,15,1,Every 3 Months,Female_Florida_40,7/31/2023,FALSE,,0,0,0
1681,2676,24,Female,Pasta Pack,Grocery,1900000,Karaj,M,Peach,Winter,3.4,No,Free Shipping,No,No,38,1,Bi-Weekly,Female_Virginia_24,11/26/2023,TRUE,Yalda Festival,1,1,0
1682,2677,43,Female,Mineral Water 1.5L,Beverages,3850000,Kerman,M,Maroon,Spring,3.6,No,Free Shipping,No,No,3,1,Fortnightly,Female_Kentucky_43,3/29/2023,TRUE,Festival Norooz,0,1,0
1683,2678,45,Female,Chocolate Bar,Snacks,2150000,Tabriz,L,Olive,Spring,3.8,No,Next Day Air,No,No,6,0,Every 3 Months,Female_Connecticut_45,8/20/2023,FALSE,,0,0,0
1684,2679,33,Female,Tea Box,Grocery,4550000,Tabriz,M,Magenta,Spring,3.4,No,2-Day Shipping,No,No,34,0,Bi-Weekly,Female_Montana_33,12/15/2023,FALSE,,0,0,0
1685,2680,53,Female,Milk 1L,Dairy,3400000,Bandar Abbas,S,Yellow,Spring,3.8,No,Express,No,No,7,0,Quarterly,Female_Montana_53,1/22/2023,FALSE,,0,0,0
1686,2681,44,Female,Mineral Water 1.5L,Beverages,1850000,Urmia,L,Indigo,Fall,3.3,No,Next Day Air,No,No,21,0,Annually,Female_Nebraska_44,1/27/2023,FALSE,,0,0,0
1687,2682,23,Female,Yogurt Bucket,Dairy,1150000,Rasht,L,Olive,Summer,4.8,No,Standard,No,No,17,0,Monthly,Female_Massachusetts_23,1/18/2023,FALSE,,0,0,0
1688,2683,59,Female,Cheddar Cheese,Dairy,3250000,Karaj,L,Maroon,Winter,3.9,No,2-Day Shipping,No,No,5,0,Every 3 Months,Female_North Carolina_59,6/1/2023,FALSE,,0,0,0
1689,2684,68,Female,Paper Towel Pack,Household,1500000,Shiraz,M,Indigo,Summer,4.2,No,Next Day Air,No,No,21,1,Fortnightly,Female_Montana_68,11/4/2023,FALSE,,0,0,0
1690,2685,46,Female,Fresh Bread,Bakery,2250000,Qazvin,M,Gray,Summer,4.7,No,Free Shipping,No,No,42,0,Bi-Weekly,Female_Washington_46,8/31/2023,FALSE,,0,0,0
1691,2686,56,Female,Pasta Pack,Grocery,1250000,Bandar Abbas,M,Gray,Winter,2.7,No,Express,No,No,49,0,Quarterly,Female_Virginia_56,11/27/2023,TRUE,Yalda Festival,0,1,0
1692,2687,40,Female,Dishwashing Liquid,Household,3600000,Rasht,M,Black,Winter,3.8,No,2-Day Shipping,No,No,33,1,Fortnightly,Female_Georgia_40,8/19/2023,FALSE,,0,0,0
1693,2688,61,Female,Baguette,Bakery,3750000,Kermanshah,M,White,Fall,3.6,No,2-Day Shipping,No,No,12,0,Bi-Weekly,Female_Delaware_61,11/20/2023,TRUE,Yalda Festival,0,1,0
1694,2689,53,Female,Chocolate Bar,Snacks,3150000,Bandar Abbas,XL,Turquoise,Spring,2.9,No,2-Day Shipping,No,No,18,0,Every 3 Months,Female_West Virginia_53,1/7/2023,FALSE,,0,0,0
1695,2690,29,Female,Shampoo,Personal Care,1750000,Kerman,M,Orange,Fall,3.9,No,Standard,No,No,47,0,Quarterly,Female_Wyoming_29,6/9/2023,FALSE,,0,0,0
1696,2691,44,Female,Paper Towel Pack,Household,1600000,Qom,L,Yellow,Summer,4.7,No,Free Shipping,No,No,18,0,Weekly,Female_New Mexico_44,7/15/2023,TRUE,Summer Sale Iran,0,1,0
1697,2692,43,Female,Orange Juice,Beverages,1250000,Tehran,L,Blue,Winter,3.3,No,2-Day Shipping,No,No,48,1,Monthly,Female_Nebraska_43,3/31/2023,TRUE,Festival Norooz,0,1,0
1698,2693,40,Female,Frozen Chicken,Frozen,4500000,Kermanshah,XL,Violet,Spring,4.2,No,Free Shipping,No,No,18,0,Every 3 Months,Female_Washington_40,1/15/2023,FALSE,,0,0,0
1699,2694,55,Female,Shampoo,Personal Care,3500000,Kermanshah,L,Lavender,Summer,2.6,No,Standard,No,No,46,1,Quarterly,Female_Hawaii_55,4/19/2023,FALSE,,0,0,0
1700,2695,66,Female,Cheddar Cheese,Dairy,1350000,Sari,M,Olive,Spring,4.9,No,Express,No,No,34,0,Every 3 Months,Female_Louisiana_66,10/14/2023,FALSE,,0,0,0
1701,2696,50,Female,Laundry Detergent,Household,4600000,Rasht,M,Orange,Fall,3.6,No,Standard,No,No,10,0,Bi-Weekly,Female_Tennessee_50,12/18/2023,FALSE,,0,0,0
1702,2697,57,Female,Milk 1L,Dairy,1000000,Shiraz,M,White,Spring,4.7,No,Free Shipping,No,No,12,0,Monthly,Female_South Dakota_57,2/5/2023,FALSE,,0,0,0
1703,2698,42,Female,Fresh Bread,Bakery,2600000,Tabriz,L,Red,Winter,3.2,No,Standard,No,No,36,0,Quarterly,Female_Delaware_42,7/30/2023,FALSE,,0,0,0
1704,2699,55,Female,Body Wash,Personal Care,2850000,Tabriz,M,Magenta,Summer,3.6,No,Store Pickup,No,No,34,0,Quarterly,Female_Virginia_55,2/4/2023,FALSE,,0,0,0
1705,2700,25,Female,Yogurt Bucket,Dairy,4800000,Mashhad,M,Violet,Fall,3.6,No,2-Day Shipping,No,No,49,0,Annually,Female_Utah_25,12/17/2023,FALSE,,0,0,0
1706,2701,22,Female,Baguette,Bakery,3400000,Qazvin,XL,Olive,Winter,3.2,No,Standard,No,No,36,1,Weekly,Female_California_22,12/5/2023,FALSE,,0,0,0
1707,2702,49,Female,Cola 1.5L,Beverages,1500000,Kermanshah,L,Silver,Summer,2.8,No,Store Pickup,No,No,18,0,Fortnightly,Female_Idaho_49,9/16/2023,FALSE,,0,0,0
1708,2703,70,Female,Pasta Pack,Grocery,1850000,Kerman,L,Gray,Fall,4,No,Next Day Air,No,No,39,0,Fortnightly,Female_Texas_70,1/14/2023,FALSE,,0,0,0
1709,2704,56,Female,Frozen Chicken,Frozen,2100000,Kermanshah,XL,Olive,Winter,4.4,No,Free Shipping,No,No,34,0,Weekly,Female_Tennessee_56,10/17/2023,FALSE,,0,0,0
1710,2705,52,Female,Tea Box,Grocery,2700000,Ahvaz,L,Beige,Spring,3.4,No,Next Day Air,No,No,35,0,Weekly,Female_Tennessee_52,5/4/2023,FALSE,,0,0,0
1711,2706,65,Female,Shampoo,Personal Care,4050000,Karaj,S,Turquoise,Spring,5,No,Store Pickup,No,No,1,0,Bi-Weekly,Female_Washington_65,5/13/2023,FALSE,,0,0,0
1712,2707,24,Female,Body Wash,Personal Care,2000000,Isfahan,S,Blue,Spring,3.1,No,Express,No,No,48,0,Quarterly,Female_Alabama_24,9/29/2023,FALSE,,0,0,0
1713,2708,32,Female,Tea Box,Grocery,4400000,Kerman,M,Pink,Fall,4.2,No,Standard,No,No,19,1,Weekly,Female_Nebraska_32,8/21/2023,FALSE,,0,0,0
1714,2709,57,Female,Rice 10kg,Grocery,4700000,Yazd,M,Teal,Summer,3.3,No,Store Pickup,No,No,44,0,Weekly,Female_Alabama_57,11/21/2023,TRUE,Yalda Festival,0,1,0
1715,2710,35,Female,Dishwashing Liquid,Household,2700000,Tabriz,S,Cyan,Winter,2.9,No,Standard,No,No,9,0,Bi-Weekly,Female_Illinois_35,4/17/2023,FALSE,,0,0,0
1716,2711,69,Female,Yogurt Bucket,Dairy,2550000,Qom,L,Purple,Summer,4.7,No,Standard,No,No,3,0,Fortnightly,Female_Wisconsin_69,10/24/2023,FALSE,,0,0,0
1717,2712,30,Female,Shampoo,Personal Care,1100000,Hamedan,L,Red,Spring,4,No,Standard,No,No,50,0,Monthly,Female_Nebraska_30,1/29/2023,FALSE,,0,0,0
1718,2713,37,Female,Sugar 1kg,Grocery,4750000,Mashhad,L,Brown,Fall,4.6,No,Standard,No,No,7,0,Quarterly,Female_North Dakota_37,2/18/2023,FALSE,,0,0,0
1719,2714,19,Female,Pasta Pack,Grocery,2850000,Kerman,M,Magenta,Fall,3.8,No,2-Day Shipping,No,No,20,0,Annually,Female_Mississippi_19,11/28/2023,TRUE,Yalda Festival,0,1,0
1720,2715,53,Female,Tea Box,Grocery,2250000,Bandar Abbas,S,Olive,Winter,3.6,No,Store Pickup,No,No,16,0,Bi-Weekly,Female_Iowa_53,11/21/2023,TRUE,Yalda Festival,0,1,0
1721,2716,25,Female,Tea Box,Grocery,4600000,Kermanshah,XL,Pink,Winter,4.1,No,Express,No,No,29,0,Fortnightly,Female_Mississippi_25,3/8/2023,FALSE,,0,0,0
1722,2717,47,Female,Shampoo,Personal Care,2000000,Sari,L,Black,Spring,2.7,No,Store Pickup,No,No,21,0,Weekly,Female_Colorado_47,3/13/2023,FALSE,,0,0,0
1723,2718,18,Female,Pasta Pack,Grocery,3100000,Bandar Abbas,XL,Beige,Winter,4.3,No,Free Shipping,No,No,19,0,Every 3 Months,Female_Nebraska_18,8/18/2023,FALSE,,0,0,0
1724,2719,22,Female,Mixed Nuts,Snacks,4500000,Rasht,M,Peach,Winter,4.9,No,Next Day Air,No,No,10,0,Bi-Weekly,Female_Virginia_22,3/31/2023,TRUE,Festival Norooz,0,1,0
1725,2720,69,Female,Laundry Detergent,Household,4100000,Mashhad,S,Peach,Fall,4.2,No,Free Shipping,No,No,4,0,Monthly,Female_Louisiana_69,2/1/2023,FALSE,,0,0,0
1726,2721,55,Female,Orange Juice,Beverages,2600000,Urmia,M,Peach,Spring,2.8,No,Store Pickup,No,No,45,0,Quarterly,Female_Maryland_55,3/31/2023,TRUE,Festival Norooz,0,1,0
1727,2722,19,Female,Dishwashing Liquid,Household,3500000,Arak,S,Teal,Spring,4.9,No,Free Shipping,No,No,17,0,Fortnightly,Female_Minnesota_19,7/22/2023,FALSE,,0,0,0
1728,2723,23,Female,Frozen Chicken,Frozen,4150000,Karaj,M,Green,Spring,2.8,No,2-Day Shipping,No,No,22,0,Fortnightly,Female_Maine_23,7/7/2023,FALSE,,0,0,0
1729,2724,54,Female,Toothpaste,Personal Care,2450000,Tabriz,XL,Brown,Summer,2.9,No,Store Pickup,No,No,3,0,Every 3 Months,Female_Texas_54,2/27/2023,FALSE,,0,0,0
1730,2725,52,Female,Tea Box,Grocery,4550000,Urmia,M,Brown,Spring,2.5,No,Next Day Air,No,No,11,0,Fortnightly,Female_Missouri_52,9/23/2023,FALSE,,0,0,0
1731,2726,64,Female,Baguette,Bakery,4950000,Isfahan,S,Violet,Summer,2.7,No,Free Shipping,No,No,4,0,Annually,Female_Mississippi_64,2/3/2023,FALSE,,0,0,0
1732,2727,33,Female,Dishwashing Liquid,Household,4600000,Karaj,L,Blue,Winter,3.3,No,Free Shipping,No,No,11,0,Bi-Weekly,Female_Michigan_33,9/29/2023,FALSE,,0,0,0
1733,2728,40,Female,Milk 1L,Dairy,4350000,Hamedan,L,Charcoal,Winter,3.7,No,2-Day Shipping,No,No,47,0,Fortnightly,Female_Colorado_40,8/26/2023,FALSE,,0,0,0
1734,2729,26,Female,Sunflower Oil,Grocery,1400000,Yazd,M,Pink,Winter,4,No,Express,No,No,17,0,Weekly,Female_Florida_26,5/22/2023,FALSE,,0,0,0
1735,2730,31,Female,Rice 10kg,Grocery,3550000,Karaj,S,Violet,Summer,4.1,No,Free Shipping,No,No,32,0,Monthly,Female_Montana_31,4/24/2023,FALSE,,0,0,0
1736,2731,23,Female,Dishwashing Liquid,Household,1600000,Arak,M,Teal,Winter,4.1,No,Store Pickup,No,No,37,0,Annually,Female_Wisconsin_23,7/7/2023,FALSE,,0,0,0
1737,2732,52,Female,Mixed Nuts,Snacks,1650000,Bandar Abbas,M,Red,Summer,2.5,No,2-Day Shipping,No,No,44,0,Quarterly,Female_Wisconsin_52,6/20/2023,FALSE,,0,0,0
1738,2733,21,Female,Mineral Water 1.5L,Beverages,3750000,Shiraz,L,Orange,Winter,4.2,No,Store Pickup,No,No,27,0,Every 3 Months,Female_Delaware_21,8/21/2023,FALSE,,0,0,0
1739,2734,31,Female,Cola 1.5L,Beverages,4150000,Isfahan,M,Magenta,Summer,4.7,No,Express,No,No,46,0,Annually,Female_North Carolina_31,9/28/2023,FALSE,,0,0,0
1740,2735,63,Female,Frozen Chicken,Frozen,4650000,Hamedan,XL,Yellow,Summer,2.7,No,2-Day Shipping,No,No,13,1,Bi-Weekly,Female_New York_63,1/6/2023,FALSE,,0,0,0
1741,2736,46,Female,Tea Box,Grocery,1450000,Urmia,M,Yellow,Spring,3,No,Express,No,No,2,0,Bi-Weekly,Female_California_46,7/26/2023,FALSE,,0,0,0
1742,2737,44,Female,Pasta Pack,Grocery,1250000,Shiraz,M,Pink,Spring,4.8,No,Store Pickup,No,No,45,0,Annually,Female_Montana_44,10/16/2023,FALSE,,0,0,0
1743,2738,57,Female,Cheddar Cheese,Dairy,3800000,Ahvaz,S,Indigo,Spring,4.4,No,Free Shipping,No,No,35,1,Every 3 Months,Female_North Carolina_57,5/19/2023,FALSE,,0,0,0
1744,2739,50,Female,Yogurt Bucket,Dairy,4050000,Kermanshah,M,Charcoal,Summer,4.3,No,2-Day Shipping,No,No,39,0,Every 3 Months,Female_Ohio_50,6/30/2023,FALSE,,0,0,0
1745,2740,33,Female,Pasta Pack,Grocery,4000000,Qom,XL,Blue,Winter,2.5,No,Store Pickup,No,No,39,0,Every 3 Months,Female_Alaska_33,10/26/2023,FALSE,,0,0,0
1746,2741,19,Female,Frozen Chicken,Frozen,3500000,Arak,M,Lavender,Summer,4.9,No,Free Shipping,No,No,34,0,Fortnightly,Female_Pennsylvania_19,12/11/2023,FALSE,,0,0,0
1747,2742,68,Female,Milk 1L,Dairy,4050000,Yazd,L,Yellow,Fall,4.9,No,2-Day Shipping,No,No,41,0,Monthly,Female_Maine_68,2/26/2023,FALSE,,0,0,0
1748,2743,27,Female,Body Wash,Personal Care,4300000,Urmia,M,Black,Spring,3.9,No,Free Shipping,No,No,47,0,Annually,Female_Texas_27,4/16/2023,FALSE,,0,0,0
1749,2744,61,Female,Orange Juice,Beverages,4700000,Bandar Abbas,S,Beige,Fall,4.1,No,2-Day Shipping,No,No,17,0,Quarterly,Female_New Jersey_61,11/26/2023,TRUE,Yalda Festival,2,1,0
1750,2745,38,Female,Dishwashing Liquid,Household,3300000,Isfahan,M,Silver,Winter,3.3,No,Store Pickup,No,No,40,0,Monthly,Female_Wyoming_38,6/3/2023,FALSE,,0,0,0
1751,2746,28,Female,Shampoo,Personal Care,4900000,Rasht,M,Magenta,Summer,4.1,No,Standard,No,No,44,0,Bi-Weekly,Female_Michigan_28,11/22/2023,TRUE,Yalda Festival,1,1,0
1752,2747,39,Female,Paper Towel Pack,Household,1250000,Rasht,M,Orange,Fall,3.7,No,Standard,No,No,21,0,Every 3 Months,Female_Ohio_39,4/2/2023,FALSE,,0,0,0
1753,2748,18,Female,Rice 10kg,Grocery,3100000,Shiraz,M,Teal,Winter,3.1,No,Free Shipping,No,No,21,0,Every 3 Months,Female_West Virginia_18,7/19/2023,TRUE,Summer Sale Iran,0,1,0
1681,2749,24,Female,Frozen Chicken,Frozen,4900000,Qom,L,Turquoise,Spring,3,No,Free Shipping,No,No,16,0,Annually,Female_Virginia_24,3/20/2023,TRUE,Festival Norooz,0,1,1
1754,2750,64,Female,Cheddar Cheese,Dairy,2650000,Karaj,M,Cyan,Spring,3.4,No,Standard,No,No,15,0,Annually,Female_Vermont_64,8/1/2023,FALSE,,0,0,0
1755,2751,51,Female,Sugar 1kg,Grocery,3300000,Tehran,L,Pink,Spring,2.7,No,2-Day Shipping,No,No,26,0,Every 3 Months,Female_Alaska_51,10/7/2023,FALSE,,0,0,0
1756,2752,27,Female,Chocolate Bar,Snacks,2600000,Kermanshah,S,Indigo,Fall,3.1,No,Free Shipping,No,No,50,0,Monthly,Female_Minnesota_27,2/10/2023,FALSE,,0,0,0
1757,2753,48,Female,Sugar 1kg,Grocery,3200000,Ahvaz,S,Peach,Winter,4,No,Free Shipping,No,No,30,0,Bi-Weekly,Female_Colorado_48,9/21/2023,FALSE,,0,0,0
1758,2754,69,Female,Mineral Water 1.5L,Beverages,2950000,Tabriz,M,Beige,Spring,3.6,No,Next Day Air,No,No,48,0,Quarterly,Female_Rhode Island_69,8/19/2023,FALSE,,0,0,0
1759,2755,59,Female,Cheddar Cheese,Dairy,3050000,Sari,L,Gold,Summer,3.6,No,Free Shipping,No,No,21,0,Bi-Weekly,Female_New Jersey_59,6/29/2023,FALSE,,0,0,0
1760,2756,59,Female,Tea Box,Grocery,4850000,Karaj,M,Indigo,Winter,3.3,No,Store Pickup,No,No,18,0,Annually,Female_Nevada_59,11/24/2023,TRUE,Yalda Festival,0,1,0
1761,2757,42,Female,Sugar 1kg,Grocery,1150000,Qom,L,Violet,Winter,4.1,No,Free Shipping,No,No,41,0,Monthly,Female_Minnesota_42,6/17/2023,FALSE,,0,0,0
1762,2758,39,Female,Mineral Water 1.5L,Beverages,4900000,Kermanshah,XL,Brown,Fall,4.3,No,Next Day Air,No,No,11,0,Monthly,Female_Delaware_39,6/10/2023,FALSE,,0,0,0
1763,2759,32,Female,Mixed Nuts,Snacks,4900000,Kermanshah,M,Purple,Summer,3.2,No,Standard,No,No,8,0,Bi-Weekly,Female_Illinois_32,5/31/2023,FALSE,,0,0,0
1764,2760,68,Female,Milk 1L,Dairy,2950000,Tehran,M,Turquoise,Summer,3.9,No,Free Shipping,No,No,42,1,Every 3 Months,Female_Washington_68,5/24/2023,FALSE,,0,0,0
1765,2761,41,Female,Shampoo,Personal Care,4100000,Kermanshah,S,Violet,Fall,5,No,Next Day Air,No,No,41,0,Bi-Weekly,Female_Alaska_41,8/14/2023,FALSE,,0,0,0
1766,2762,31,Female,Paper Towel Pack,Household,4100000,Isfahan,M,Purple,Fall,3.4,No,Next Day Air,No,No,3,0,Every 3 Months,Female_Michigan_31,8/27/2023,FALSE,,0,0,0
1767,2763,58,Female,Frozen Chicken,Frozen,2050000,Yazd,M,Charcoal,Fall,3.8,No,Store Pickup,No,No,10,0,Every 3 Months,Female_Georgia_58,11/3/2023,FALSE,,0,0,0
1768,2764,28,Female,Potato Chips,Snacks,2600000,Ahvaz,M,Green,Fall,2.9,No,2-Day Shipping,No,No,35,0,Quarterly,Female_West Virginia_28,4/4/2023,FALSE,,0,0,0
1769,2765,63,Female,Cheddar Cheese,Dairy,2050000,Rasht,XL,White,Spring,2.6,No,Next Day Air,No,No,2,0,Weekly,Female_Arizona_63,4/1/2023,FALSE,,0,0,0
1770,2766,64,Female,Paper Towel Pack,Household,3500000,Mashhad,M,Purple,Summer,4.3,No,2-Day Shipping,No,No,24,0,Quarterly,Female_Colorado_64,5/18/2023,FALSE,,0,0,0
1771,2767,66,Female,Frozen Chicken,Frozen,4550000,Mashhad,M,Cyan,Winter,2.8,No,Standard,No,No,47,0,Monthly,Female_Tennessee_66,9/8/2023,FALSE,,0,0,0
1772,2768,31,Female,Paper Towel Pack,Household,4750000,Qazvin,M,Green,Spring,4.5,No,Free Shipping,No,No,31,1,Monthly,Female_Iowa_31,9/3/2023,FALSE,,0,0,0
1773,2769,55,Female,Tea Box,Grocery,1250000,Isfahan,M,Beige,Spring,3.8,No,2-Day Shipping,No,No,28,0,Bi-Weekly,Female_Kansas_55,9/6/2023,FALSE,,0,0,0
1774,2770,32,Female,Laundry Detergent,Household,4450000,Mashhad,L,Lavender,Fall,3,No,Standard,No,No,13,1,Weekly,Female_Oklahoma_32,1/17/2023,FALSE,,0,0,0
1775,2771,50,Female,Sugar 1kg,Grocery,2200000,Karaj,S,Blue,Fall,3.3,No,Express,No,No,22,0,Quarterly,Female_Nebraska_50,7/2/2023,FALSE,,0,0,0
1776,2772,58,Female,Yogurt Bucket,Dairy,2600000,Tabriz,S,Beige,Summer,3.1,No,2-Day Shipping,No,No,12,0,Fortnightly,Female_Maryland_58,1/3/2023,FALSE,,0,0,0
1777,2773,18,Female,Frozen Pizza,Frozen,4700000,Shiraz,L,Blue,Spring,3.5,No,Store Pickup,No,No,10,0,Every 3 Months,Female_Pennsylvania_18,9/10/2023,FALSE,,0,0,0
1778,2774,39,Female,Milk 1L,Dairy,4900000,Bandar Abbas,S,Maroon,Spring,4.6,No,Express,No,No,45,0,Quarterly,Female_Arizona_39,9/26/2023,FALSE,,0,0,0
1779,2775,56,Female,Mixed Nuts,Snacks,2000000,Isfahan,L,Yellow,Fall,4.1,No,Standard,No,No,42,0,Quarterly,Female_Oklahoma_56,6/10/2023,FALSE,,0,0,0
1780,2776,37,Female,Frozen Pizza,Frozen,1250000,Isfahan,L,Red,Fall,3.6,No,Free Shipping,No,No,16,0,Weekly,Female_Montana_37,7/26/2023,FALSE,,0,0,0
1781,2777,46,Female,Rice 10kg,Grocery,3100000,Karaj,L,Green,Fall,2.9,No,Free Shipping,No,No,6,0,Annually,Female_Wyoming_46,9/2/2023,FALSE,,0,0,0
1782,2778,52,Female,Sunflower Oil,Grocery,1200000,Rasht,M,Magenta,Fall,4.8,No,Standard,No,No,28,0,Every 3 Months,Female_Idaho_52,3/11/2023,FALSE,,0,0,0
1783,2779,70,Female,Pasta Pack,Grocery,2850000,Rasht,L,Yellow,Spring,3.2,No,Standard,No,No,24,0,Bi-Weekly,Female_Pennsylvania_70,12/26/2023,FALSE,,0,0,0
1784,2780,61,Female,Dishwashing Liquid,Household,3300000,Hamedan,L,Blue,Winter,4.3,No,Express,No,No,14,0,Fortnightly,Female_Montana_61,7/31/2023,FALSE,,0,0,0
1785,2781,33,Female,Mineral Water 1.5L,Beverages,3500000,Tabriz,M,Charcoal,Winter,4.1,No,Next Day Air,No,No,29,0,Fortnightly,Female_Ohio_33,1/13/2023,FALSE,,0,0,0
1786,2782,65,Female,Body Wash,Personal Care,1950000,Kermanshah,M,Blue,Spring,4.6,No,Standard,No,No,33,0,Weekly,Female_Mississippi_65,5/25/2023,FALSE,,0,0,0
1787,2783,41,Female,Chocolate Bar,Snacks,1700000,Isfahan,S,Cyan,Spring,3.8,No,Free Shipping,No,No,30,0,Annually,Female_Idaho_41,3/6/2023,FALSE,,0,0,0
1788,2784,19,Female,Paper Towel Pack,Household,1900000,Bandar Abbas,M,Silver,Spring,4.5,No,Next Day Air,No,No,26,0,Quarterly,Female_Virginia_19,12/13/2023,FALSE,,0,0,0
1789,2785,33,Female,Tea Box,Grocery,3500000,Kerman,M,Black,Winter,3.1,No,Express,No,No,12,0,Every 3 Months,Female_Idaho_33,2/9/2023,FALSE,,0,0,0
1790,2786,53,Female,Tea Box,Grocery,4000000,Kermanshah,S,Green,Summer,2.9,No,Next Day Air,No,No,13,0,Monthly,Female_Louisiana_53,12/30/2023,FALSE,,0,0,0
1791,2787,54,Female,Baguette,Bakery,2550000,Rasht,M,Violet,Spring,3.8,No,Next Day Air,No,No,41,0,Every 3 Months,Female_Colorado_54,10/24/2023,FALSE,,0,0,0
1792,2788,36,Female,Rice 10kg,Grocery,3950000,Ahvaz,XL,Pink,Spring,4.1,No,Next Day Air,No,No,4,0,Fortnightly,Female_West Virginia_36,4/17/2023,FALSE,,0,0,0
1793,2789,56,Female,Shampoo,Personal Care,4600000,Kermanshah,M,Olive,Summer,3.1,No,Free Shipping,No,No,2,0,Annually,Female_Rhode Island_56,3/1/2023,FALSE,,0,0,0
1794,2790,28,Female,Frozen Chicken,Frozen,4250000,Bandar Abbas,L,Orange,Fall,5,No,Express,No,No,28,0,Bi-Weekly,Female_North Carolina_28,11/1/2023,FALSE,,0,0,0
1795,2791,34,Female,Yogurt Bucket,Dairy,3150000,Ahvaz,M,Black,Spring,4.5,No,Free Shipping,No,No,24,0,Annually,Female_Maine_34,4/5/2023,FALSE,,0,0,0
1796,2792,43,Female,Mineral Water 1.5L,Beverages,3000000,Mashhad,M,Yellow,Fall,2.8,No,Express,No,No,14,0,Fortnightly,Female_Iowa_43,5/11/2023,FALSE,,0,0,0
1797,2793,54,Female,Laundry Detergent,Household,2200000,Hamedan,L,Violet,Winter,3.2,No,Express,No,No,11,0,Weekly,Female_Kentucky_54,3/19/2023,FALSE,,0,0,0
1798,2794,37,Female,Dishwashing Liquid,Household,2850000,Kermanshah,M,Silver,Spring,3.1,No,Standard,No,No,27,0,Bi-Weekly,Female_Massachusetts_37,12/20/2023,FALSE,,0,0,0
1799,2795,33,Female,Chocolate Bar,Snacks,1200000,Isfahan,M,Gold,Fall,3.3,No,Standard,No,No,7,1,Fortnightly,Female_New York_33,1/27/2023,FALSE,,0,0,0
1800,2796,33,Female,Tea Box,Grocery,1750000,Karaj,M,Magenta,Winter,3.4,No,Store Pickup,No,No,49,0,Annually,Female_Nebraska_33,6/13/2023,FALSE,,0,0,0
1801,2797,55,Female,Frozen Chicken,Frozen,3650000,Karaj,M,Red,Winter,3.8,No,Store Pickup,No,No,21,1,Annually,Female_Oklahoma_55,5/13/2023,FALSE,,0,0,0
1802,2798,63,Female,Dishwashing Liquid,Household,2100000,Mashhad,M,Green,Winter,3.5,No,Express,No,No,10,0,Every 3 Months,Female_Oklahoma_63,12/23/2023,FALSE,,0,0,0
1803,2799,52,Female,Sunflower Oil,Grocery,1000000,Kermanshah,XL,Red,Winter,4.8,No,Store Pickup,No,No,37,0,Weekly,Female_Rhode Island_52,4/5/2023,FALSE,,0,0,0
1728,2800,23,Female,Cheddar Cheese,Dairy,4450000,Ahvaz,L,Pink,Spring,3.9,No,Free Shipping,No,No,9,0,Every 3 Months,Female_Maine_23,10/29/2023,FALSE,,0,0,0
1804,2801,70,Female,Body Wash,Personal Care,3800000,Hamedan,L,Violet,Fall,3.4,No,Free Shipping,No,No,14,1,Bi-Weekly,Female_Arkansas_70,1/20/2023,FALSE,,0,0,0
1805,2802,64,Female,Frozen Chicken,Frozen,2800000,Tabriz,M,Indigo,Winter,2.6,No,Express,No,No,30,0,Annually,Female_New Mexico_64,7/27/2023,FALSE,,0,0,0
1806,2803,22,Female,Shampoo,Personal Care,5000000,Arak,L,Red,Fall,3.1,No,Store Pickup,No,No,42,0,Fortnightly,Female_Hawaii_22,8/2/2023,FALSE,,0,0,0
1807,2804,46,Female,Tea Box,Grocery,2200000,Hamedan,M,Violet,Winter,3.3,No,Free Shipping,No,No,31,0,Monthly,Female_Idaho_46,9/13/2023,FALSE,,0,0,0
1808,2805,65,Female,Dishwashing Liquid,Household,3800000,Kerman,M,Cyan,Spring,2.8,No,Standard,No,No,48,0,Every 3 Months,Female_South Carolina_65,4/5/2023,FALSE,,0,0,0
1809,2806,18,Female,Dishwashing Liquid,Household,4850000,Hamedan,S,Black,Fall,4.3,No,Standard,No,No,48,1,Quarterly,Female_Nevada_18,2/27/2023,FALSE,,0,0,0
1810,2807,45,Female,Potato Chips,Snacks,1950000,Sari,L,Purple,Spring,2.7,No,Standard,No,No,50,0,Annually,Female_South Carolina_45,7/1/2023,FALSE,,0,0,0
1811,2808,56,Female,Cheddar Cheese,Dairy,5000000,Sari,M,Charcoal,Spring,4.4,No,2-Day Shipping,No,No,10,0,Fortnightly,Female_Maryland_56,4/27/2023,FALSE,,0,0,0
1812,2809,49,Female,Dishwashing Liquid,Household,3100000,Ahvaz,M,Beige,Spring,3.9,No,Free Shipping,No,No,45,0,Every 3 Months,Female_Tennessee_49,5/2/2023,FALSE,,0,0,0
1813,2810,66,Female,Tea Box,Grocery,4900000,Urmia,XL,Teal,Summer,3,No,Standard,No,No,27,0,Quarterly,Female_Arkansas_66,10/19/2023,FALSE,,0,0,0
1814,2811,27,Female,Frozen Pizza,Frozen,1550000,Karaj,M,Purple,Summer,4,No,Standard,No,No,10,0,Fortnightly,Female_Arizona_27,3/12/2023,FALSE,,0,0,0
1815,2812,69,Female,Milk 1L,Dairy,4450000,Urmia,M,Blue,Fall,3.7,No,Store Pickup,No,No,19,0,Quarterly,Female_Ohio_69,3/11/2023,FALSE,,0,0,0
1816,2813,66,Female,Dishwashing Liquid,Household,4550000,Hamedan,XL,Magenta,Fall,3.8,No,Store Pickup,No,No,1,0,Every 3 Months,Female_North Dakota_66,6/19/2023,FALSE,,0,0,0
1817,2814,45,Female,Frozen Chicken,Frozen,2500000,Isfahan,S,Maroon,Summer,3.3,No,2-Day Shipping,No,No,39,0,Quarterly,Female_Vermont_45,7/20/2023,TRUE,Summer Sale Iran,0,1,0
1818,2815,31,Female,Yogurt Bucket,Dairy,1600000,Hamedan,L,Gold,Winter,3.6,No,Standard,No,No,14,0,Monthly,Female_Minnesota_31,12/19/2023,FALSE,,0,0,0
1789,2816,33,Female,Fresh Bread,Bakery,3350000,Rasht,L,Black,Fall,3.9,No,Free Shipping,No,No,40,0,Every 3 Months,Female_Idaho_33,4/21/2023,FALSE,,0,0,0
1819,2817,43,Female,Milk 1L,Dairy,1400000,Bandar Abbas,M,Black,Spring,3.5,No,Free Shipping,No,No,45,0,Weekly,Female_Maryland_43,4/20/2023,FALSE,,0,0,0
1820,2818,25,Female,Orange Juice,Beverages,3250000,Hamedan,XL,Yellow,Winter,3.4,No,Standard,No,No,6,0,Weekly,Female_South Carolina_25,12/13/2023,FALSE,,0,0,0
1741,2819,46,Female,Rice 10kg,Grocery,3650000,Ahvaz,M,Turquoise,Fall,4.7,No,Next Day Air,No,No,12,0,Annually,Female_California_46,1/14/2023,FALSE,,0,0,0
1821,2820,67,Female,Fresh Bread,Bakery,1350000,Arak,L,Lavender,Spring,3,No,Free Shipping,No,No,19,1,Monthly,Female_Georgia_67,7/14/2023,TRUE,Summer Sale Iran,0,1,0
1822,2821,26,Female,Shampoo,Personal Care,4450000,Tabriz,L,Yellow,Summer,3.9,No,Free Shipping,No,No,5,1,Bi-Weekly,Female_Vermont_26,11/14/2023,FALSE,,0,0,0
1823,2822,35,Female,Cheddar Cheese,Dairy,3600000,Urmia,L,Olive,Summer,4.5,No,Standard,No,No,37,0,Monthly,Female_Georgia_35,8/3/2023,FALSE,,0,0,0
1749,2823,61,Female,Potato Chips,Snacks,1850000,Shiraz,S,Brown,Fall,4.1,No,Standard,No,No,33,0,Quarterly,Female_New Jersey_61,5/19/2023,FALSE,,0,0,0
1824,2824,26,Female,Mineral Water 1.5L,Beverages,3150000,Tehran,M,Olive,Summer,4.5,No,Standard,No,No,47,0,Bi-Weekly,Female_Utah_26,6/7/2023,FALSE,,0,0,0
1825,2825,39,Female,Potato Chips,Snacks,4500000,Tabriz,M,Purple,Fall,4,No,Free Shipping,No,No,49,0,Quarterly,Female_Utah_39,4/25/2023,FALSE,,0,0,0
1826,2826,69,Female,Mineral Water 1.5L,Beverages,3100000,Qom,M,Yellow,Winter,4.3,No,2-Day Shipping,No,No,28,0,Annually,Female_North Carolina_69,9/30/2023,FALSE,,0,0,0
1827,2827,32,Female,Paper Towel Pack,Household,2150000,Sari,L,Brown,Fall,3.6,No,Express,No,No,23,0,Annually,Female_Florida_32,10/25/2023,FALSE,,0,0,0
1828,2828,20,Female,Shampoo,Personal Care,4800000,Sari,M,Magenta,Fall,3.1,No,Next Day Air,No,No,11,0,Bi-Weekly,Female_Wisconsin_20,8/4/2023,FALSE,,0,0,0
1829,2829,25,Female,Fresh Bread,Bakery,4150000,Rasht,L,Lavender,Fall,2.6,No,Standard,No,No,33,0,Quarterly,Female_Tennessee_25,1/25/2023,FALSE,,0,0,0
1830,2830,56,Female,Milk 1L,Dairy,3350000,Qom,XL,Teal,Fall,3.4,No,Next Day Air,No,No,47,1,Weekly,Female_Arizona_56,11/1/2023,FALSE,,0,0,0
1831,2831,63,Female,Toothpaste,Personal Care,4500000,Qom,L,Cyan,Spring,2.9,No,Store Pickup,No,No,13,0,Every 3 Months,Female_Oregon_63,1/24/2023,FALSE,,0,0,0
1832,2832,34,Female,Body Wash,Personal Care,2650000,Sari,L,Pink,Winter,5,No,Express,No,No,4,0,Weekly,Female_Virginia_34,4/25/2023,FALSE,,0,0,0
1833,2833,29,Female,Sunflower Oil,Grocery,1850000,Yazd,M,Magenta,Summer,4.6,No,Standard,No,No,40,0,Quarterly,Female_Maryland_29,5/4/2023,FALSE,,0,0,0
1834,2834,43,Female,Dishwashing Liquid,Household,2800000,Isfahan,M,Teal,Fall,3.3,No,Free Shipping,No,No,19,1,Monthly,Female_Arkansas_43,2/4/2023,FALSE,,0,0,0
1835,2835,39,Female,Sunflower Oil,Grocery,2150000,Shiraz,M,Indigo,Fall,2.9,No,2-Day Shipping,No,No,17,0,Weekly,Female_Texas_39,12/10/2023,FALSE,,0,0,0
1836,2836,33,Female,Rice 10kg,Grocery,4200000,Bandar Abbas,S,Pink,Winter,4.9,No,Free Shipping,No,No,7,0,Annually,Female_Vermont_33,8/31/2023,FALSE,,0,0,0
1837,2837,51,Female,Baguette,Bakery,2500000,Arak,M,Charcoal,Winter,5,No,2-Day Shipping,No,No,21,1,Bi-Weekly,Female_Wyoming_51,5/1/2023,FALSE,,0,0,0
1838,2838,65,Female,Frozen Chicken,Frozen,4400000,Bandar Abbas,M,Brown,Summer,4.5,No,Express,No,No,44,0,Weekly,Female_Alabama_65,12/28/2023,FALSE,,0,0,0
1839,2839,51,Female,Frozen Chicken,Frozen,2500000,Bandar Abbas,M,Blue,Fall,3.7,No,Free Shipping,No,No,2,0,Weekly,Female_Maine_51,10/7/2023,FALSE,,0,0,0
1840,2840,70,Female,Frozen Chicken,Frozen,4000000,Mashhad,L,Teal,Summer,2.8,No,Store Pickup,No,No,30,0,Monthly,Female_South Dakota_70,1/8/2023,FALSE,,0,0,0
1841,2841,40,Female,Toothpaste,Personal Care,2350000,Urmia,L,Pink,Spring,3.5,No,Store Pickup,No,No,41,1,Annually,Female_West Virginia_40,8/29/2023,FALSE,,0,0,0
1842,2842,19,Female,Potato Chips,Snacks,1650000,Bandar Abbas,XL,Magenta,Winter,3,No,2-Day Shipping,No,No,31,1,Weekly,Female_Ohio_19,7/5/2023,FALSE,,0,0,0
1843,2843,28,Female,Dishwashing Liquid,Household,5000000,Arak,L,Green,Fall,4.3,No,Standard,No,No,48,0,Quarterly,Female_Arizona_28,12/1/2023,FALSE,,0,0,0
1844,2844,51,Female,Shampoo,Personal Care,1300000,Kermanshah,M,White,Summer,3.6,No,Store Pickup,No,No,41,0,Weekly,Female_Ohio_51,7/11/2023,TRUE,Summer Sale Iran,0,1,1
1845,2845,32,Female,Sugar 1kg,Grocery,3950000,Kerman,M,Indigo,Summer,4.4,No,Standard,No,No,42,0,Annually,Female_New Mexico_32,6/13/2023,FALSE,,0,0,0
1846,2846,26,Female,Pasta Pack,Grocery,3850000,Ahvaz,L,Lavender,Summer,4.1,No,Express,No,No,39,0,Every 3 Months,Female_South Dakota_26,5/19/2023,FALSE,,0,0,0
1847,2847,50,Female,Orange Juice,Beverages,1800000,Kerman,XL,Black,Fall,2.8,No,Next Day Air,No,No,15,0,Bi-Weekly,Female_Oklahoma_50,3/3/2023,FALSE,,0,0,0
1848,2848,68,Female,Potato Chips,Snacks,1050000,Karaj,L,Charcoal,Winter,2.8,No,Free Shipping,No,No,3,0,Every 3 Months,Female_Connecticut_68,4/28/2023,FALSE,,0,0,0
1849,2849,33,Female,Fresh Bread,Bakery,3600000,Sari,L,Gray,Fall,4.9,No,Store Pickup,No,No,28,0,Quarterly,Female_Wisconsin_33,5/4/2023,FALSE,,0,0,0
1850,2850,56,Female,Dishwashing Liquid,Household,1250000,Yazd,M,Gold,Spring,4.1,No,Express,No,No,27,0,Bi-Weekly,Female_New Hampshire_56,3/3/2023,FALSE,,0,0,0
1851,2851,57,Female,Chocolate Bar,Snacks,3950000,Tehran,M,Silver,Spring,3,No,Store Pickup,No,No,36,0,Annually,Female_Nebraska_57,8/12/2023,FALSE,,0,0,0
1852,2852,58,Female,Baguette,Bakery,3650000,Sari,L,Teal,Summer,3,No,Store Pickup,No,No,42,0,Monthly,Female_Nevada_58,1/28/2023,FALSE,,0,0,0
1853,2853,40,Female,Orange Juice,Beverages,3550000,Tehran,M,Magenta,Spring,3,No,Store Pickup,No,No,30,0,Weekly,Female_New York_40,4/25/2023,FALSE,,0,0,0
1854,2854,37,Female,Sugar 1kg,Grocery,2400000,Mashhad,M,Magenta,Winter,3.2,No,Next Day Air,No,No,9,0,Weekly,Female_Pennsylvania_37,5/24/2023,FALSE,,0,0,0
1855,2855,36,Female,Frozen Pizza,Frozen,1400000,Bandar Abbas,M,Beige,Fall,2.7,No,Store Pickup,No,No,25,0,Monthly,Female_Delaware_36,9/1/2023,FALSE,,0,0,0
1856,2856,29,Female,Dishwashing Liquid,Household,4750000,Tehran,S,Maroon,Winter,3.8,No,2-Day Shipping,No,No,33,0,Quarterly,Female_Mississippi_29,10/14/2023,FALSE,,0,0,0
1857,2857,65,Female,Dishwashing Liquid,Household,2400000,Bandar Abbas,M,Indigo,Winter,3.5,No,2-Day Shipping,No,No,31,0,Monthly,Female_Iowa_65,9/4/2023,FALSE,,0,0,0
1858,2858,44,Female,Milk 1L,Dairy,4650000,Mashhad,S,Maroon,Spring,3.8,No,Next Day Air,No,No,35,0,Monthly,Female_Utah_44,10/8/2023,FALSE,,0,0,0
1859,2859,34,Female,Potato Chips,Snacks,4350000,Arak,L,Teal,Summer,3.8,No,2-Day Shipping,No,No,46,0,Monthly,Female_Maryland_34,1/7/2023,FALSE,,0,0,0
1860,2860,31,Female,Potato Chips,Snacks,1600000,Arak,L,Yellow,Fall,3.4,No,Express,No,No,29,0,Annually,Female_Utah_31,2/21/2023,FALSE,,0,0,0
1861,2861,28,Female,Milk 1L,Dairy,1900000,Sari,M,Gold,Spring,2.9,No,Next Day Air,No,No,49,0,Weekly,Female_Rhode Island_28,1/6/2023,FALSE,,0,0,0
1862,2862,66,Female,Frozen Pizza,Frozen,2700000,Karaj,M,Teal,Fall,3.4,No,Free Shipping,No,No,27,0,Monthly,Female_Maryland_66,10/17/2023,FALSE,,0,0,0
1863,2863,68,Female,Milk 1L,Dairy,3750000,Shiraz,S,Violet,Summer,4.7,No,Store Pickup,No,No,5,0,Every 3 Months,Female_Hawaii_68,3/12/2023,FALSE,,0,0,0
1864,2864,37,Female,Sugar 1kg,Grocery,2800000,Tehran,M,Yellow,Fall,3.9,No,2-Day Shipping,No,No,18,0,Monthly,Female_Connecticut_37,11/20/2023,TRUE,Yalda Festival,1,1,0
1865,2865,58,Female,Frozen Chicken,Frozen,2150000,Hamedan,S,Maroon,Fall,3.6,No,Store Pickup,No,No,31,0,Weekly,Female_Illinois_58,9/11/2023,FALSE,,0,0,0
1866,2866,28,Female,Potato Chips,Snacks,4850000,Karaj,M,Silver,Fall,3.7,No,Free Shipping,No,No,27,1,Fortnightly,Female_California_28,7/2/2023,FALSE,,0,0,0
1867,2867,54,Female,Dishwashing Liquid,Household,3750000,Tehran,S,Violet,Summer,3.1,No,Free Shipping,No,No,19,1,Annually,Female_Connecticut_54,11/10/2023,FALSE,,0,0,0
1868,2868,21,Female,Laundry Detergent,Household,2750000,Shiraz,L,White,Summer,4.9,No,Next Day Air,No,No,33,1,Fortnightly,Female_Colorado_21,3/26/2023,TRUE,Festival Norooz,0,1,0
1869,2869,45,Female,Chocolate Bar,Snacks,2450000,Mashhad,M,Black,Winter,2.6,No,Next Day Air,No,No,42,0,Every 3 Months,Female_Colorado_45,5/28/2023,FALSE,,0,0,0
1870,2870,57,Female,Laundry Detergent,Household,2900000,Qazvin,M,White,Summer,4.2,No,Standard,No,No,16,0,Weekly,Female_Georgia_57,5/15/2023,FALSE,,0,0,0
1871,2871,47,Female,Mixed Nuts,Snacks,1700000,Qom,M,Blue,Winter,4.8,No,Free Shipping,No,No,49,0,Every 3 Months,Female_North Dakota_47,12/5/2023,FALSE,,0,0,0
1807,2872,46,Female,Shampoo,Personal Care,2150000,Rasht,S,Black,Summer,2.7,No,2-Day Shipping,No,No,40,0,Bi-Weekly,Female_Idaho_46,5/17/2023,FALSE,,0,0,0
1872,2873,63,Female,Paper Towel Pack,Household,2400000,Qom,L,Olive,Fall,2.6,No,Next Day Air,No,No,5,1,Annually,Female_Connecticut_63,11/15/2023,FALSE,,0,0,0
1742,2874,44,Female,Laundry Detergent,Household,2000000,Kerman,M,Teal,Spring,2.6,No,Free Shipping,No,No,8,0,Monthly,Female_Montana_44,1/27/2023,FALSE,,0,0,0
1873,2875,36,Female,Body Wash,Personal Care,1450000,Mashhad,L,Silver,Summer,3.1,No,Standard,No,No,2,0,Annually,Female_Colorado_36,6/6/2023,FALSE,,0,0,0
1874,2876,24,Female,Paper Towel Pack,Household,4050000,Yazd,M,Pink,Fall,2.6,No,Free Shipping,No,No,14,0,Weekly,Female_Kentucky_24,1/1/2023,FALSE,,0,0,0
1875,2877,65,Female,Frozen Pizza,Frozen,4200000,Arak,M,Charcoal,Spring,3.4,No,2-Day Shipping,No,No,5,0,Fortnightly,Female_New Mexico_65,9/29/2023,FALSE,,0,0,0
1876,2878,32,Female,Mineral Water 1.5L,Beverages,2300000,Kerman,M,Silver,Summer,3.6,No,Standard,No,No,34,0,Monthly,Female_New Jersey_32,2/6/2023,FALSE,,0,0,0
1877,2879,63,Female,Cola 1.5L,Beverages,4300000,Sari,L,Turquoise,Summer,4.3,No,Next Day Air,No,No,13,0,Annually,Female_California_63,3/20/2023,TRUE,Festival Norooz,0,1,0
1878,2880,62,Female,Sugar 1kg,Grocery,2850000,Yazd,XL,Turquoise,Winter,4.9,No,Free Shipping,No,No,31,0,Annually,Female_North Dakota_62,9/14/2023,FALSE,,0,0,0
1879,2881,19,Female,Shampoo,Personal Care,3050000,Qom,L,Beige,Winter,4.8,No,Store Pickup,No,No,43,0,Quarterly,Female_Florida_19,8/13/2023,FALSE,,0,0,0
1880,2882,38,Female,Frozen Chicken,Frozen,4500000,Sari,M,Cyan,Winter,4.2,No,Free Shipping,No,No,6,0,Annually,Female_Texas_38,2/22/2023,FALSE,,0,0,0
1881,2883,59,Female,Baguette,Bakery,2550000,Rasht,L,Gold,Winter,2.6,No,Store Pickup,No,No,23,0,Bi-Weekly,Female_Oklahoma_59,4/10/2023,FALSE,,0,0,0
1882,2884,22,Female,Orange Juice,Beverages,2400000,Ahvaz,XL,Silver,Spring,3.2,No,Standard,No,No,10,0,Weekly,Female_Rhode Island_22,10/7/2023,FALSE,,0,0,0
1883,2885,55,Female,Mineral Water 1.5L,Beverages,2500000,Tehran,M,Purple,Summer,3.4,No,2-Day Shipping,No,No,47,0,Every 3 Months,Female_Arkansas_55,2/15/2023,FALSE,,0,0,0
1884,2886,29,Female,Milk 1L,Dairy,4100000,Yazd,M,Yellow,Summer,3.5,No,Next Day Air,No,No,14,0,Bi-Weekly,Female_Nevada_29,5/7/2023,FALSE,,0,0,0
1885,2887,42,Female,Potato Chips,Snacks,1650000,Mashhad,L,Blue,Spring,4.2,No,Free Shipping,No,No,29,0,Weekly,Female_Utah_42,3/21/2023,TRUE,Festival Norooz,0,1,0
1886,2888,23,Female,Body Wash,Personal Care,1400000,Urmia,L,Blue,Winter,2.8,No,Express,No,No,12,1,Bi-Weekly,Female_Kentucky_23,2/10/2023,FALSE,,0,0,0
1887,2889,70,Female,Chocolate Bar,Snacks,2100000,Yazd,L,Green,Spring,5,No,2-Day Shipping,No,No,25,0,Quarterly,Female_Wisconsin_70,4/17/2023,FALSE,,0,0,0
1888,2890,64,Female,Tea Box,Grocery,2150000,Qazvin,M,Charcoal,Fall,3.3,No,Store Pickup,No,No,21,0,Annually,Female_Minnesota_64,10/26/2023,FALSE,,0,0,0
1889,2891,39,Female,Frozen Pizza,Frozen,2750000,Kerman,M,Violet,Winter,3.7,No,Free Shipping,No,No,23,0,Monthly,Female_North Dakota_39,4/17/2023,FALSE,,0,0,0
1890,2892,47,Female,Pasta Pack,Grocery,3650000,Kermanshah,XL,Black,Winter,2.5,No,Free Shipping,No,No,10,0,Monthly,Female_Ohio_47,12/10/2023,FALSE,,0,0,0
1891,2893,22,Female,Body Wash,Personal Care,1950000,Isfahan,M,Teal,Spring,3.2,No,Standard,No,No,47,0,Monthly,Female_Nevada_22,12/12/2023,FALSE,,0,0,0
1892,2894,69,Female,Body Wash,Personal Care,1000000,Hamedan,S,Orange,Spring,3.1,No,Free Shipping,No,No,44,0,Every 3 Months,Female_Kentucky_69,12/27/2023,FALSE,,0,0,0
1893,2895,35,Female,Frozen Pizza,Frozen,1600000,Yazd,S,Brown,Spring,3.5,No,Standard,No,No,41,0,Annually,Female_Kentucky_35,12/15/2023,FALSE,,0,0,0
1894,2896,56,Female,Shampoo,Personal Care,4300000,Qazvin,L,Green,Summer,4.6,No,Standard,No,No,29,0,Monthly,Female_Montana_56,12/10/2023,FALSE,,0,0,0
1895,2897,30,Female,Yogurt Bucket,Dairy,4550000,Kerman,M,Silver,Summer,3.3,No,Free Shipping,No,No,2,0,Every 3 Months,Female_Delaware_30,2/21/2023,FALSE,,0,0,0
1896,2898,43,Female,Toothpaste,Personal Care,2950000,Mashhad,L,Violet,Fall,2.5,No,Free Shipping,No,No,2,1,Fortnightly,Female_Montana_43,11/11/2023,FALSE,,0,0,0
1897,2899,23,Female,Mineral Water 1.5L,Beverages,1650000,Kermanshah,XL,Peach,Summer,4.6,No,Express,No,No,29,0,Annually,Female_New Jersey_23,10/3/2023,FALSE,,0,0,0
1775,2900,50,Female,Milk 1L,Dairy,3200000,Bandar Abbas,M,Gold,Spring,4.2,No,2-Day Shipping,No,No,22,0,Fortnightly,Female_Nebraska_50,2/5/2023,FALSE,,0,0,0
1898,2901,41,Female,Tea Box,Grocery,3350000,Tabriz,XL,Violet,Winter,4,No,Standard,No,No,23,1,Bi-Weekly,Female_Maryland_41,7/10/2023,TRUE,Summer Sale Iran,0,1,0
1899,2902,41,Female,Yogurt Bucket,Dairy,2150000,Shiraz,L,Olive,Winter,2.6,No,Free Shipping,No,No,46,0,Quarterly,Female_Alabama_41,10/12/2023,FALSE,,0,0,0
1900,2903,27,Female,Baguette,Bakery,1600000,Hamedan,S,Orange,Spring,4.6,No,Standard,No,No,19,0,Bi-Weekly,Female_North Carolina_27,1/25/2023,FALSE,,0,0,0
1901,2904,38,Female,Mineral Water 1.5L,Beverages,1950000,Kerman,S,Teal,Spring,3.5,No,2-Day Shipping,No,No,24,0,Every 3 Months,Female_Delaware_38,5/6/2023,FALSE,,0,0,0
1902,2905,41,Female,Cola 1.5L,Beverages,2050000,Karaj,M,Gray,Spring,4,No,2-Day Shipping,No,No,43,0,Monthly,Female_Iowa_41,4/10/2023,FALSE,,0,0,0
1903,2906,58,Female,Rice 10kg,Grocery,2650000,Mashhad,L,Black,Winter,4.8,No,Standard,No,No,14,0,Fortnightly,Female_New York_58,7/23/2023,FALSE,,0,0,0
1904,2907,58,Female,Potato Chips,Snacks,1350000,Rasht,M,Indigo,Spring,3.9,No,Standard,No,No,7,0,Annually,Female_Virginia_58,11/27/2023,TRUE,Yalda Festival,0,1,0
1905,2908,19,Female,Toothpaste,Personal Care,4100000,Bandar Abbas,XL,Lavender,Summer,3.7,No,Next Day Air,No,No,50,0,Bi-Weekly,Female_Maryland_19,1/16/2023,FALSE,,0,0,0
1906,2909,43,Female,Potato Chips,Snacks,4350000,Bandar Abbas,M,Beige,Winter,3.1,No,Store Pickup,No,No,15,0,Every 3 Months,Female_Texas_43,1/14/2023,FALSE,,0,0,0
1907,2910,27,Female,Tea Box,Grocery,3900000,Kermanshah,M,Indigo,Winter,3,No,Next Day Air,No,No,40,0,Every 3 Months,Female_Louisiana_27,1/18/2023,FALSE,,0,0,0
1908,2911,32,Female,Frozen Pizza,Frozen,1600000,Sari,M,Blue,Summer,2.9,No,Store Pickup,No,No,41,0,Monthly,Female_Mississippi_32,8/20/2023,FALSE,,0,0,0
1909,2912,28,Female,Body Wash,Personal Care,1900000,Mashhad,XL,Orange,Fall,2.9,No,Next Day Air,No,No,34,0,Quarterly,Female_Ohio_28,1/22/2023,FALSE,,0,0,0
1910,2913,48,Female,Sugar 1kg,Grocery,1850000,Kermanshah,M,Yellow,Winter,4,No,Standard,No,No,27,1,Bi-Weekly,Female_Oregon_48,4/5/2023,FALSE,,0,0,0
1911,2914,43,Female,Cheddar Cheese,Dairy,4150000,Qazvin,L,Cyan,Winter,3.5,No,Express,No,No,12,1,Every 3 Months,Female_Wyoming_43,7/17/2023,TRUE,Summer Sale Iran,0,1,0
1912,2915,45,Female,Paper Towel Pack,Household,3600000,Kermanshah,M,Yellow,Fall,3.8,No,Express,No,No,1,0,Bi-Weekly,Female_Pennsylvania_45,1/30/2023,FALSE,,0,0,0
1913,2916,26,Female,Frozen Chicken,Frozen,1500000,Rasht,M,Cyan,Fall,4.5,No,Express,No,No,39,0,Bi-Weekly,Female_Oregon_26,7/9/2023,FALSE,,0,0,0
1914,2917,62,Female,Pasta Pack,Grocery,3300000,Arak,M,Green,Winter,2.7,No,Express,No,No,13,0,Bi-Weekly,Female_Oklahoma_62,11/30/2023,TRUE,Yalda Festival,0,1,1
1915,2918,58,Female,Milk 1L,Dairy,2250000,Ahvaz,XL,White,Winter,2.9,No,Store Pickup,No,No,50,0,Annually,Female_Colorado_58,8/15/2023,FALSE,,0,0,0
1916,2919,19,Female,Paper Towel Pack,Household,3650000,Isfahan,S,Black,Fall,4.9,No,Free Shipping,No,No,36,1,Weekly,Female_New York_19,3/23/2023,TRUE,Festival Norooz,0,1,1
1888,2920,64,Female,Tea Box,Grocery,3350000,Tehran,L,Charcoal,Winter,3.8,No,Standard,No,No,31,0,Monthly,Female_Minnesota_64,10/15/2023,FALSE,,0,0,0
1917,2921,33,Female,Body Wash,Personal Care,3600000,Kermanshah,XL,Brown,Spring,4.9,No,Free Shipping,No,No,3,0,Bi-Weekly,Female_Texas_33,7/15/2023,TRUE,Summer Sale Iran,0,1,0
1828,2922,20,Female,Milk 1L,Dairy,1200000,Kerman,M,Cyan,Fall,4.6,No,Standard,No,No,11,1,Fortnightly,Female_Wisconsin_20,2/27/2023,FALSE,,0,0,0
1918,2923,45,Female,Mixed Nuts,Snacks,3400000,Qazvin,L,Beige,Winter,3.5,No,Express,No,No,16,0,Quarterly,Female_Kentucky_45,10/14/2023,FALSE,,0,0,0
1919,2924,28,Female,Rice 10kg,Grocery,3500000,Tabriz,M,Magenta,Spring,4.2,No,2-Day Shipping,No,No,12,1,Quarterly,Female_Pennsylvania_28,12/27/2023,FALSE,,0,0,0
1920,2925,47,Female,Toothpaste,Personal Care,3200000,Qom,L,Indigo,Winter,3.7,No,Free Shipping,No,No,37,0,Every 3 Months,Female_Rhode Island_47,5/11/2023,FALSE,,0,0,0
1921,2926,54,Female,Sunflower Oil,Grocery,4550000,Arak,M,Maroon,Spring,2.8,No,Store Pickup,No,No,43,0,Every 3 Months,Female_Illinois_54,9/13/2023,FALSE,,0,0,0
1922,2927,64,Female,Tea Box,Grocery,4100000,Ahvaz,M,Gray,Winter,4.8,No,2-Day Shipping,No,No,9,1,Weekly,Female_Maryland_64,7/22/2023,FALSE,,0,0,0
1923,2928,45,Female,Orange Juice,Beverages,1200000,Tehran,M,Black,Summer,2.7,No,Express,No,No,15,0,Bi-Weekly,Female_Missouri_45,3/12/2023,FALSE,,0,0,0
1924,2929,40,Female,Shampoo,Personal Care,4000000,Qom,L,Yellow,Spring,3.6,No,Store Pickup,No,No,17,0,Weekly,Female_Alabama_40,5/1/2023,FALSE,,0,0,0
1925,2930,31,Female,Mineral Water 1.5L,Beverages,2650000,Arak,XL,White,Winter,4.5,No,Next Day Air,No,No,42,0,Fortnightly,Female_Maine_31,12/22/2023,FALSE,,0,0,0
1926,2931,38,Female,Chocolate Bar,Snacks,2500000,Qazvin,M,Orange,Spring,4,No,Free Shipping,No,No,14,0,Monthly,Female_Mississippi_38,9/9/2023,FALSE,,0,0,0
1927,2932,36,Female,Potato Chips,Snacks,1550000,Yazd,M,Magenta,Fall,4.5,No,2-Day Shipping,No,No,49,0,Bi-Weekly,Female_Alabama_36,12/28/2023,FALSE,,0,0,0
1928,2933,65,Female,Baguette,Bakery,4400000,Urmia,L,Black,Spring,3.9,No,Express,No,No,3,0,Quarterly,Female_Alaska_65,4/15/2023,FALSE,,0,0,0
1929,2934,27,Female,Milk 1L,Dairy,2600000,Yazd,M,Brown,Summer,3.8,No,Standard,No,No,28,0,Monthly,Female_Illinois_27,3/16/2023,FALSE,,0,0,0
1930,2935,38,Female,Yogurt Bucket,Dairy,1100000,Urmia,M,Orange,Fall,4.7,No,Next Day Air,No,No,41,0,Quarterly,Female_Idaho_38,9/7/2023,FALSE,,0,0,0
1931,2936,58,Female,Sunflower Oil,Grocery,1350000,Rasht,XL,Gray,Spring,4.6,No,Standard,No,No,11,0,Weekly,Female_North Carolina_58,1/18/2023,FALSE,,0,0,0
1932,2937,31,Female,Sugar 1kg,Grocery,1700000,Urmia,M,White,Spring,3.6,No,Express,No,No,46,0,Weekly,Female_Washington_31,8/11/2023,FALSE,,0,0,0
1768,2938,28,Female,Sunflower Oil,Grocery,1950000,Karaj,M,White,Spring,4.3,No,2-Day Shipping,No,No,15,0,Weekly,Female_West Virginia_28,6/29/2023,FALSE,,0,0,0
1933,2939,28,Female,Dishwashing Liquid,Household,2650000,Sari,M,Violet,Fall,3,No,Standard,No,No,15,1,Monthly,Female_Maine_28,7/21/2023,FALSE,,0,0,0
1934,2940,32,Female,Rice 10kg,Grocery,2300000,Bandar Abbas,M,Beige,Winter,4.3,No,Express,No,No,34,0,Weekly,Female_Kentucky_32,1/25/2023,FALSE,,0,0,0
1935,2941,61,Female,Dishwashing Liquid,Household,4250000,Tabriz,L,Beige,Summer,4.8,No,Next Day Air,No,No,13,1,Monthly,Female_Massachusetts_61,8/22/2023,FALSE,,0,0,0
1936,2942,38,Female,Mixed Nuts,Snacks,4300000,Hamedan,L,Purple,Spring,3.7,No,Free Shipping,No,No,27,0,Monthly,Female_Pennsylvania_38,5/20/2023,FALSE,,0,0,0
1937,2943,54,Female,Toothpaste,Personal Care,3150000,Tehran,M,Brown,Summer,2.6,No,Free Shipping,No,No,37,0,Weekly,Female_Hawaii_54,12/11/2023,FALSE,,0,0,0
1938,2944,29,Female,Shampoo,Personal Care,2200000,Kermanshah,M,Orange,Spring,3.4,No,Standard,No,No,37,0,Monthly,Female_Virginia_29,3/15/2023,FALSE,,0,0,0
1939,2945,50,Female,Paper Towel Pack,Household,4750000,Tehran,XL,Cyan,Summer,3.9,No,Free Shipping,No,No,4,0,Every 3 Months,Female_New York_50,1/8/2023,FALSE,,0,0,0
1940,2946,32,Female,Dishwashing Liquid,Household,2450000,Kerman,M,Charcoal,Summer,4.8,No,Free Shipping,No,No,1,0,Every 3 Months,Female_Delaware_32,5/10/2023,FALSE,,0,0,0
1941,2947,38,Female,Pasta Pack,Grocery,3850000,Mashhad,L,Purple,Spring,2.8,No,Free Shipping,No,No,29,0,Quarterly,Female_Hawaii_38,8/21/2023,FALSE,,0,0,0
1942,2948,52,Female,Milk 1L,Dairy,3150000,Bandar Abbas,L,Peach,Spring,4.4,No,Standard,No,No,50,0,Annually,Female_Nebraska_52,4/17/2023,FALSE,,0,0,0
1943,2949,61,Female,Fresh Bread,Bakery,4150000,Shiraz,M,Violet,Winter,3.1,No,Standard,No,No,38,0,Bi-Weekly,Female_Vermont_61,9/21/2023,FALSE,,0,0,0
1944,2950,25,Female,Frozen Pizza,Frozen,4650000,Yazd,M,Peach,Spring,3.8,No,Store Pickup,No,No,15,0,Annually,Female_Iowa_25,2/14/2023,FALSE,,0,0,0
1945,2951,22,Female,Chocolate Bar,Snacks,4550000,Yazd,S,Maroon,Winter,4.1,No,2-Day Shipping,No,No,44,0,Every 3 Months,Female_Iowa_22,7/13/2023,TRUE,Summer Sale Iran,1,1,1
1946,2952,47,Female,Dishwashing Liquid,Household,4950000,Kerman,L,Maroon,Fall,4.6,No,Free Shipping,No,No,14,1,Weekly,Female_Arkansas_47,4/24/2023,FALSE,,0,0,0
1947,2953,50,Female,Cheddar Cheese,Dairy,1200000,Kermanshah,M,Peach,Spring,4.9,No,Next Day Air,No,No,5,0,Monthly,Female_Alabama_50,11/10/2023,FALSE,,0,0,0
1948,2954,45,Female,Body Wash,Personal Care,4100000,Rasht,M,Silver,Summer,4.8,No,Next Day Air,No,No,11,0,Annually,Female_Maryland_45,8/10/2023,FALSE,,0,0,0
1949,2955,33,Female,Mineral Water 1.5L,Beverages,1400000,Qom,M,Indigo,Winter,3.9,No,Express,No,No,15,0,Annually,Female_South Dakota_33,3/2/2023,FALSE,,0,0,0
1950,2956,42,Female,Shampoo,Personal Care,3350000,Shiraz,M,Silver,Winter,2.6,No,Free Shipping,No,No,46,0,Annually,Female_Vermont_42,5/2/2023,FALSE,,0,0,0
1951,2957,52,Female,Sunflower Oil,Grocery,4400000,Kerman,M,Olive,Fall,3.7,No,Standard,No,No,30,0,Monthly,Female_Montana_52,10/28/2023,FALSE,,0,0,0
1952,2958,69,Female,Yogurt Bucket,Dairy,3500000,Karaj,S,Gray,Fall,4.7,No,Standard,No,No,2,1,Annually,Female_South Dakota_69,9/14/2023,FALSE,,0,0,0
1953,2959,55,Female,Rice 10kg,Grocery,5000000,Bandar Abbas,M,Black,Summer,4.5,No,Standard,No,No,28,0,Monthly,Female_Ohio_55,2/23/2023,FALSE,,0,0,0
1880,2960,38,Female,Dishwashing Liquid,Household,1400000,Tabriz,L,Maroon,Summer,4.7,No,Free Shipping,No,No,9,0,Quarterly,Female_Texas_38,11/23/2023,TRUE,Yalda Festival,1,1,0
1954,2961,57,Female,Pasta Pack,Grocery,2400000,Tehran,S,Olive,Spring,3.6,No,Standard,No,No,47,0,Weekly,Female_Indiana_57,4/25/2023,FALSE,,0,0,0
1955,2962,33,Female,Body Wash,Personal Care,2150000,Tabriz,S,Gold,Fall,2.8,No,Free Shipping,No,No,21,0,Bi-Weekly,Female_New Hampshire_33,8/23/2023,FALSE,,0,0,0
1956,2963,57,Female,Mixed Nuts,Snacks,2000000,Tabriz,L,Pink,Fall,4,No,Express,No,No,42,0,Every 3 Months,Female_California_57,8/23/2023,FALSE,,0,0,0
1957,2964,52,Female,Paper Towel Pack,Household,4850000,Rasht,M,Brown,Spring,3.6,No,Free Shipping,No,No,28,0,Weekly,Female_Maine_52,5/28/2023,FALSE,,0,0,0
1958,2965,44,Female,Yogurt Bucket,Dairy,1250000,Kerman,S,White,Fall,3.8,No,2-Day Shipping,No,No,13,0,Fortnightly,Female_Ohio_44,9/21/2023,FALSE,,0,0,0
1959,2966,48,Female,Milk 1L,Dairy,2250000,Tabriz,M,Blue,Summer,4.4,No,Standard,No,No,25,0,Fortnightly,Female_Delaware_48,6/5/2023,FALSE,,0,0,0
1960,2967,52,Female,Milk 1L,Dairy,2450000,Rasht,L,Orange,Fall,2.8,No,Store Pickup,No,No,38,0,Every 3 Months,Female_Oklahoma_52,6/22/2023,FALSE,,0,0,0
1961,2968,34,Female,Frozen Pizza,Frozen,1800000,Bandar Abbas,L,Silver,Summer,3.4,No,Free Shipping,No,No,40,0,Annually,Female_Indiana_34,5/8/2023,FALSE,,0,0,0
1962,2969,26,Female,Potato Chips,Snacks,2400000,Qom,S,Gray,Fall,4.9,No,Express,No,No,25,1,Every 3 Months,Female_South Carolina_26,8/24/2023,FALSE,,0,0,0
1963,2970,36,Female,Fresh Bread,Bakery,3100000,Arak,S,Blue,Fall,4.3,No,Next Day Air,No,No,20,1,Every 3 Months,Female_Vermont_36,1/12/2023,FALSE,,0,0,0
1964,2971,24,Female,Chocolate Bar,Snacks,3700000,Hamedan,M,White,Winter,3.4,No,Free Shipping,No,No,44,0,Bi-Weekly,Female_Kansas_24,11/16/2023,FALSE,,0,0,0
1965,2972,30,Female,Milk 1L,Dairy,5000000,Kerman,L,Yellow,Fall,3.9,No,Next Day Air,No,No,9,0,Every 3 Months,Female_Utah_30,12/11/2023,FALSE,,0,0,0
1966,2973,31,Female,Sugar 1kg,Grocery,1950000,Rasht,S,Indigo,Fall,4.2,No,Free Shipping,No,No,11,0,Every 3 Months,Female_New York_31,5/11/2023,FALSE,,0,0,0
1967,2974,25,Female,Shampoo,Personal Care,3250000,Sari,M,Blue,Summer,2.7,No,Store Pickup,No,No,3,0,Fortnightly,Female_Indiana_25,11/29/2023,TRUE,Yalda Festival,0,1,0
1968,2975,57,Female,Cheddar Cheese,Dairy,4950000,Tehran,XL,Peach,Summer,4.1,No,Store Pickup,No,No,34,0,Weekly,Female_Tennessee_57,9/8/2023,FALSE,,0,0,0
1969,2976,61,Female,Rice 10kg,Grocery,3400000,Kerman,XL,Lavender,Winter,4.5,No,2-Day Shipping,No,No,48,1,Every 3 Months,Female_Georgia_61,12/14/2023,FALSE,,0,0,0
1717,2977,30,Female,Body Wash,Personal Care,4850000,Ahvaz,M,Silver,Summer,2.8,No,Express,No,No,28,1,Fortnightly,Female_Nebraska_30,12/17/2023,FALSE,,0,0,0
1970,2978,38,Female,Toothpaste,Personal Care,2350000,Arak,L,Gold,Winter,3.4,No,Standard,No,No,20,0,Annually,Female_Washington_38,12/9/2023,FALSE,,0,0,0
1971,2979,53,Female,Yogurt Bucket,Dairy,2800000,Rasht,S,Cyan,Spring,3.9,No,Free Shipping,No,No,49,0,Fortnightly,Female_Idaho_53,1/20/2023,FALSE,,0,0,0
1972,2980,31,Female,Frozen Chicken,Frozen,4550000,Ahvaz,L,Olive,Fall,2.6,No,Next Day Air,No,No,14,0,Weekly,Female_Louisiana_31,12/16/2023,FALSE,,0,0,0
1973,2981,70,Female,Yogurt Bucket,Dairy,4650000,Ahvaz,L,Teal,Fall,4.4,No,2-Day Shipping,No,No,9,0,Monthly,Female_New Jersey_70,3/12/2023,FALSE,,0,0,0
1738,2982,21,Female,Yogurt Bucket,Dairy,1800000,Hamedan,L,Pink,Winter,4.9,No,Standard,No,No,37,0,Annually,Female_Delaware_21,3/29/2023,TRUE,Festival Norooz,0,1,1
1849,2983,33,Female,Shampoo,Personal Care,2250000,Qazvin,M,Orange,Summer,3.6,No,Store Pickup,No,No,4,0,Weekly,Female_Wisconsin_33,11/30/2023,TRUE,Yalda Festival,1,1,0
1974,2984,60,Female,Mineral Water 1.5L,Beverages,2200000,Hamedan,M,Charcoal,Winter,2.8,No,2-Day Shipping,No,No,1,0,Quarterly,Female_West Virginia_60,12/22/2023,FALSE,,0,0,0
1975,2985,45,Female,Laundry Detergent,Household,1600000,Rasht,L,Red,Spring,4.3,No,2-Day Shipping,No,No,36,0,Bi-Weekly,Female_Texas_45,8/29/2023,FALSE,,0,0,0
1976,2986,46,Female,Frozen Chicken,Frozen,1800000,Kermanshah,S,Teal,Summer,3,No,Express,No,No,21,1,Bi-Weekly,Female_Hawaii_46,3/22/2023,TRUE,Festival Norooz,0,1,0
1977,2987,62,Female,Pasta Pack,Grocery,4250000,Qom,S,Silver,Summer,3.3,No,2-Day Shipping,No,No,16,0,Monthly,Female_Arizona_62,9/5/2023,FALSE,,0,0,0
1978,2988,63,Female,Potato Chips,Snacks,1800000,Sari,L,Black,Winter,2.5,No,Store Pickup,No,No,42,1,Monthly,Female_Louisiana_63,9/25/2023,FALSE,,0,0,0
1979,2989,69,Female,Cola 1.5L,Beverages,2750000,Tabriz,S,Pink,Spring,5,No,2-Day Shipping,No,No,31,0,Monthly,Female_Nevada_69,7/1/2023,FALSE,,0,0,0
1980,2990,46,Female,Mixed Nuts,Snacks,1000000,Sari,XL,Teal,Summer,4.3,No,2-Day Shipping,No,No,6,0,Weekly,Female_Rhode Island_46,4/16/2023,FALSE,,0,0,0
1981,2991,69,Female,Body Wash,Personal Care,4550000,Tabriz,M,Teal,Fall,4.2,No,Free Shipping,No,No,24,0,Monthly,Female_Illinois_69,8/8/2023,FALSE,,0,0,0
1982,2992,66,Female,Body Wash,Personal Care,3550000,Mashhad,L,Green,Summer,3.9,No,Standard,No,No,7,0,Bi-Weekly,Female_Utah_66,9/27/2023,FALSE,,0,0,0
1983,2993,41,Female,Yogurt Bucket,Dairy,3200000,Karaj,M,Charcoal,Spring,3.9,No,Store Pickup,No,No,25,0,Weekly,Female_North Dakota_41,7/13/2023,TRUE,Summer Sale Iran,0,1,1
1984,2994,32,Female,Yogurt Bucket,Dairy,1050000,Qazvin,L,Indigo,Spring,4.2,No,Free Shipping,No,No,18,1,Bi-Weekly,Female_Kansas_32,10/18/2023,FALSE,,0,0,0
1979,2995,69,Female,Rice 10kg,Grocery,5000000,Bandar Abbas,S,White,Winter,3.5,No,Store Pickup,No,No,14,0,Quarterly,Female_Nevada_69,10/25/2023,FALSE,,0,0,0
1938,2996,29,Female,Milk 1L,Dairy,4800000,Isfahan,M,Orange,Summer,2.5,No,Standard,No,No,42,0,Bi-Weekly,Female_Virginia_29,7/14/2023,TRUE,Summer Sale Iran,1,1,0
1985,2997,70,Female,Toothpaste,Personal Care,4550000,Shiraz,M,White,Spring,2.9,No,Express,No,No,6,0,Every 3 Months,Female_Utah_70,10/22/2023,FALSE,,0,0,0
1787,2998,41,Female,Cola 1.5L,Beverages,2000000,Bandar Abbas,S,Yellow,Spring,2.7,No,Next Day Air,No,No,14,0,Every 3 Months,Female_Idaho_41,6/9/2023,FALSE,,0,0,0
1986,2999,31,Female,Yogurt Bucket,Dairy,2650000,Yazd,M,Red,Summer,4.7,No,Express,No,No,30,0,Quarterly,Female_Alaska_31,6/5/2023,FALSE,,0,0,0
1987,3000,31,Female,Body Wash,Personal Care,2400000,Kermanshah,S,Charcoal,Winter,3.8,No,Standard,No,No,10,1,Monthly,Female_New Hampshire_31,6/20/2023,FALSE,,0,0,0
1988,3001,57,Female,Cheddar Cheese,Dairy,3500000,Rasht,M,Lavender,Winter,3.7,No,Express,No,No,7,0,Weekly,Female_Ohio_57,11/27/2023,TRUE,Yalda Festival,0,1,0
1989,3002,29,Female,Toothpaste,Personal Care,1450000,Arak,L,Charcoal,Summer,4.7,No,Express,No,No,28,0,Quarterly,Female_Montana_29,3/6/2023,FALSE,,0,0,0
1671,3003,70,Female,Fresh Bread,Bakery,1450000,Tehran,M,Maroon,Fall,3.6,No,Next Day Air,No,No,19,0,Quarterly,Female_Louisiana_70,3/18/2023,FALSE,,0,0,0
1990,3004,51,Female,Frozen Chicken,Frozen,2650000,Kerman,M,Brown,Fall,2.8,No,Express,No,No,13,0,Every 3 Months,Female_Oregon_51,10/14/2023,FALSE,,0,0,0
1991,3005,45,Female,Cola 1.5L,Beverages,3950000,Sari,M,Lavender,Winter,3.7,No,Store Pickup,No,No,23,0,Fortnightly,Female_Arizona_45,7/19/2023,TRUE,Summer Sale Iran,0,1,0
1992,3006,18,Female,Potato Chips,Snacks,3250000,Tabriz,XL,Brown,Spring,3.5,No,Express,No,No,5,0,Weekly,Female_Alaska_18,12/12/2023,FALSE,,0,0,0
1993,3007,37,Female,Chocolate Bar,Snacks,4950000,Qazvin,M,Olive,Summer,3.7,No,Store Pickup,No,No,17,0,Bi-Weekly,Female_Utah_37,1/10/2023,FALSE,,0,0,0
1994,3008,23,Female,Sunflower Oil,Grocery,3000000,Hamedan,L,Lavender,Winter,3,No,Next Day Air,No,No,31,0,Weekly,Female_New York_23,11/24/2023,TRUE,Yalda Festival,0,1,0
1995,3009,39,Female,Frozen Chicken,Frozen,4300000,Tabriz,M,Gold,Winter,4.9,No,Free Shipping,No,No,19,0,Weekly,Female_New Mexico_39,9/19/2023,FALSE,,0,0,0
1996,3010,62,Female,Fresh Bread,Bakery,3650000,Qom,M,Silver,Winter,4.6,No,Free Shipping,No,No,8,0,Fortnightly,Female_Louisiana_62,3/6/2023,FALSE,,0,0,0
1997,3011,70,Female,Frozen Pizza,Frozen,2250000,Sari,M,Violet,Winter,3.3,No,Free Shipping,No,No,15,0,Annually,Female_Ohio_70,1/3/2023,FALSE,,0,0,0
1998,3012,20,Female,Frozen Chicken,Frozen,3500000,Isfahan,S,Brown,Summer,3,No,Next Day Air,No,No,18,0,Every 3 Months,Female_Nevada_20,1/8/2023,FALSE,,0,0,0
1999,3013,42,Female,Orange Juice,Beverages,3250000,Urmia,M,Teal,Fall,3.5,No,Standard,No,No,16,0,Annually,Female_Idaho_42,9/4/2023,FALSE,,0,0,0
2000,3014,41,Female,Toothpaste,Personal Care,2750000,Kerman,L,Peach,Summer,4.2,No,Store Pickup,No,No,13,1,Monthly,Female_Arizona_41,11/28/2023,TRUE,Yalda Festival,0,1,0
2001,3015,24,Female,Body Wash,Personal Care,3250000,Ahvaz,M,Maroon,Spring,4.5,No,Express,No,No,38,0,Every 3 Months,Female_Utah_24,8/9/2023,FALSE,,0,0,0
2002,3016,37,Female,Yogurt Bucket,Dairy,1050000,Tabriz,XL,Lavender,Spring,2.8,No,Express,No,No,27,0,Bi-Weekly,Female_Wyoming_37,11/25/2023,TRUE,Yalda Festival,0,1,0
2003,3017,30,Female,Yogurt Bucket,Dairy,1300000,Rasht,L,Lavender,Summer,4.9,No,Store Pickup,No,No,31,0,Quarterly,Female_Indiana_30,6/23/2023,FALSE,,0,0,0
2004,3018,58,Female,Shampoo,Personal Care,3550000,Rasht,S,Purple,Summer,3.3,No,Next Day Air,No,No,24,1,Bi-Weekly,Female_Wisconsin_58,2/6/2023,FALSE,,0,0,0
1906,3019,43,Female,Dishwashing Liquid,Household,2050000,Qom,M,Green,Summer,3,No,Free Shipping,No,No,21,0,Bi-Weekly,Female_Texas_43,2/27/2023,FALSE,,0,0,0
2005,3020,19,Female,Frozen Pizza,Frozen,2200000,Yazd,M,Yellow,Winter,3.9,No,2-Day Shipping,No,No,15,0,Annually,Female_Utah_19,11/27/2023,TRUE,Yalda Festival,0,1,0
2006,3021,23,Female,Fresh Bread,Bakery,4050000,Rasht,S,Charcoal,Fall,2.8,No,Store Pickup,No,No,48,0,Every 3 Months,Female_Arkansas_23,9/6/2023,FALSE,,0,0,0
2007,3022,65,Female,Chocolate Bar,Snacks,3850000,Kerman,S,Blue,Summer,4.5,No,2-Day Shipping,No,No,47,1,Quarterly,Female_Pennsylvania_65,9/25/2023,FALSE,,0,0,0
1767,3023,58,Female,Body Wash,Personal Care,1300000,Urmia,M,Lavender,Fall,4,No,Free Shipping,No,No,23,0,Weekly,Female_Georgia_58,7/11/2023,TRUE,Summer Sale Iran,0,1,1
2008,3024,50,Female,Paper Towel Pack,Household,1550000,Arak,M,Brown,Summer,2.9,No,Express,No,No,4,0,Quarterly,Female_Indiana_50,5/24/2023,FALSE,,0,0,0
2009,3025,67,Female,Mixed Nuts,Snacks,4100000,Kermanshah,S,White,Spring,4,No,Free Shipping,No,No,47,0,Every 3 Months,Female_Idaho_67,2/15/2023,FALSE,,0,0,0
2010,3026,40,Female,Cheddar Cheese,Dairy,3000000,Tehran,XL,Green,Summer,3.4,No,Store Pickup,No,No,7,0,Monthly,Female_Montana_40,11/7/2023,FALSE,,0,0,0
2011,3027,55,Female,Yogurt Bucket,Dairy,3500000,Isfahan,L,Magenta,Fall,2.5,No,Free Shipping,No,No,6,0,Annually,Female_Tennessee_55,1/10/2023,FALSE,,0,0,0
2012,3028,52,Female,Sunflower Oil,Grocery,1300000,Ahvaz,XL,Peach,Winter,2.8,No,2-Day Shipping,No,No,47,0,Quarterly,Female_West Virginia_52,3/2/2023,FALSE,,0,0,0
2013,3029,62,Female,Body Wash,Personal Care,5000000,Qazvin,L,Charcoal,Summer,3,No,Free Shipping,No,No,7,0,Every 3 Months,Female_California_62,5/10/2023,FALSE,,0,0,0
2014,3030,64,Female,Sunflower Oil,Grocery,4100000,Karaj,M,Gold,Summer,3.1,No,Free Shipping,No,No,1,0,Quarterly,Female_Georgia_64,7/14/2023,TRUE,Summer Sale Iran,1,1,0
1819,3031,43,Female,Tea Box,Grocery,1200000,Tabriz,XL,Purple,Spring,2.6,No,2-Day Shipping,No,No,23,0,Weekly,Female_Maryland_43,9/21/2023,FALSE,,0,0,0
2015,3032,61,Female,Tea Box,Grocery,3700000,Karaj,L,Teal,Summer,4.9,No,2-Day Shipping,No,No,30,0,Monthly,Female_Idaho_61,3/18/2023,FALSE,,0,0,0
2016,3033,26,Female,Body Wash,Personal Care,2900000,Kerman,XL,Green,Summer,3.5,No,Next Day Air,No,No,24,0,Quarterly,Female_California_26,12/31/2023,FALSE,,0,0,0
2017,3034,22,Female,Shampoo,Personal Care,2800000,Isfahan,L,Orange,Spring,2.6,No,Store Pickup,No,No,9,0,Weekly,Female_Alabama_22,7/1/2023,FALSE,,0,0,0
2018,3035,51,Female,Cola 1.5L,Beverages,1850000,Arak,L,Peach,Spring,3.5,No,2-Day Shipping,No,No,25,0,Quarterly,Female_Utah_51,2/21/2023,FALSE,,0,0,0
1892,3036,69,Female,Frozen Pizza,Frozen,3200000,Shiraz,M,Gold,Spring,4.5,No,Free Shipping,No,No,18,1,Bi-Weekly,Female_Kentucky_69,11/24/2023,TRUE,Yalda Festival,0,1,1
2019,3037,50,Female,Paper Towel Pack,Household,2900000,Tabriz,S,Violet,Spring,4.3,No,Next Day Air,No,No,7,0,Fortnightly,Female_Vermont_50,3/31/2023,TRUE,Festival Norooz,1,1,1
2020,3038,51,Female,Frozen Chicken,Frozen,2200000,Karaj,L,Charcoal,Summer,4.8,No,Next Day Air,No,No,2,1,Annually,Female_Iowa_51,6/21/2023,FALSE,,0,0,0
2021,3039,56,Female,Rice 10kg,Grocery,1950000,Sari,M,Brown,Summer,4.2,No,Free Shipping,No,No,36,0,Annually,Female_Georgia_56,8/5/2023,FALSE,,0,0,0
2022,3040,59,Female,Frozen Pizza,Frozen,2400000,Yazd,L,Blue,Spring,3.2,No,Next Day Air,No,No,31,0,Bi-Weekly,Female_Alabama_59,8/1/2023,FALSE,,0,0,0
1723,3041,18,Female,Pasta Pack,Grocery,1600000,Kermanshah,M,Gold,Fall,4.1,No,Express,No,No,10,1,Fortnightly,Female_Nebraska_18,5/19/2023,FALSE,,0,0,0
2023,3042,48,Female,Cola 1.5L,Beverages,3950000,Hamedan,M,Orange,Winter,4,No,Express,No,No,27,0,Monthly,Female_Rhode Island_48,1/31/2023,FALSE,,0,0,0
2024,3043,53,Female,Potato Chips,Snacks,1350000,Kermanshah,L,Turquoise,Winter,2.9,No,Next Day Air,No,No,14,0,Every 3 Months,Female_South Dakota_53,7/1/2023,FALSE,,0,0,0
2025,3044,45,Female,Baguette,Bakery,4900000,Bandar Abbas,S,Peach,Fall,2.6,No,Store Pickup,No,No,17,0,Monthly,Female_Illinois_45,2/5/2023,FALSE,,0,0,0
2026,3045,21,Female,Body Wash,Personal Care,3350000,Tabriz,M,Magenta,Winter,2.7,No,Free Shipping,No,No,10,0,Quarterly,Female_North Carolina_21,11/13/2023,FALSE,,0,0,0
2027,3046,42,Female,Tea Box,Grocery,1850000,Mashhad,L,Black,Winter,4.6,No,2-Day Shipping,No,No,4,0,Bi-Weekly,Female_Florida_42,9/8/2023,FALSE,,0,0,0
2028,3047,60,Female,Toothpaste,Personal Care,2450000,Qom,M,White,Spring,3.2,No,Store Pickup,No,No,25,1,Every 3 Months,Female_Pennsylvania_60,7/8/2023,FALSE,,0,0,0
2029,3048,21,Female,Yogurt Bucket,Dairy,3700000,Bandar Abbas,M,Violet,Fall,4.1,No,2-Day Shipping,No,No,3,0,Bi-Weekly,Female_Vermont_21,8/2/2023,FALSE,,0,0,0
2030,3049,69,Female,Mineral Water 1.5L,Beverages,4650000,Kerman,M,Olive,Summer,3.9,No,Standard,No,No,47,0,Fortnightly,Female_Colorado_69,4/18/2023,FALSE,,0,0,0
2031,3050,40,Female,Potato Chips,Snacks,3000000,Tehran,L,Red,Summer,3,No,Next Day Air,No,No,41,0,Bi-Weekly,Female_Utah_40,6/22/2023,FALSE,,0,0,0
2032,3051,31,Female,Milk 1L,Dairy,3800000,Kermanshah,S,Green,Spring,3.6,No,Standard,No,No,28,0,Every 3 Months,Female_Kentucky_31,10/29/2023,FALSE,,0,0,0
2033,3052,44,Female,Dishwashing Liquid,Household,3200000,Arak,L,Gold,Summer,4.6,No,Express,No,No,49,0,Every 3 Months,Female_Wyoming_44,11/22/2023,TRUE,Yalda Festival,0,1,0
2034,3053,48,Female,Sugar 1kg,Grocery,1900000,Qazvin,XL,Olive,Spring,4.5,No,Store Pickup,No,No,7,0,Fortnightly,Female_Maine_48,1/2/2023,FALSE,,0,0,0
2035,3054,32,Female,Yogurt Bucket,Dairy,4550000,Qom,L,Brown,Winter,3.2,No,Next Day Air,No,No,22,0,Monthly,Female_Maine_32,2/23/2023,FALSE,,0,0,0
2036,3055,42,Female,Baguette,Bakery,3500000,Hamedan,S,Magenta,Summer,4.9,No,2-Day Shipping,No,No,34,0,Monthly,Female_New Hampshire_42,7/5/2023,FALSE,,0,0,0
2037,3056,27,Female,Potato Chips,Snacks,1100000,Hamedan,M,Violet,Fall,5,No,Standard,No,No,5,0,Bi-Weekly,Female_Kansas_27,5/9/2023,FALSE,,0,0,0
2038,3057,69,Female,Yogurt Bucket,Dairy,2950000,Hamedan,M,Beige,Spring,3.8,No,Standard,No,No,15,1,Bi-Weekly,Female_New Jersey_69,3/21/2023,TRUE,Festival Norooz,0,1,0
2039,3058,67,Female,Rice 10kg,Grocery,1100000,Arak,M,Blue,Spring,3.4,No,Next Day Air,No,No,26,0,Weekly,Female_North Carolina_67,6/19/2023,FALSE,,0,0,0
2040,3059,41,Female,Rice 10kg,Grocery,3700000,Urmia,S,Orange,Winter,3.8,No,Store Pickup,No,No,3,0,Fortnightly,Female_West Virginia_41,10/16/2023,FALSE,,0,0,0
2041,3060,46,Female,Tea Box,Grocery,3550000,Mashhad,L,Maroon,Spring,3.2,No,Express,No,No,42,0,Quarterly,Female_Kentucky_46,3/28/2023,TRUE,Festival Norooz,0,1,0
2042,3061,47,Female,Laundry Detergent,Household,4000000,Mashhad,S,Charcoal,Summer,4.7,No,Store Pickup,No,No,1,0,Monthly,Female_California_47,10/16/2023,FALSE,,0,0,0
1949,3062,33,Female,Milk 1L,Dairy,2950000,Sari,L,Olive,Fall,4.5,No,Express,No,No,20,0,Every 3 Months,Female_South Dakota_33,3/6/2023,FALSE,,0,0,0
2043,3063,51,Female,Mixed Nuts,Snacks,4800000,Qazvin,L,Green,Fall,3.3,No,Standard,No,No,39,0,Monthly,Female_California_51,5/5/2023,FALSE,,0,0,0
2044,3064,26,Female,Toothpaste,Personal Care,2150000,Mashhad,L,Brown,Winter,3.9,No,Store Pickup,No,No,24,0,Fortnightly,Female_Connecticut_26,9/29/2023,FALSE,,0,0,0
2045,3065,22,Female,Laundry Detergent,Household,3800000,Mashhad,S,Cyan,Winter,3.6,No,Express,No,No,49,0,Quarterly,Female_Idaho_22,3/23/2023,TRUE,Festival Norooz,0,1,0
2046,3066,49,Female,Sugar 1kg,Grocery,2950000,Shiraz,M,Beige,Fall,2.8,No,Store Pickup,No,No,7,0,Bi-Weekly,Female_North Dakota_49,2/2/2023,FALSE,,0,0,0
2047,3067,58,Female,Shampoo,Personal Care,2400000,Tehran,L,Teal,Summer,4.3,No,Free Shipping,No,No,13,0,Every 3 Months,Female_Michigan_58,11/5/2023,FALSE,,0,0,0
2048,3068,70,Female,Laundry Detergent,Household,1100000,Yazd,S,Gray,Spring,3.5,No,Free Shipping,No,No,2,1,Weekly,Female_Missouri_70,8/23/2023,FALSE,,0,0,0
2049,3069,32,Female,Yogurt Bucket,Dairy,2000000,Isfahan,M,Indigo,Winter,4.2,No,Express,No,No,4,0,Weekly,Female_California_32,12/17/2023,FALSE,,0,0,0
2050,3070,62,Female,Pasta Pack,Grocery,3650000,Yazd,L,Magenta,Spring,4.6,No,Express,No,No,17,0,Quarterly,Female_Delaware_62,6/24/2023,FALSE,,0,0,0
2051,3071,52,Female,Potato Chips,Snacks,1300000,Shiraz,XL,Red,Fall,2.6,No,Free Shipping,No,No,43,0,Bi-Weekly,Female_Alabama_52,7/11/2023,TRUE,Summer Sale Iran,0,1,0
2052,3072,23,Female,Sunflower Oil,Grocery,2050000,Ahvaz,L,Turquoise,Spring,3.4,No,Next Day Air,No,No,6,0,Monthly,Female_New Hampshire_23,5/24/2023,FALSE,,0,0,0
2053,3073,26,Female,Baguette,Bakery,4900000,Tehran,L,Peach,Spring,3.1,No,Standard,No,No,46,0,Quarterly,Female_New York_26,1/20/2023,FALSE,,0,0,0
2054,3074,58,Female,Laundry Detergent,Household,3150000,Tabriz,L,White,Winter,3.6,No,Free Shipping,No,No,7,0,Bi-Weekly,Female_Oregon_58,5/12/2023,FALSE,,0,0,0
2055,3075,26,Female,Paper Towel Pack,Household,2750000,Karaj,L,Maroon,Winter,4.2,No,Next Day Air,No,No,34,0,Fortnightly,Female_Massachusetts_26,8/20/2023,FALSE,,0,0,0
2056,3076,54,Female,Laundry Detergent,Household,4500000,Shiraz,XL,Beige,Winter,3.6,No,Standard,No,No,21,0,Every 3 Months,Female_Utah_54,4/19/2023,FALSE,,0,0,0
2057,3077,66,Female,Baguette,Bakery,2300000,Urmia,M,Blue,Summer,3.6,No,Express,No,No,13,0,Bi-Weekly,Female_New Hampshire_66,8/12/2023,FALSE,,0,0,0
2058,3078,60,Female,Toothpaste,Personal Care,4400000,Bandar Abbas,S,Red,Spring,3,No,Store Pickup,No,No,33,0,Bi-Weekly,Female_Illinois_60,7/22/2023,FALSE,,0,0,0
2059,3079,32,Female,Shampoo,Personal Care,4750000,Arak,M,Blue,Spring,2.5,No,2-Day Shipping,No,No,24,0,Bi-Weekly,Female_Alaska_32,12/8/2023,FALSE,,0,0,0
2060,3080,48,Female,Tea Box,Grocery,1550000,Qazvin,M,Maroon,Fall,4,No,Store Pickup,No,No,4,0,Annually,Female_Wyoming_48,11/30/2023,TRUE,Yalda Festival,0,1,0
2030,3081,69,Female,Toothpaste,Personal Care,2100000,Ahvaz,L,Yellow,Spring,4.1,No,Next Day Air,No,No,5,1,Bi-Weekly,Female_Colorado_69,4/3/2023,FALSE,,0,0,0
1754,3082,64,Female,Potato Chips,Snacks,2200000,Kermanshah,L,Pink,Winter,4.9,No,Next Day Air,No,No,11,0,Weekly,Female_Vermont_64,2/12/2023,FALSE,,0,0,0
2061,3083,56,Female,Mixed Nuts,Snacks,4950000,Yazd,M,Maroon,Spring,4,No,Next Day Air,No,No,20,0,Annually,Female_Utah_56,8/23/2023,FALSE,,0,0,0
1670,3084,22,Female,Baguette,Bakery,1000000,Isfahan,S,Purple,Summer,3.5,No,Store Pickup,No,No,28,0,Quarterly,Female_Illinois_22,7/29/2023,FALSE,,0,0,0
1807,3085,46,Female,Fresh Bread,Bakery,1850000,Qom,S,Indigo,Spring,3.2,No,Store Pickup,No,No,43,0,Monthly,Female_Idaho_46,10/10/2023,FALSE,,0,0,0
2062,3086,24,Female,Milk 1L,Dairy,2500000,Qom,L,Gray,Winter,2.8,No,Store Pickup,No,No,10,0,Every 3 Months,Female_Nevada_24,8/15/2023,FALSE,,0,0,0
2063,3087,47,Female,Yogurt Bucket,Dairy,3650000,Kermanshah,M,Lavender,Summer,3.5,No,Next Day Air,No,No,26,0,Every 3 Months,Female_Utah_47,3/2/2023,FALSE,,0,0,0
2064,3088,62,Female,Sugar 1kg,Grocery,4200000,Isfahan,M,Charcoal,Spring,3.1,No,Free Shipping,No,No,29,0,Monthly,Female_North Carolina_62,9/23/2023,FALSE,,0,0,0
2065,3089,34,Female,Milk 1L,Dairy,3200000,Qazvin,M,Teal,Spring,3.3,No,Store Pickup,No,No,35,0,Quarterly,Female_Arkansas_34,7/13/2023,TRUE,Summer Sale Iran,0,1,1
2066,3090,50,Female,Milk 1L,Dairy,1050000,Rasht,L,Blue,Fall,4.6,No,Free Shipping,No,No,23,1,Bi-Weekly,Female_North Carolina_50,11/21/2023,TRUE,Yalda Festival,0,1,0
2067,3091,29,Female,Mineral Water 1.5L,Beverages,1800000,Tehran,M,Peach,Summer,4.9,No,Store Pickup,No,No,15,0,Quarterly,Female_Texas_29,5/13/2023,FALSE,,0,0,0
2068,3092,68,Female,Fresh Bread,Bakery,4050000,Ahvaz,L,Orange,Winter,3.4,No,2-Day Shipping,No,No,46,0,Annually,Female_Nevada_68,3/12/2023,FALSE,,0,0,0
2069,3093,52,Female,Mineral Water 1.5L,Beverages,2700000,Isfahan,L,Silver,Fall,3.5,No,Next Day Air,No,No,14,0,Bi-Weekly,Female_Utah_52,1/6/2023,FALSE,,0,0,0
2070,3094,29,Female,Frozen Pizza,Frozen,3150000,Kermanshah,L,Red,Summer,4.8,No,Store Pickup,No,No,17,1,Every 3 Months,Female_Pennsylvania_29,11/11/2023,FALSE,,0,0,0
2071,3095,22,Female,Potato Chips,Snacks,2950000,Ahvaz,M,Gray,Summer,2.7,No,Store Pickup,No,No,9,1,Weekly,Female_Georgia_22,12/18/2023,FALSE,,0,0,0
2072,3096,62,Female,Frozen Chicken,Frozen,2650000,Qazvin,S,Beige,Fall,3.4,No,Standard,No,No,13,0,Fortnightly,Female_Minnesota_62,1/28/2023,FALSE,,0,0,0
2073,3097,69,Female,Milk 1L,Dairy,3150000,Qazvin,L,White,Winter,3.5,No,Next Day Air,No,No,20,0,Monthly,Female_Kansas_69,3/30/2023,TRUE,Festival Norooz,0,1,0
1959,3098,48,Female,Cola 1.5L,Beverages,1650000,Arak,M,Silver,Fall,3.7,No,Free Shipping,No,No,39,0,Quarterly,Female_Delaware_48,7/19/2023,TRUE,Summer Sale Iran,1,1,0
2074,3099,66,Female,Chocolate Bar,Snacks,3200000,Hamedan,L,Cyan,Summer,3.3,No,Next Day Air,No,No,50,0,Quarterly,Female_New Mexico_66,7/26/2023,FALSE,,0,0,0
2075,3100,42,Female,Cheddar Cheese,Dairy,4900000,Kermanshah,S,Maroon,Fall,2.9,No,Free Shipping,No,No,21,0,Bi-Weekly,Female_Michigan_42,6/24/2023,FALSE,,0,0,0
2019,3101,50,Female,Frozen Pizza,Frozen,4250000,Bandar Abbas,L,Purple,Winter,3.9,No,Express,No,No,3,0,Weekly,Female_Vermont_50,2/8/2023,FALSE,,0,0,0
2076,3102,32,Female,Potato Chips,Snacks,4100000,Shiraz,S,Brown,Summer,2.7,No,Express,No,No,9,0,Fortnightly,Female_Idaho_32,2/20/2023,FALSE,,0,0,0
2077,3103,51,Female,Cheddar Cheese,Dairy,4250000,Qazvin,M,Green,Summer,4.3,No,Standard,No,No,29,1,Bi-Weekly,Female_South Dakota_51,6/13/2023,FALSE,,0,0,0
1929,3104,27,Female,Milk 1L,Dairy,1850000,Kerman,S,Peach,Winter,3,No,2-Day Shipping,No,No,42,0,Weekly,Female_Illinois_27,7/18/2023,TRUE,Summer Sale Iran,2,1,0
2078,3105,43,Female,Paper Towel Pack,Household,2800000,Tabriz,S,Turquoise,Summer,5,No,2-Day Shipping,No,No,41,0,Fortnightly,Female_Georgia_43,2/1/2023,FALSE,,0,0,0
1910,3106,48,Female,Dishwashing Liquid,Household,1650000,Hamedan,M,Olive,Fall,2.7,No,Express,No,No,17,0,Monthly,Female_Oregon_48,7/5/2023,FALSE,,0,0,0
2079,3107,62,Female,Sugar 1kg,Grocery,2850000,Yazd,M,Yellow,Winter,4.7,No,Next Day Air,No,No,20,0,Annually,Female_Alabama_62,9/18/2023,FALSE,,0,0,0
2080,3108,65,Female,Baguette,Bakery,1550000,Qom,L,Gray,Winter,4.6,No,Standard,No,No,18,0,Bi-Weekly,Female_Hawaii_65,11/5/2023,FALSE,,0,0,0
2081,3109,50,Female,Orange Juice,Beverages,3450000,Arak,M,Purple,Fall,3.2,No,2-Day Shipping,No,No,7,0,Monthly,Female_Oregon_50,5/22/2023,FALSE,,0,0,0
2058,3110,60,Female,Yogurt Bucket,Dairy,4600000,Yazd,M,Gray,Winter,4.3,No,Free Shipping,No,No,47,0,Fortnightly,Female_Illinois_60,4/24/2023,FALSE,,0,0,0
2082,3111,19,Female,Pasta Pack,Grocery,2300000,Hamedan,L,Lavender,Fall,4.6,No,Next Day Air,No,No,2,0,Bi-Weekly,Female_Texas_19,5/28/2023,FALSE,,0,0,0
2083,3112,21,Female,Cola 1.5L,Beverages,4050000,Shiraz,XL,Indigo,Spring,4.9,No,Free Shipping,No,No,25,0,Quarterly,Female_Kansas_21,1/25/2023,FALSE,,0,0,0
2082,3113,19,Female,Frozen Chicken,Frozen,4850000,Kerman,S,Green,Fall,3.8,No,Express,No,No,26,0,Annually,Female_Texas_19,8/8/2023,FALSE,,0,0,0
2084,3114,46,Female,Paper Towel Pack,Household,4650000,Qom,L,Green,Summer,2.6,No,Express,No,No,2,0,Weekly,Female_Nebraska_46,10/3/2023,FALSE,,0,0,0
2085,3115,21,Female,Yogurt Bucket,Dairy,2800000,Sari,M,Olive,Spring,4.7,No,Store Pickup,No,No,45,0,Bi-Weekly,Female_Arkansas_21,7/10/2023,TRUE,Summer Sale Iran,0,2,0
1846,3116,26,Female,Sunflower Oil,Grocery,2650000,Qom,M,Charcoal,Fall,4.1,No,Free Shipping,No,No,9,0,Bi-Weekly,Female_South Dakota_26,3/6/2023,FALSE,,0,0,0
2086,3117,50,Female,Dishwashing Liquid,Household,3300000,Hamedan,L,Gray,Spring,3.7,No,Store Pickup,No,No,1,0,Weekly,Female_Montana_50,4/28/2023,FALSE,,0,0,0
2087,3118,43,Female,Frozen Chicken,Frozen,2500000,Kermanshah,M,Olive,Fall,3,No,Free Shipping,No,No,4,0,Bi-Weekly,Female_Florida_43,11/19/2023,FALSE,,0,0,0
2088,3119,61,Female,Mixed Nuts,Snacks,4850000,Yazd,L,Blue,Summer,4.7,No,Standard,No,No,31,0,Quarterly,Female_Virginia_61,1/12/2023,FALSE,,0,0,0
1978,3120,63,Female,Mixed Nuts,Snacks,3950000,Qazvin,XL,Silver,Winter,4.7,No,2-Day Shipping,No,No,21,0,Every 3 Months,Female_Louisiana_63,6/29/2023,FALSE,,0,0,0
2089,3121,46,Female,Potato Chips,Snacks,3800000,Shiraz,M,Magenta,Fall,4,No,Store Pickup,No,No,32,0,Fortnightly,Female_Louisiana_46,9/25/2023,FALSE,,0,0,0
1978,3122,63,Female,Cheddar Cheese,Dairy,1900000,Rasht,L,Black,Fall,2.6,No,Standard,No,No,16,0,Weekly,Female_Louisiana_63,2/12/2023,FALSE,,0,0,0
2090,3123,23,Female,Frozen Pizza,Frozen,2250000,Mashhad,M,Pink,Fall,3,No,Express,No,No,34,0,Fortnightly,Female_Georgia_23,6/25/2023,FALSE,,0,0,0
2091,3124,57,Female,Baguette,Bakery,3850000,Tehran,XL,Red,Fall,3.3,No,Next Day Air,No,No,40,0,Bi-Weekly,Female_Iowa_57,10/1/2023,FALSE,,0,0,0
1956,3125,57,Female,Dishwashing Liquid,Household,2550000,Hamedan,M,Peach,Summer,3.4,No,Standard,No,No,4,1,Every 3 Months,Female_California_57,3/21/2023,TRUE,Festival Norooz,0,1,1
2092,3126,33,Female,Shampoo,Personal Care,1300000,Kermanshah,L,Lavender,Spring,4,No,Standard,No,No,3,1,Quarterly,Female_Oregon_33,5/3/2023,FALSE,,0,0,0
2093,3127,57,Female,Baguette,Bakery,3800000,Qazvin,L,Lavender,Winter,2.6,No,Store Pickup,No,No,28,0,Bi-Weekly,Female_Maine_57,6/16/2023,FALSE,,0,0,0
2094,3128,55,Female,Fresh Bread,Bakery,4700000,Urmia,M,Beige,Winter,3.4,No,Free Shipping,No,No,43,0,Every 3 Months,Female_Louisiana_55,9/7/2023,FALSE,,0,0,0
2095,3129,65,Female,Potato Chips,Snacks,1600000,Urmia,S,Indigo,Fall,4.4,No,Standard,No,No,20,1,Annually,Female_Arkansas_65,9/26/2023,FALSE,,0,0,0
2096,3130,60,Female,Toothpaste,Personal Care,1000000,Tehran,S,Cyan,Summer,4.7,No,Express,No,No,40,0,Every 3 Months,Female_Maryland_60,10/26/2023,FALSE,,0,0,0
2097,3131,52,Female,Orange Juice,Beverages,1000000,Sari,M,Yellow,Summer,4.5,No,Store Pickup,No,No,34,0,Every 3 Months,Female_Vermont_52,9/15/2023,FALSE,,0,0,0
2098,3132,34,Female,Pasta Pack,Grocery,2950000,Ahvaz,M,Peach,Fall,2.9,No,Store Pickup,No,No,11,0,Every 3 Months,Female_North Dakota_34,3/21/2023,TRUE,Festival Norooz,0,1,1
1732,3133,33,Female,Baguette,Bakery,4850000,Yazd,M,Yellow,Summer,4.2,No,Express,No,No,26,1,Quarterly,Female_Michigan_33,7/27/2023,FALSE,,0,0,0
2099,3134,58,Female,Yogurt Bucket,Dairy,3400000,Urmia,M,Orange,Spring,4.1,No,Next Day Air,No,No,29,1,Bi-Weekly,Female_Arkansas_58,2/7/2023,FALSE,,0,0,0
1893,3135,35,Female,Mineral Water 1.5L,Beverages,3300000,Karaj,L,Gray,Spring,4.4,No,Store Pickup,No,No,47,0,Weekly,Female_Kentucky_35,2/12/2023,FALSE,,0,0,0
2100,3136,68,Female,Laundry Detergent,Household,4250000,Isfahan,L,Yellow,Spring,4.7,No,Free Shipping,No,No,48,0,Fortnightly,Female_Indiana_68,3/14/2023,FALSE,,0,0,0
2101,3137,58,Female,Chocolate Bar,Snacks,1600000,Arak,M,Gray,Fall,3.1,No,Next Day Air,No,No,29,1,Bi-Weekly,Female_Minnesota_58,12/31/2023,FALSE,,0,0,0
2102,3138,34,Female,Sugar 1kg,Grocery,2200000,Rasht,M,Turquoise,Spring,2.7,No,2-Day Shipping,No,No,14,0,Monthly,Female_Louisiana_34,10/3/2023,FALSE,,0,0,0
2103,3139,47,Female,Body Wash,Personal Care,4750000,Karaj,L,Gray,Fall,4.6,No,Next Day Air,No,No,40,1,Every 3 Months,Female_Kentucky_47,12/15/2023,FALSE,,0,0,0
1823,3140,35,Female,Yogurt Bucket,Dairy,4250000,Arak,M,Olive,Winter,4.4,No,Next Day Air,No,No,4,0,Weekly,Female_Georgia_35,3/22/2023,TRUE,Festival Norooz,0,2,2
2104,3141,34,Female,Mineral Water 1.5L,Beverages,2200000,Shiraz,XL,Peach,Summer,4.6,No,Free Shipping,No,No,37,0,Weekly,Female_Alaska_34,8/28/2023,FALSE,,0,0,0
2105,3142,36,Female,Rice 10kg,Grocery,1500000,Kerman,S,Peach,Winter,4.9,No,Express,No,No,47,0,Bi-Weekly,Female_Mississippi_36,4/8/2023,FALSE,,0,0,0
2106,3143,23,Female,Body Wash,Personal Care,1050000,Tabriz,L,Magenta,Winter,4,No,2-Day Shipping,No,No,1,0,Quarterly,Female_Kansas_23,6/25/2023,FALSE,,0,0,0
2107,3144,68,Female,Sunflower Oil,Grocery,1100000,Tabriz,M,Purple,Summer,2.9,No,Store Pickup,No,No,26,1,Quarterly,Female_Arizona_68,10/3/2023,FALSE,,0,0,0
1728,3145,23,Female,Cheddar Cheese,Dairy,3500000,Mashhad,L,Beige,Spring,2.6,No,Free Shipping,No,No,12,0,Quarterly,Female_Maine_23,3/2/2023,FALSE,,0,0,0
2108,3146,57,Female,Cheddar Cheese,Dairy,1450000,Arak,XL,Purple,Spring,4.6,No,Standard,No,No,16,0,Fortnightly,Female_Texas_57,1/7/2023,FALSE,,0,0,0
2109,3147,21,Female,Fresh Bread,Bakery,4150000,Yazd,S,Yellow,Winter,4.9,No,Free Shipping,No,No,19,0,Annually,Female_Virginia_21,7/7/2023,FALSE,,0,0,0
2110,3148,45,Female,Dishwashing Liquid,Household,4950000,Qom,M,Pink,Winter,4.3,No,Express,No,No,21,0,Weekly,Female_North Dakota_45,2/1/2023,FALSE,,0,0,0
2111,3149,37,Female,Frozen Chicken,Frozen,1750000,Ahvaz,L,Purple,Fall,4.3,No,Free Shipping,No,No,15,0,Weekly,Female_West Virginia_37,8/28/2023,FALSE,,0,0,0
2112,3150,18,Female,Frozen Pizza,Frozen,2000000,Yazd,M,Lavender,Winter,4.6,No,Free Shipping,No,No,9,0,Annually,Female_North Carolina_18,9/21/2023,FALSE,,0,0,0
2113,3151,55,Female,Mineral Water 1.5L,Beverages,1250000,Karaj,M,Peach,Spring,2.6,No,Express,No,No,7,0,Bi-Weekly,Female_Georgia_55,10/31/2023,FALSE,,0,0,0
2114,3152,52,Female,Yogurt Bucket,Dairy,3200000,Kermanshah,L,Orange,Fall,3.1,No,2-Day Shipping,No,No,47,0,Quarterly,Female_New Mexico_52,4/6/2023,FALSE,,0,0,0
2115,3153,49,Female,Milk 1L,Dairy,4500000,Mashhad,M,Red,Fall,3.1,No,Store Pickup,No,No,17,0,Monthly,Female_North Carolina_49,9/3/2023,FALSE,,0,0,0
2116,3154,56,Female,Fresh Bread,Bakery,4400000,Arak,L,Red,Fall,3.1,No,Next Day Air,No,No,46,0,Fortnightly,Female_Alabama_56,5/26/2023,FALSE,,0,0,0
2117,3155,27,Female,Frozen Chicken,Frozen,2750000,Kermanshah,M,Gold,Winter,4.4,No,Standard,No,No,32,1,Quarterly,Female_Connecticut_27,6/25/2023,FALSE,,0,0,0
2118,3156,22,Female,Milk 1L,Dairy,4500000,Urmia,M,Brown,Fall,4.3,No,Free Shipping,No,No,34,1,Annually,Female_Montana_22,3/22/2023,TRUE,Festival Norooz,0,1,0
2119,3157,18,Female,Paper Towel Pack,Household,2500000,Qazvin,M,Black,Winter,3.1,No,2-Day Shipping,No,No,18,1,Monthly,Female_Montana_18,5/3/2023,FALSE,,0,0,0
2120,3158,21,Female,Pasta Pack,Grocery,1700000,Ahvaz,L,Red,Fall,3.1,No,Store Pickup,No,No,5,0,Fortnightly,Female_Maine_21,11/8/2023,FALSE,,0,0,0
2121,3159,30,Female,Paper Towel Pack,Household,3850000,Kerman,M,Gray,Winter,4.9,No,2-Day Shipping,No,No,44,0,Monthly,Female_Mississippi_30,3/31/2023,TRUE,Festival Norooz,1,1,1
1996,3160,62,Female,Baguette,Bakery,4450000,Isfahan,L,Pink,Winter,2.9,No,Store Pickup,No,No,4,0,Quarterly,Female_Louisiana_62,12/29/2023,FALSE,,0,0,0
2122,3161,28,Female,Paper Towel Pack,Household,4350000,Isfahan,XL,Turquoise,Fall,3.8,No,Next Day Air,No,No,37,1,Fortnightly,Female_Nebraska_28,5/31/2023,FALSE,,0,0,0
2123,3162,66,Female,Dishwashing Liquid,Household,3850000,Yazd,S,Charcoal,Winter,4.2,No,2-Day Shipping,No,No,43,1,Monthly,Female_Massachusetts_66,9/23/2023,FALSE,,0,0,0
2124,3163,66,Female,Dishwashing Liquid,Household,4250000,Qom,L,Blue,Winter,3.9,No,Standard,No,No,28,0,Quarterly,Female_Wisconsin_66,12/1/2023,FALSE,,0,0,0
2125,3164,49,Female,Potato Chips,Snacks,3300000,Mashhad,XL,Turquoise,Summer,2.8,No,Express,No,No,36,1,Monthly,Female_Nebraska_49,12/11/2023,FALSE,,0,0,0
2126,3165,40,Female,Frozen Pizza,Frozen,1600000,Isfahan,L,Silver,Winter,2.6,No,Standard,No,No,16,0,Annually,Female_Arizona_40,6/16/2023,FALSE,,0,0,0
2127,3166,49,Female,Yogurt Bucket,Dairy,4600000,Rasht,M,Lavender,Spring,3,No,Store Pickup,No,No,38,0,Every 3 Months,Female_Hawaii_49,9/19/2023,FALSE,,0,0,0
2128,3167,19,Female,Shampoo,Personal Care,4000000,Qazvin,M,Gold,Winter,2.7,No,Next Day Air,No,No,37,0,Fortnightly,Female_Georgia_19,4/2/2023,FALSE,,0,0,0
2129,3168,24,Female,Dishwashing Liquid,Household,3900000,Kerman,M,Blue,Fall,2.8,No,2-Day Shipping,No,No,9,1,Bi-Weekly,Female_Oregon_24,6/8/2023,FALSE,,0,0,0
1735,3169,31,Female,Pasta Pack,Grocery,1200000,Shiraz,M,Orange,Spring,2.9,No,2-Day Shipping,No,No,14,0,Fortnightly,Female_Montana_31,9/30/2023,FALSE,,0,0,0
1823,3170,35,Female,Shampoo,Personal Care,2950000,Qom,M,White,Fall,3.8,No,Free Shipping,No,No,3,0,Weekly,Female_Georgia_35,3/28/2023,TRUE,Festival Norooz,0,2,2
2130,3171,65,Female,Rice 10kg,Grocery,2050000,Tabriz,XL,Charcoal,Spring,4.4,No,Express,No,No,10,0,Fortnightly,Female_Rhode Island_65,10/18/2023,FALSE,,0,0,0
2131,3172,68,Female,Tea Box,Grocery,1300000,Yazd,M,Maroon,Spring,3.1,No,Express,No,No,26,0,Bi-Weekly,Female_Tennessee_68,2/5/2023,FALSE,,0,0,0
2132,3173,57,Female,Pasta Pack,Grocery,2600000,Mashhad,M,Olive,Fall,3.7,No,Standard,No,No,30,0,Bi-Weekly,Female_Missouri_57,8/21/2023,FALSE,,0,0,0
2133,3174,69,Female,Baguette,Bakery,2300000,Tabriz,L,Teal,Summer,4.9,No,Next Day Air,No,No,32,0,Fortnightly,Female_Washington_69,6/15/2023,FALSE,,0,0,0
2134,3175,45,Female,Tea Box,Grocery,2600000,Qazvin,L,Orange,Winter,3.8,No,Store Pickup,No,No,35,0,Monthly,Female_Oklahoma_45,10/25/2023,FALSE,,0,0,0
2135,3176,35,Female,Baguette,Bakery,2100000,Karaj,M,Maroon,Fall,3.4,No,Store Pickup,No,No,26,0,Every 3 Months,Female_Connecticut_35,4/29/2023,FALSE,,0,0,0
2136,3177,36,Female,Rice 10kg,Grocery,1850000,Shiraz,XL,Turquoise,Spring,4.6,No,2-Day Shipping,No,No,39,0,Monthly,Female_Arkansas_36,6/16/2023,FALSE,,0,0,0
2137,3178,55,Female,Sunflower Oil,Grocery,2600000,Tabriz,L,Beige,Fall,3.2,No,Standard,No,No,31,0,Monthly,Female_Missouri_55,8/12/2023,FALSE,,0,0,0
2138,3179,66,Female,Potato Chips,Snacks,1700000,Arak,L,Beige,Spring,2.7,No,Free Shipping,No,No,28,0,Annually,Female_Washington_66,1/18/2023,FALSE,,0,0,0
2139,3180,57,Female,Potato Chips,Snacks,4400000,Qazvin,M,Olive,Spring,4.3,No,Free Shipping,No,No,12,0,Bi-Weekly,Female_Idaho_57,9/11/2023,FALSE,,0,0,0
2119,3181,18,Female,Yogurt Bucket,Dairy,4400000,Isfahan,L,Turquoise,Fall,3.8,No,Standard,No,No,46,0,Weekly,Female_Montana_18,12/30/2023,FALSE,,0,0,0
1735,3182,31,Female,Pasta Pack,Grocery,2550000,Yazd,M,Charcoal,Summer,4.4,No,Free Shipping,No,No,27,0,Every 3 Months,Female_Montana_31,12/21/2023,FALSE,,0,0,0
2140,3183,50,Female,Shampoo,Personal Care,4850000,Qazvin,L,Green,Fall,3.6,No,Free Shipping,No,No,4,0,Annually,Female_Georgia_50,2/28/2023,FALSE,,0,0,0
2141,3184,50,Female,Cheddar Cheese,Dairy,2800000,Rasht,M,Green,Winter,3.5,No,Standard,No,No,14,1,Every 3 Months,Female_Mississippi_50,6/17/2023,FALSE,,0,0,0
2142,3185,61,Female,Mixed Nuts,Snacks,2650000,Arak,L,Green,Spring,4.2,No,2-Day Shipping,No,No,30,0,Quarterly,Female_Hawaii_61,12/8/2023,FALSE,,0,0,0
1664,3186,52,Female,Body Wash,Personal Care,3550000,Qazvin,L,Gold,Fall,4.7,No,Express,No,No,6,0,Annually,Female_Ohio_52,2/27/2023,FALSE,,0,0,0
2143,3187,38,Female,Paper Towel Pack,Household,4650000,Qazvin,S,Cyan,Winter,4.8,No,Store Pickup,No,No,43,0,Annually,Female_Virginia_38,7/22/2023,FALSE,,0,0,0
2144,3188,67,Female,Pasta Pack,Grocery,3600000,Sari,L,Indigo,Winter,3.2,No,Free Shipping,No,No,28,0,Weekly,Female_Texas_67,11/3/2023,FALSE,,0,0,0
1950,3189,42,Female,Toothpaste,Personal Care,2950000,Kerman,M,Lavender,Winter,3.5,No,Standard,No,No,39,0,Monthly,Female_Vermont_42,9/18/2023,FALSE,,0,0,0
2145,3190,25,Female,Pasta Pack,Grocery,4350000,Ahvaz,M,Beige,Summer,4.2,No,Store Pickup,No,No,30,0,Bi-Weekly,Female_Kansas_25,3/15/2023,FALSE,,0,0,0
2146,3191,41,Female,Frozen Pizza,Frozen,3900000,Yazd,S,Purple,Fall,3.4,No,Free Shipping,No,No,5,0,Fortnightly,Female_California_41,5/23/2023,FALSE,,0,0,0
2147,3192,62,Female,Orange Juice,Beverages,3400000,Qazvin,XL,Maroon,Winter,4.7,No,Store Pickup,No,No,42,0,Every 3 Months,Female_Mississippi_62,9/20/2023,FALSE,,0,0,0
2148,3193,19,Female,Sugar 1kg,Grocery,3800000,Ahvaz,S,Maroon,Fall,3,No,Free Shipping,No,No,20,1,Fortnightly,Female_Iowa_19,7/20/2023,TRUE,Summer Sale Iran,1,1,0
2149,3194,63,Female,Cola 1.5L,Beverages,4950000,Kerman,L,Teal,Winter,4,No,Express,No,No,35,0,Fortnightly,Female_Virginia_63,11/16/2023,FALSE,,0,0,0
1819,3195,43,Female,Frozen Chicken,Frozen,2600000,Ahvaz,L,Gold,Summer,4.6,No,Standard,No,No,10,0,Bi-Weekly,Female_Maryland_43,2/22/2023,FALSE,,0,0,0
2150,3196,68,Female,Frozen Pizza,Frozen,2900000,Ahvaz,S,Red,Spring,4.9,No,Next Day Air,No,No,36,0,Quarterly,Female_Missouri_68,1/29/2023,FALSE,,0,0,0
2151,3197,24,Female,Chocolate Bar,Snacks,2950000,Kermanshah,L,Maroon,Winter,2.8,No,Express,No,No,21,0,Fortnightly,Female_Wisconsin_24,2/7/2023,FALSE,,0,0,0
2152,3198,27,Female,Mineral Water 1.5L,Beverages,3550000,Shiraz,M,Teal,Spring,3.2,No,Free Shipping,No,No,29,0,Every 3 Months,Female_Maine_27,1/7/2023,FALSE,,0,0,0
2153,3199,61,Female,Chocolate Bar,Snacks,4700000,Mashhad,L,Peach,Winter,2.8,No,Free Shipping,No,No,39,0,Weekly,Female_Pennsylvania_61,9/26/2023,FALSE,,0,0,0
2154,3200,59,Female,Frozen Chicken,Frozen,2000000,Qazvin,XL,Pink,Winter,4.2,No,Express,No,No,16,0,Monthly,Female_Maine_59,7/19/2023,TRUE,Summer Sale Iran,0,1,0
2155,3201,67,Female,Laundry Detergent,Household,1200000,Arak,L,Black,Spring,4.8,No,Free Shipping,No,No,32,0,Monthly,Female_Missouri_67,5/8/2023,FALSE,,0,0,0
2156,3202,46,Female,Yogurt Bucket,Dairy,1900000,Sari,S,Indigo,Fall,2.8,No,2-Day Shipping,No,No,34,1,Monthly,Female_Vermont_46,6/16/2023,FALSE,,0,0,0
2157,3203,65,Female,Laundry Detergent,Household,1850000,Rasht,L,Green,Fall,4.5,No,Standard,No,No,38,0,Annually,Female_Wisconsin_65,10/2/2023,FALSE,,0,0,0
2158,3204,63,Female,Paper Towel Pack,Household,1450000,Rasht,L,Teal,Spring,4.1,No,Express,No,No,14,0,Annually,Female_New Jersey_63,10/25/2023,FALSE,,0,0,0
2159,3205,57,Female,Frozen Pizza,Frozen,4600000,Urmia,XL,Lavender,Fall,4.3,No,Free Shipping,No,No,23,0,Bi-Weekly,Female_New Mexico_57,5/29/2023,FALSE,,0,0,0
1733,3206,40,Female,Fresh Bread,Bakery,1200000,Tabriz,XL,Magenta,Fall,4.4,No,2-Day Shipping,No,No,50,0,Every 3 Months,Female_Colorado_40,7/20/2023,TRUE,Summer Sale Iran,0,1,1
2160,3207,36,Female,Cheddar Cheese,Dairy,2600000,Yazd,M,Brown,Winter,3,No,Free Shipping,No,No,49,0,Monthly,Female_California_36,3/20/2023,TRUE,Festival Norooz,0,1,0
2161,3208,67,Female,Milk 1L,Dairy,1450000,Yazd,XL,Beige,Summer,2.7,No,Next Day Air,No,No,14,0,Annually,Female_Arizona_67,3/25/2023,TRUE,Festival Norooz,0,1,0
2162,3209,61,Female,Frozen Pizza,Frozen,1500000,Yazd,L,Indigo,Winter,3.3,No,2-Day Shipping,No,No,42,0,Weekly,Female_Indiana_61,12/3/2023,FALSE,,0,0,0
2163,3210,64,Female,Orange Juice,Beverages,1550000,Ahvaz,L,Peach,Fall,4.3,No,Standard,No,No,39,0,Annually,Female_Arkansas_64,3/28/2023,TRUE,Festival Norooz,0,1,0
2164,3211,30,Female,Body Wash,Personal Care,3350000,Karaj,M,Magenta,Summer,2.9,No,Express,No,No,43,0,Bi-Weekly,Female_Nevada_30,7/1/2023,FALSE,,0,0,0
2165,3212,53,Female,Body Wash,Personal Care,3250000,Kerman,L,Turquoise,Winter,4.9,No,Standard,No,No,12,1,Monthly,Female_Rhode Island_53,1/3/2023,FALSE,,0,0,0
2166,3213,27,Female,Rice 10kg,Grocery,1100000,Bandar Abbas,M,Indigo,Winter,3.6,No,2-Day Shipping,No,No,21,0,Weekly,Female_Wyoming_27,4/5/2023,FALSE,,0,0,0
1748,3214,27,Female,Rice 10kg,Grocery,2800000,Rasht,M,Brown,Winter,3.3,No,Standard,No,No,33,0,Monthly,Female_Texas_27,3/15/2023,FALSE,,0,0,0
2167,3215,53,Female,Laundry Detergent,Household,3900000,Arak,M,Yellow,Spring,3.1,No,Free Shipping,No,No,6,0,Annually,Female_Washington_53,10/2/2023,FALSE,,0,0,0
2168,3216,34,Female,Orange Juice,Beverages,4500000,Arak,M,Magenta,Summer,2.7,No,Free Shipping,No,No,10,0,Every 3 Months,Female_Rhode Island_34,8/27/2023,FALSE,,0,0,0
1675,3217,39,Female,Chocolate Bar,Snacks,4250000,Karaj,S,Olive,Winter,3.4,No,Next Day Air,No,No,18,1,Weekly,Female_Illinois_39,10/10/2023,FALSE,,0,0,0
2169,3218,44,Female,Orange Juice,Beverages,2900000,Mashhad,M,Silver,Fall,3.4,No,Express,No,No,46,0,Weekly,Female_Oregon_44,4/27/2023,FALSE,,0,0,0
2170,3219,37,Female,Yogurt Bucket,Dairy,1700000,Karaj,M,Teal,Fall,3.9,No,Express,No,No,49,0,Monthly,Female_Florida_37,1/16/2023,FALSE,,0,0,0
2171,3220,57,Female,Yogurt Bucket,Dairy,2000000,Bandar Abbas,L,White,Summer,3.5,No,2-Day Shipping,No,No,39,0,Weekly,Female_Kansas_57,6/15/2023,FALSE,,0,0,0
2172,3221,38,Female,Yogurt Bucket,Dairy,1450000,Rasht,M,Blue,Fall,4.1,No,Free Shipping,No,No,16,1,Monthly,Female_North Dakota_38,7/11/2023,TRUE,Summer Sale Iran,0,1,0
2173,3222,21,Female,Chocolate Bar,Snacks,3800000,Arak,M,Yellow,Winter,3.2,No,Standard,No,No,28,1,Annually,Female_New Hampshire_21,2/22/2023,FALSE,,0,0,0
1975,3223,45,Female,Frozen Chicken,Frozen,4200000,Urmia,S,Maroon,Fall,4.6,No,Store Pickup,No,No,22,0,Quarterly,Female_Texas_45,11/11/2023,FALSE,,0,0,0
1689,3224,68,Female,Frozen Chicken,Frozen,3250000,Tabriz,S,Gray,Spring,3.9,No,Standard,No,No,36,0,Bi-Weekly,Female_Montana_68,12/22/2023,FALSE,,0,0,0
2174,3225,37,Female,Sunflower Oil,Grocery,4000000,Isfahan,L,Indigo,Winter,2.7,No,Free Shipping,No,No,18,0,Monthly,Female_Delaware_37,7/7/2023,FALSE,,0,0,0
2175,3226,53,Female,Mineral Water 1.5L,Beverages,4900000,Ahvaz,M,Pink,Fall,3,No,Store Pickup,No,No,31,0,Weekly,Female_New Hampshire_53,11/26/2023,TRUE,Yalda Festival,0,1,0
2176,3227,57,Female,Sunflower Oil,Grocery,3550000,Shiraz,XL,Beige,Spring,3.3,No,Next Day Air,No,No,38,0,Fortnightly,Female_Minnesota_57,3/16/2023,FALSE,,0,0,0
2177,3228,28,Female,Laundry Detergent,Household,3450000,Tabriz,XL,White,Fall,2.7,No,Free Shipping,No,No,42,0,Quarterly,Female_Alaska_28,3/24/2023,TRUE,Festival Norooz,0,1,1
1864,3229,37,Female,Mineral Water 1.5L,Beverages,4750000,Isfahan,M,Yellow,Spring,4.6,No,2-Day Shipping,No,No,27,0,Annually,Female_Connecticut_37,1/18/2023,FALSE,,0,0,0
1867,3230,54,Female,Fresh Bread,Bakery,3350000,Hamedan,M,Teal,Fall,2.7,No,Express,No,No,24,1,Monthly,Female_Connecticut_54,12/24/2023,FALSE,,0,0,0
2178,3231,49,Female,Mineral Water 1.5L,Beverages,2450000,Yazd,M,Olive,Summer,2.5,No,Next Day Air,No,No,38,0,Annually,Female_Kansas_49,3/22/2023,TRUE,Festival Norooz,0,1,0
2179,3232,62,Female,Potato Chips,Snacks,4850000,Karaj,M,Maroon,Winter,4.4,No,Free Shipping,No,No,9,0,Annually,Female_Nevada_62,3/5/2023,FALSE,,0,0,0
2180,3233,45,Female,Cheddar Cheese,Dairy,1700000,Qom,M,White,Spring,4,No,Next Day Air,No,No,19,0,Monthly,Female_Massachusetts_45,3/8/2023,FALSE,,0,0,0
2181,3234,45,Female,Tea Box,Grocery,3700000,Bandar Abbas,M,Lavender,Fall,3.8,No,Express,No,No,11,0,Bi-Weekly,Female_Indiana_45,2/11/2023,FALSE,,0,0,0
2182,3235,49,Female,Yogurt Bucket,Dairy,4800000,Sari,M,Black,Winter,2.5,No,2-Day Shipping,No,No,16,0,Quarterly,Female_Washington_49,5/31/2023,FALSE,,0,0,0
2037,3236,27,Female,Cheddar Cheese,Dairy,3400000,Kermanshah,M,Green,Summer,4,No,Free Shipping,No,No,18,0,Monthly,Female_Kansas_27,9/26/2023,FALSE,,0,0,0
2183,3237,63,Female,Tea Box,Grocery,4200000,Tabriz,L,Olive,Fall,4.1,No,Next Day Air,No,No,8,1,Monthly,Female_South Carolina_63,1/11/2023,FALSE,,0,0,0
1943,3238,61,Female,Sugar 1kg,Grocery,2850000,Yazd,M,Gray,Summer,2.8,No,Express,No,No,4,1,Weekly,Female_Vermont_61,10/18/2023,FALSE,,0,0,0
2184,3239,25,Female,Mineral Water 1.5L,Beverages,4200000,Qazvin,XL,Teal,Fall,3.4,No,2-Day Shipping,No,No,37,1,Quarterly,Female_Wyoming_25,1/4/2023,FALSE,,0,0,0
2185,3240,33,Female,Rice 10kg,Grocery,1600000,Yazd,M,Charcoal,Fall,2.7,No,2-Day Shipping,No,No,30,1,Monthly,Female_Colorado_33,6/24/2023,FALSE,,0,0,0
1678,3241,56,Female,Shampoo,Personal Care,1850000,Shiraz,M,Violet,Fall,3.8,No,2-Day Shipping,No,No,37,0,Monthly,Female_West Virginia_56,4/24/2023,FALSE,,0,0,0
2186,3242,50,Female,Orange Juice,Beverages,2900000,Qom,M,Lavender,Summer,4.4,No,Store Pickup,No,No,30,0,Quarterly,Female_Connecticut_50,5/3/2023,FALSE,,0,0,0
2187,3243,45,Female,Potato Chips,Snacks,3700000,Ahvaz,S,Beige,Fall,2.8,No,Express,No,No,17,0,Weekly,Female_Oregon_45,5/16/2023,FALSE,,0,0,0
2188,3244,45,Female,Fresh Bread,Bakery,4950000,Ahvaz,L,Black,Summer,5,No,Store Pickup,No,No,11,0,Every 3 Months,Female_Idaho_45,8/26/2023,FALSE,,0,0,0
2095,3245,65,Female,Mixed Nuts,Snacks,4050000,Tehran,M,Black,Fall,4.7,No,Express,No,No,42,0,Annually,Female_Arkansas_65,3/2/2023,FALSE,,0,0,0
2189,3246,63,Female,Chocolate Bar,Snacks,3800000,Ahvaz,M,Purple,Fall,3.2,No,Next Day Air,No,No,20,1,Weekly,Female_Kansas_63,8/23/2023,FALSE,,0,0,0
2190,3247,70,Female,Shampoo,Personal Care,4900000,Arak,M,Magenta,Summer,2.9,No,Store Pickup,No,No,37,1,Monthly,Female_Michigan_70,6/3/2023,FALSE,,0,0,0
2191,3248,53,Female,Baguette,Bakery,4550000,Hamedan,M,Teal,Summer,3.7,No,Express,No,No,12,0,Fortnightly,Female_Arkansas_53,2/14/2023,FALSE,,0,0,0
2192,3249,22,Female,Laundry Detergent,Household,3950000,Kermanshah,S,Teal,Summer,4.2,No,Free Shipping,No,No,41,0,Quarterly,Female_Pennsylvania_22,7/7/2023,FALSE,,0,0,0
2193,3250,26,Female,Mineral Water 1.5L,Beverages,4150000,Ahvaz,M,Pink,Summer,3.4,No,Express,No,No,32,0,Quarterly,Female_Virginia_26,5/3/2023,FALSE,,0,0,0
2194,3251,23,Female,Cola 1.5L,Beverages,4500000,Rasht,M,Teal,Spring,2.9,No,2-Day Shipping,No,No,15,0,Weekly,Female_Minnesota_23,5/28/2023,FALSE,,0,0,0
2195,3252,25,Female,Chocolate Bar,Snacks,1000000,Isfahan,M,Gold,Winter,3.7,No,Standard,No,No,39,0,Quarterly,Female_Nevada_25,1/7/2023,FALSE,,0,0,0
2196,3253,69,Female,Mineral Water 1.5L,Beverages,1050000,Qom,L,Brown,Spring,2.7,No,Store Pickup,No,No,48,0,Fortnightly,Female_Montana_69,9/6/2023,FALSE,,0,0,0
2197,3254,36,Female,Body Wash,Personal Care,3000000,Qom,M,Brown,Fall,3.2,No,2-Day Shipping,No,No,8,0,Fortnightly,Female_Nebraska_36,1/28/2023,FALSE,,0,0,0
2198,3255,21,Female,Rice 10kg,Grocery,1550000,Qom,S,Magenta,Winter,4.9,No,Store Pickup,No,No,11,0,Every 3 Months,Female_Indiana_21,8/16/2023,FALSE,,0,0,0
2199,3256,57,Female,Chocolate Bar,Snacks,2000000,Qom,M,Black,Fall,2.8,No,Next Day Air,No,No,36,0,Monthly,Female_New Jersey_57,12/18/2023,FALSE,,0,0,0
2200,3257,60,Female,Sugar 1kg,Grocery,1300000,Kermanshah,L,Teal,Winter,4.7,No,Free Shipping,No,No,50,0,Every 3 Months,Female_Wisconsin_60,6/26/2023,FALSE,,0,0,0
2201,3258,44,Female,Paper Towel Pack,Household,4900000,Qazvin,M,Brown,Fall,3.3,No,Express,No,No,39,0,Every 3 Months,Female_Minnesota_44,9/28/2023,FALSE,,0,0,0
2202,3259,31,Female,Pasta Pack,Grocery,2550000,Ahvaz,M,Magenta,Spring,4.3,No,Express,No,No,11,0,Bi-Weekly,Female_New Jersey_31,9/4/2023,FALSE,,0,0,0
2203,3260,57,Female,Paper Towel Pack,Household,4750000,Qazvin,XL,Indigo,Fall,3.7,No,2-Day Shipping,No,No,5,0,Every 3 Months,Female_Oklahoma_57,8/12/2023,FALSE,,0,0,0
2204,3261,39,Female,Orange Juice,Beverages,1800000,Shiraz,M,Violet,Summer,4.5,No,2-Day Shipping,No,No,7,0,Annually,Female_Wisconsin_39,9/14/2023,FALSE,,0,0,0
2023,3262,48,Female,Sugar 1kg,Grocery,2600000,Kerman,L,Cyan,Winter,3.4,No,Store Pickup,No,No,50,0,Weekly,Female_Rhode Island_48,6/3/2023,FALSE,,0,0,0
2205,3263,42,Female,Cheddar Cheese,Dairy,1750000,Karaj,M,Violet,Spring,2.7,No,Standard,No,No,21,1,Every 3 Months,Female_Indiana_42,3/24/2023,TRUE,Festival Norooz,0,1,0
2206,3264,56,Female,Chocolate Bar,Snacks,3400000,Kerman,S,Black,Fall,4.4,No,Express,No,No,31,0,Fortnightly,Female_Vermont_56,1/13/2023,FALSE,,0,0,0
1933,3265,28,Female,Shampoo,Personal Care,2500000,Qazvin,S,Charcoal,Winter,4,No,Express,No,No,39,1,Bi-Weekly,Female_Maine_28,7/2/2023,FALSE,,0,0,0
1924,3266,40,Female,Pasta Pack,Grocery,5000000,Arak,M,White,Winter,3.2,No,Express,No,No,28,0,Fortnightly,Female_Alabama_40,8/16/2023,FALSE,,0,0,0
2207,3267,49,Female,Frozen Chicken,Frozen,3700000,Mashhad,S,Gray,Winter,4.2,No,Next Day Air,No,No,33,0,Weekly,Female_Alabama_49,2/14/2023,FALSE,,0,0,0
2208,3268,37,Female,Cola 1.5L,Beverages,2250000,Mashhad,L,Pink,Winter,3,No,Store Pickup,No,No,42,0,Quarterly,Female_Idaho_37,8/1/2023,FALSE,,0,0,0
2209,3269,22,Female,Laundry Detergent,Household,4850000,Mashhad,M,Cyan,Fall,2.8,No,Free Shipping,No,No,5,0,Every 3 Months,Female_Arkansas_22,9/25/2023,FALSE,,0,0,0
2210,3270,27,Female,Mineral Water 1.5L,Beverages,3000000,Kermanshah,M,Blue,Winter,4.9,No,Express,No,No,25,1,Monthly,Female_Ohio_27,2/28/2023,FALSE,,0,0,0
2211,3271,59,Female,Body Wash,Personal Care,1250000,Sari,M,Indigo,Winter,4.7,No,Express,No,No,48,0,Annually,Female_Illinois_59,7/5/2023,FALSE,,0,0,0
2212,3272,35,Female,Cola 1.5L,Beverages,2750000,Hamedan,XL,Magenta,Spring,4.4,No,Standard,No,No,30,0,Weekly,Female_Nevada_35,1/5/2023,FALSE,,0,0,0
2213,3273,58,Female,Rice 10kg,Grocery,4950000,Arak,M,Lavender,Winter,3.1,No,Next Day Air,No,No,34,0,Quarterly,Female_Texas_58,1/5/2023,FALSE,,0,0,0
1852,3274,58,Female,Sunflower Oil,Grocery,2250000,Kermanshah,S,Orange,Summer,2.6,No,Free Shipping,No,No,34,0,Every 3 Months,Female_Nevada_58,5/22/2023,FALSE,,0,0,0
2214,3275,46,Female,Body Wash,Personal Care,1000000,Shiraz,M,Cyan,Spring,3.9,No,Store Pickup,No,No,14,1,Fortnightly,Female_Oklahoma_46,9/12/2023,FALSE,,0,0,0
2215,3276,43,Female,Yogurt Bucket,Dairy,4400000,Rasht,XL,Green,Summer,2.6,No,2-Day Shipping,No,No,2,0,Weekly,Female_Alabama_43,3/15/2023,FALSE,,0,0,0
2216,3277,39,Female,Cola 1.5L,Beverages,4950000,Bandar Abbas,M,White,Summer,4,No,Store Pickup,No,No,41,0,Every 3 Months,Female_South Dakota_39,12/20/2023,FALSE,,0,0,0
1674,3278,59,Female,Body Wash,Personal Care,4300000,Karaj,M,Blue,Spring,4.9,No,Store Pickup,No,No,3,0,Monthly,Female_Texas_59,8/25/2023,FALSE,,0,0,0
2217,3279,59,Female,Mineral Water 1.5L,Beverages,3500000,Mashhad,M,Black,Summer,3.3,No,2-Day Shipping,No,No,18,0,Weekly,Female_Montana_59,1/23/2023,FALSE,,0,0,0
2218,3280,59,Female,Mineral Water 1.5L,Beverages,2500000,Tehran,S,Red,Fall,3,No,Express,No,No,1,0,Fortnightly,Female_Wyoming_59,1/15/2023,FALSE,,0,0,0
2219,3281,45,Female,Pasta Pack,Grocery,2850000,Kermanshah,L,Red,Winter,2.7,No,Next Day Air,No,No,5,0,Monthly,Female_New York_45,7/15/2023,TRUE,Summer Sale Iran,0,1,0
2220,3282,27,Female,Dishwashing Liquid,Household,3450000,Ahvaz,L,Gold,Winter,3.1,No,Free Shipping,No,No,41,0,Annually,Female_Oregon_27,10/3/2023,FALSE,,0,0,0
2221,3283,24,Female,Orange Juice,Beverages,4700000,Arak,M,Red,Fall,4.8,No,Next Day Air,No,No,5,0,Monthly,Female_California_24,4/29/2023,FALSE,,0,0,0
2222,3284,47,Female,Frozen Pizza,Frozen,1200000,Arak,L,Purple,Spring,2.9,No,Express,No,No,10,0,Every 3 Months,Female_North Carolina_47,3/29/2023,TRUE,Festival Norooz,0,1,0
2223,3285,70,Female,Yogurt Bucket,Dairy,3950000,Tehran,L,White,Spring,4.5,No,2-Day Shipping,No,No,20,0,Annually,Female_Kentucky_70,5/12/2023,FALSE,,0,0,0
2224,3286,58,Female,Potato Chips,Snacks,1550000,Tehran,XL,Magenta,Fall,4.6,No,Free Shipping,No,No,11,1,Weekly,Female_Hawaii_58,10/28/2023,FALSE,,0,0,0
2025,3287,45,Female,Mixed Nuts,Snacks,3350000,Yazd,L,Pink,Winter,5,No,Express,No,No,4,0,Fortnightly,Female_Illinois_45,6/29/2023,FALSE,,0,0,0
2225,3288,24,Female,Milk 1L,Dairy,3150000,Karaj,L,Black,Spring,4.3,No,2-Day Shipping,No,No,38,0,Weekly,Female_West Virginia_24,8/29/2023,FALSE,,0,0,0
2226,3289,67,Female,Tea Box,Grocery,3050000,Isfahan,XL,White,Spring,4.9,No,Next Day Air,No,No,19,0,Bi-Weekly,Female_South Carolina_67,10/4/2023,FALSE,,0,0,0
1735,3290,31,Female,Dishwashing Liquid,Household,2500000,Urmia,M,Maroon,Summer,4,No,2-Day Shipping,No,No,16,0,Every 3 Months,Female_Montana_31,11/6/2023,FALSE,,0,0,0
2227,3291,52,Female,Laundry Detergent,Household,4100000,Isfahan,L,Black,Spring,3.1,No,Free Shipping,No,No,2,0,Monthly,Female_North Dakota_52,8/4/2023,FALSE,,0,0,0
2228,3292,29,Female,Pasta Pack,Grocery,2550000,Sari,L,Olive,Fall,2.6,No,2-Day Shipping,No,No,11,1,Monthly,Female_New Mexico_29,2/4/2023,FALSE,,0,0,0
2229,3293,62,Female,Milk 1L,Dairy,1150000,Sari,L,Gray,Spring,4.9,No,Standard,No,No,18,0,Fortnightly,Female_Missouri_62,1/4/2023,FALSE,,0,0,0
2230,3294,19,Female,Tea Box,Grocery,4550000,Bandar Abbas,M,Gold,Spring,3.5,No,2-Day Shipping,No,No,47,0,Fortnightly,Female_West Virginia_19,6/12/2023,FALSE,,0,0,0
2231,3295,62,Female,Rice 10kg,Grocery,3000000,Tehran,S,Magenta,Spring,4.5,No,Store Pickup,No,No,15,0,Bi-Weekly,Female_South Carolina_62,11/11/2023,FALSE,,0,0,0
2232,3296,70,Female,Mineral Water 1.5L,Beverages,1700000,Urmia,S,Lavender,Summer,2.8,No,Next Day Air,No,No,15,1,Weekly,Female_West Virginia_70,8/20/2023,FALSE,,0,0,0
2233,3297,20,Female,Cola 1.5L,Beverages,1150000,Sari,M,Green,Spring,4.2,No,Next Day Air,No,No,47,0,Quarterly,Female_Alaska_20,9/8/2023,FALSE,,0,0,0
2234,3298,67,Female,Mineral Water 1.5L,Beverages,4100000,Urmia,M,Violet,Fall,4.1,No,Free Shipping,No,No,47,0,Monthly,Female_West Virginia_67,2/23/2023,FALSE,,0,0,0
1875,3299,65,Female,Milk 1L,Dairy,3650000,Ahvaz,M,Brown,Fall,3.5,No,Express,No,No,6,0,Every 3 Months,Female_New Mexico_65,6/13/2023,FALSE,,0,0,0
2235,3300,45,Female,Laundry Detergent,Household,1600000,Hamedan,L,Teal,Spring,4,No,2-Day Shipping,No,No,18,0,Monthly,Female_South Dakota_45,9/16/2023,FALSE,,0,0,0
2236,3301,26,Female,Cheddar Cheese,Dairy,4000000,Tehran,M,Charcoal,Spring,4,No,Express,No,No,40,0,Bi-Weekly,Female_Oklahoma_26,4/8/2023,FALSE,,0,0,0
2237,3302,36,Female,Chocolate Bar,Snacks,2900000,Kermanshah,XL,Charcoal,Summer,2.5,No,Free Shipping,No,No,31,0,Fortnightly,Female_Oklahoma_36,10/28/2023,FALSE,,0,0,0
1927,3303,36,Female,Fresh Bread,Bakery,4100000,Yazd,XL,Beige,Winter,4.2,No,Standard,No,No,31,0,Bi-Weekly,Female_Alabama_36,4/26/2023,FALSE,,0,0,0
2238,3304,20,Female,Cheddar Cheese,Dairy,3000000,Sari,S,Turquoise,Summer,3.4,No,Next Day Air,No,No,4,0,Fortnightly,Female_Mississippi_20,4/21/2023,FALSE,,0,0,0
2121,3305,30,Female,Baguette,Bakery,3950000,Shiraz,XL,Orange,Fall,4.8,No,Next Day Air,No,No,36,0,Every 3 Months,Female_Mississippi_30,1/10/2023,FALSE,,0,0,0
2239,3306,34,Female,Pasta Pack,Grocery,2050000,Shiraz,L,Cyan,Summer,4.9,No,Standard,No,No,31,0,Bi-Weekly,Female_Nebraska_34,2/16/2023,FALSE,,0,0,0
2240,3307,63,Female,Frozen Chicken,Frozen,1950000,Arak,L,Orange,Summer,3.6,No,Store Pickup,No,No,6,0,Fortnightly,Female_Colorado_63,5/7/2023,FALSE,,0,0,0
1777,3308,18,Female,Pasta Pack,Grocery,1800000,Kerman,S,Green,Winter,4,No,Store Pickup,No,No,1,1,Monthly,Female_Pennsylvania_18,9/1/2023,FALSE,,0,0,0
2241,3309,55,Female,Baguette,Bakery,3500000,Bandar Abbas,M,Pink,Fall,2.6,No,Express,No,No,29,1,Monthly,Female_Utah_55,5/19/2023,FALSE,,0,0,0
2242,3310,48,Female,Chocolate Bar,Snacks,2350000,Rasht,M,Blue,Summer,3.1,No,Store Pickup,No,No,19,0,Monthly,Female_Massachusetts_48,5/1/2023,FALSE,,0,0,0
2243,3311,45,Female,Mineral Water 1.5L,Beverages,1350000,Qazvin,M,Pink,Winter,3.6,No,Free Shipping,No,No,12,0,Fortnightly,Female_Iowa_45,6/15/2023,FALSE,,0,0,0
2244,3312,29,Female,Pasta Pack,Grocery,2600000,Bandar Abbas,L,Blue,Summer,4,No,Express,No,No,18,0,Annually,Female_Florida_29,6/10/2023,FALSE,,0,0,0
2094,3313,55,Female,Potato Chips,Snacks,3750000,Qazvin,L,Black,Summer,3.9,No,Next Day Air,No,No,45,1,Quarterly,Female_Louisiana_55,10/4/2023,FALSE,,0,0,0
1773,3314,55,Female,Shampoo,Personal Care,1500000,Mashhad,XL,Black,Fall,3.9,No,Express,No,No,45,0,Monthly,Female_Kansas_55,12/4/2023,FALSE,,0,0,0
1773,3315,55,Female,Laundry Detergent,Household,4700000,Shiraz,M,Violet,Spring,3.3,No,Standard,No,No,8,0,Quarterly,Female_Kansas_55,10/31/2023,FALSE,,0,0,0
2245,3316,48,Female,Tea Box,Grocery,3400000,Kerman,S,Gold,Summer,2.9,No,Standard,No,No,4,0,Every 3 Months,Female_Kentucky_48,11/3/2023,FALSE,,0,0,0
2246,3317,42,Female,Potato Chips,Snacks,2250000,Rasht,M,Olive,Summer,3.1,No,Free Shipping,No,No,5,0,Fortnightly,Female_New Mexico_42,7/3/2023,FALSE,,0,0,0
2026,3318,21,Female,Shampoo,Personal Care,3350000,Qazvin,XL,Pink,Summer,4.7,No,Standard,No,No,30,1,Quarterly,Female_North Carolina_21,12/10/2023,FALSE,,0,0,0
2110,3319,45,Female,Dishwashing Liquid,Household,2300000,Shiraz,M,Olive,Summer,3.9,No,Free Shipping,No,No,15,0,Monthly,Female_North Dakota_45,3/10/2023,FALSE,,0,0,0
2247,3320,23,Female,Rice 10kg,Grocery,1550000,Yazd,M,Indigo,Summer,4.3,No,Next Day Air,No,No,17,0,Every 3 Months,Female_North Dakota_23,11/7/2023,FALSE,,0,0,0
2248,3321,66,Female,Laundry Detergent,Household,2200000,Sari,XL,Silver,Fall,4.2,No,2-Day Shipping,No,No,45,1,Every 3 Months,Female_Illinois_66,8/26/2023,FALSE,,0,0,0
2035,3322,32,Female,Rice 10kg,Grocery,5000000,Hamedan,S,Charcoal,Winter,4.3,No,Next Day Air,No,No,3,0,Annually,Female_Maine_32,12/11/2023,FALSE,,0,0,0
1662,3323,52,Female,Rice 10kg,Grocery,4600000,Mashhad,XL,Orange,Winter,4.6,No,Next Day Air,No,No,43,0,Weekly,Female_Indiana_52,6/22/2023,FALSE,,0,0,0
2249,3324,54,Female,Sugar 1kg,Grocery,3900000,Tehran,M,Yellow,Winter,3.8,No,Free Shipping,No,No,4,0,Monthly,Female_North Dakota_54,1/21/2023,FALSE,,0,0,0
2250,3325,37,Female,Sugar 1kg,Grocery,1600000,Rasht,S,Red,Fall,3.3,No,Standard,No,No,41,0,Weekly,Female_Missouri_37,6/2/2023,FALSE,,0,0,0
2251,3326,29,Female,Tea Box,Grocery,4850000,Rasht,M,Maroon,Fall,3.7,No,2-Day Shipping,No,No,16,0,Monthly,Female_Alaska_29,12/21/2023,FALSE,,0,0,0
1871,3327,47,Female,Orange Juice,Beverages,4750000,Isfahan,M,Magenta,Summer,4.3,No,Standard,No,No,10,0,Annually,Female_North Dakota_47,7/21/2023,FALSE,,0,0,0
2252,3328,47,Female,Frozen Pizza,Frozen,3200000,Qom,M,Black,Spring,4.1,No,Express,No,No,2,0,Quarterly,Female_Connecticut_47,1/28/2023,FALSE,,0,0,0
2253,3329,42,Female,Dishwashing Liquid,Household,1750000,Tehran,M,Violet,Spring,3.2,No,Free Shipping,No,No,11,1,Bi-Weekly,Female_Wisconsin_42,4/3/2023,FALSE,,0,0,0
2254,3330,34,Female,Body Wash,Personal Care,2700000,Isfahan,M,Gray,Winter,3.8,No,Express,No,No,1,0,Bi-Weekly,Female_New Jersey_34,7/24/2023,FALSE,,0,0,0
2255,3331,38,Female,Frozen Chicken,Frozen,4800000,Rasht,M,Black,Spring,3.2,No,2-Day Shipping,No,No,41,0,Quarterly,Female_Missouri_38,5/5/2023,FALSE,,0,0,0
2256,3332,55,Female,Yogurt Bucket,Dairy,2900000,Rasht,M,Pink,Summer,3.5,No,Free Shipping,No,No,39,0,Quarterly,Female_California_55,12/11/2023,FALSE,,0,0,0
2257,3333,27,Female,Laundry Detergent,Household,1150000,Tehran,M,Silver,Summer,3.1,No,2-Day Shipping,No,No,1,0,Bi-Weekly,Female_Washington_27,8/24/2023,FALSE,,0,0,0
2258,3334,55,Female,Toothpaste,Personal Care,1750000,Qom,M,Violet,Spring,4.2,No,Express,No,No,3,0,Monthly,Female_Minnesota_55,4/22/2023,FALSE,,0,0,0
2259,3335,66,Female,Frozen Pizza,Frozen,1150000,Rasht,M,Beige,Summer,3.4,No,Free Shipping,No,No,21,0,Annually,Female_California_66,11/22/2023,TRUE,Yalda Festival,0,1,0
2260,3336,44,Female,Mineral Water 1.5L,Beverages,4700000,Rasht,XL,Cyan,Winter,3.5,No,Express,No,No,48,0,Quarterly,Female_Texas_44,7/3/2023,FALSE,,0,0,0
2261,3337,39,Female,Potato Chips,Snacks,2250000,Yazd,M,Brown,Fall,4,No,Free Shipping,No,No,24,0,Annually,Female_Montana_39,4/24/2023,FALSE,,0,0,0
2262,3338,23,Female,Cola 1.5L,Beverages,1150000,Qom,L,Blue,Winter,4.4,No,2-Day Shipping,No,No,45,0,Bi-Weekly,Female_Arizona_23,2/8/2023,FALSE,,0,0,0
2263,3339,29,Female,Toothpaste,Personal Care,4700000,Mashhad,L,White,Winter,2.9,No,2-Day Shipping,No,No,46,0,Monthly,Female_Minnesota_29,1/2/2023,FALSE,,0,0,0
2264,3340,20,Female,Cola 1.5L,Beverages,4950000,Shiraz,M,Cyan,Fall,3.6,No,Store Pickup,No,No,35,1,Fortnightly,Female_Nebraska_20,8/10/2023,FALSE,,0,0,0
2265,3341,42,Female,Cola 1.5L,Beverages,1800000,Karaj,XL,Maroon,Fall,4.4,No,Free Shipping,No,No,47,0,Fortnightly,Female_Virginia_42,8/2/2023,FALSE,,0,0,0
2266,3342,55,Female,Shampoo,Personal Care,2500000,Arak,XL,Olive,Summer,4.5,No,Standard,No,No,35,0,Monthly,Female_Connecticut_55,3/10/2023,FALSE,,0,0,0
2267,3343,66,Female,Chocolate Bar,Snacks,4050000,Arak,M,Violet,Spring,3.8,No,Free Shipping,No,No,45,0,Weekly,Female_New Jersey_66,8/5/2023,FALSE,,0,0,0
1874,3344,24,Female,Mineral Water 1.5L,Beverages,1550000,Kermanshah,XL,Green,Winter,3.6,No,2-Day Shipping,No,No,6,1,Bi-Weekly,Female_Kentucky_24,2/11/2023,FALSE,,0,0,0
2268,3345,62,Female,Toothpaste,Personal Care,2400000,Hamedan,XL,Magenta,Fall,4.3,No,Free Shipping,No,No,20,1,Annually,Female_Washington_62,6/11/2023,FALSE,,0,0,0
2269,3346,28,Female,Yogurt Bucket,Dairy,4550000,Hamedan,M,Turquoise,Summer,4,No,2-Day Shipping,No,No,3,0,Bi-Weekly,Female_Florida_28,6/9/2023,FALSE,,0,0,0
2270,3347,30,Female,Fresh Bread,Bakery,4950000,Isfahan,M,Black,Summer,3.4,No,Express,No,No,30,0,Quarterly,Female_Oklahoma_30,6/17/2023,FALSE,,0,0,0
1945,3348,22,Female,Rice 10kg,Grocery,3500000,Sari,XL,Cyan,Summer,4.4,No,Standard,No,No,28,0,Bi-Weekly,Female_Iowa_22,2/20/2023,FALSE,,0,0,0
2271,3349,28,Female,Laundry Detergent,Household,3700000,Karaj,L,Gray,Winter,2.8,No,Standard,No,No,15,1,Every 3 Months,Female_New Hampshire_28,5/22/2023,FALSE,,0,0,0
1823,3350,35,Female,Toothpaste,Personal Care,3950000,Shiraz,M,Red,Fall,2.8,No,Store Pickup,No,No,29,0,Quarterly,Female_Georgia_35,4/25/2023,FALSE,,0,0,0
2272,3351,45,Female,Cheddar Cheese,Dairy,1650000,Urmia,S,Olive,Fall,4.9,No,2-Day Shipping,No,No,15,1,Bi-Weekly,Female_Mississippi_45,1/21/2023,FALSE,,0,0,0
2273,3352,43,Female,Potato Chips,Snacks,2450000,Sari,L,Cyan,Spring,4.2,No,2-Day Shipping,No,No,18,0,Fortnightly,Female_New Hampshire_43,5/17/2023,FALSE,,0,0,0
2274,3353,55,Female,Toothpaste,Personal Care,4800000,Qazvin,M,Teal,Summer,2.9,No,Next Day Air,No,No,7,0,Bi-Weekly,Female_Washington_55,1/7/2023,FALSE,,0,0,0
2275,3354,31,Female,Toothpaste,Personal Care,3300000,Sari,L,Teal,Fall,4.6,No,Free Shipping,No,No,19,0,Every 3 Months,Female_Ohio_31,3/14/2023,FALSE,,0,0,0
2276,3355,42,Female,Laundry Detergent,Household,2250000,Tabriz,M,Orange,Fall,2.8,No,Next Day Air,No,No,15,0,Weekly,Female_Maryland_42,6/25/2023,FALSE,,0,0,0
2277,3356,40,Female,Dishwashing Liquid,Household,1400000,Isfahan,M,Peach,Spring,2.6,No,Store Pickup,No,No,3,0,Bi-Weekly,Female_Delaware_40,8/21/2023,FALSE,,0,0,0
2278,3357,39,Female,Sugar 1kg,Grocery,2400000,Qom,M,Silver,Summer,3.5,No,Store Pickup,No,No,13,0,Bi-Weekly,Female_Tennessee_39,10/29/2023,FALSE,,0,0,0
2279,3358,41,Female,Potato Chips,Snacks,3350000,Mashhad,M,Pink,Winter,3.5,No,Free Shipping,No,No,37,0,Monthly,Female_Arkansas_41,7/25/2023,FALSE,,0,0,0
1709,3359,56,Female,Body Wash,Personal Care,2950000,Shiraz,M,Magenta,Fall,3.4,No,2-Day Shipping,No,No,26,1,Annually,Female_Tennessee_56,11/15/2023,FALSE,,0,0,0
2273,3360,43,Female,Sunflower Oil,Grocery,3700000,Qom,L,Red,Fall,3.9,No,Next Day Air,No,No,29,0,Monthly,Female_New Hampshire_43,10/28/2023,FALSE,,0,0,0
2280,3361,22,Female,Frozen Chicken,Frozen,4050000,Bandar Abbas,M,Maroon,Spring,3.3,No,2-Day Shipping,No,No,47,1,Every 3 Months,Female_Minnesota_22,10/12/2023,FALSE,,0,0,0
2281,3362,47,Female,Yogurt Bucket,Dairy,1300000,Qom,M,Silver,Spring,4.1,No,Free Shipping,No,No,47,0,Bi-Weekly,Female_Florida_47,10/19/2023,FALSE,,0,0,0
1701,3363,50,Female,Toothpaste,Personal Care,3050000,Isfahan,M,Gray,Summer,3,No,Next Day Air,No,No,48,0,Fortnightly,Female_Tennessee_50,7/4/2023,FALSE,,0,0,0
2282,3364,58,Female,Baguette,Bakery,1150000,Karaj,M,Turquoise,Winter,3,No,Next Day Air,No,No,46,0,Bi-Weekly,Female_California_58,10/24/2023,FALSE,,0,0,0
2081,3365,50,Female,Paper Towel Pack,Household,1650000,Qom,M,Peach,Fall,3.2,No,Standard,No,No,7,0,Monthly,Female_Oregon_50,12/3/2023,FALSE,,0,0,0
2283,3366,43,Female,Mineral Water 1.5L,Beverages,2900000,Urmia,L,Teal,Fall,3.9,No,Express,No,No,45,0,Every 3 Months,Female_Tennessee_43,9/24/2023,FALSE,,0,0,0
2284,3367,38,Female,Sugar 1kg,Grocery,3250000,Yazd,M,Red,Spring,3.6,No,2-Day Shipping,No,No,47,0,Quarterly,Female_North Carolina_38,10/18/2023,FALSE,,0,0,0
2285,3368,44,Female,Frozen Chicken,Frozen,2400000,Kerman,M,Blue,Summer,3.1,No,Store Pickup,No,No,6,0,Fortnightly,Female_Tennessee_44,1/1/2023,FALSE,,0,0,0
1717,3369,30,Female,Pasta Pack,Grocery,1250000,Kerman,M,Blue,Spring,4.8,No,Express,No,No,29,0,Every 3 Months,Female_Nebraska_30,10/30/2023,FALSE,,0,0,0
2286,3370,47,Female,Sunflower Oil,Grocery,2550000,Rasht,M,Indigo,Winter,3.8,No,2-Day Shipping,No,No,42,1,Monthly,Female_Maine_47,5/14/2023,FALSE,,0,0,0
2287,3371,30,Female,Yogurt Bucket,Dairy,1550000,Shiraz,M,Charcoal,Summer,2.8,No,Store Pickup,No,No,46,1,Fortnightly,Female_Illinois_30,5/18/2023,FALSE,,0,0,0
2288,3372,49,Female,Frozen Pizza,Frozen,4950000,Rasht,S,Turquoise,Winter,4,No,Next Day Air,No,No,28,0,Annually,Female_Colorado_49,12/29/2023,FALSE,,0,0,0
2289,3373,56,Female,Potato Chips,Snacks,1250000,Ahvaz,M,Maroon,Winter,4.6,No,Free Shipping,No,No,14,0,Every 3 Months,Female_Pennsylvania_56,12/18/2023,FALSE,,0,0,0
2290,3374,70,Female,Mixed Nuts,Snacks,2600000,Isfahan,M,Purple,Spring,3.5,No,Store Pickup,No,No,12,0,Every 3 Months,Female_Minnesota_70,6/10/2023,FALSE,,0,0,0
1891,3375,22,Female,Rice 10kg,Grocery,2350000,Kerman,S,Lavender,Spring,3.7,No,2-Day Shipping,No,No,41,0,Annually,Female_Nevada_22,7/5/2023,FALSE,,0,0,0
2291,3376,51,Female,Paper Towel Pack,Household,4900000,Tabriz,XL,Yellow,Fall,4.9,No,Express,No,No,8,0,Annually,Female_Connecticut_51,5/18/2023,FALSE,,0,0,0
2292,3377,22,Female,Pasta Pack,Grocery,2300000,Isfahan,M,Green,Winter,4.1,No,Store Pickup,No,No,24,1,Quarterly,Female_Ohio_22,10/5/2023,FALSE,,0,0,0
2293,3378,37,Female,Shampoo,Personal Care,1600000,Qom,M,Yellow,Winter,4.6,No,Next Day Air,No,No,18,0,Fortnightly,Female_Kentucky_37,8/23/2023,FALSE,,0,0,0
2294,3379,49,Female,Fresh Bread,Bakery,3750000,Rasht,L,Gold,Fall,4.5,No,Next Day Air,No,No,6,1,Quarterly,Female_Minnesota_49,10/5/2023,FALSE,,0,0,0
2295,3380,61,Female,Mixed Nuts,Snacks,2550000,Arak,L,Turquoise,Summer,5,No,Store Pickup,No,No,40,1,Weekly,Female_Tennessee_61,10/4/2023,FALSE,,0,0,0
1983,3381,41,Female,Dishwashing Liquid,Household,2600000,Tabriz,L,Blue,Summer,3.8,No,Standard,No,No,6,0,Every 3 Months,Female_North Dakota_41,10/24/2023,FALSE,,0,0,0
2176,3382,57,Female,Toothpaste,Personal Care,3300000,Isfahan,L,Turquoise,Winter,4.7,No,Standard,No,No,27,0,Quarterly,Female_Minnesota_57,1/3/2023,FALSE,,0,0,0
2239,3383,34,Female,Sunflower Oil,Grocery,1750000,Tehran,M,Maroon,Spring,2.8,No,Express,No,No,2,0,Weekly,Female_Nebraska_34,7/15/2023,TRUE,Summer Sale Iran,1,1,0
2296,3384,27,Female,Mineral Water 1.5L,Beverages,2150000,Tehran,M,Pink,Fall,2.6,No,Next Day Air,No,No,39,0,Bi-Weekly,Female_Delaware_27,2/27/2023,FALSE,,0,0,0
2297,3385,39,Female,Mineral Water 1.5L,Beverages,1200000,Karaj,L,Maroon,Summer,3.8,No,Free Shipping,No,No,9,0,Quarterly,Female_Minnesota_39,11/23/2023,TRUE,Yalda Festival,0,1,0
2298,3386,62,Female,Rice 10kg,Grocery,4150000,Shiraz,M,Olive,Winter,2.8,No,Standard,No,No,16,0,Every 3 Months,Female_Rhode Island_62,9/12/2023,FALSE,,0,0,0
2299,3387,34,Female,Laundry Detergent,Household,3100000,Tabriz,M,Lavender,Fall,2.6,No,2-Day Shipping,No,No,36,1,Quarterly,Female_Michigan_34,1/9/2023,FALSE,,0,0,0
2300,3388,53,Female,Mixed Nuts,Snacks,3900000,Yazd,S,Pink,Spring,3.4,No,2-Day Shipping,No,No,2,0,Bi-Weekly,Female_New Jersey_53,10/19/2023,FALSE,,0,0,0
2301,3389,35,Female,Frozen Chicken,Frozen,3050000,Urmia,M,Cyan,Spring,4.5,No,Store Pickup,No,No,21,0,Weekly,Female_South Dakota_35,6/15/2023,FALSE,,0,0,0
2284,3390,38,Female,Paper Towel Pack,Household,2850000,Hamedan,L,Maroon,Fall,3.8,No,Free Shipping,No,No,39,0,Annually,Female_North Carolina_38,10/5/2023,FALSE,,0,0,0
2302,3391,32,Female,Milk 1L,Dairy,3500000,Kerman,S,Red,Summer,3,No,Next Day Air,No,No,38,0,Annually,Female_Oregon_32,12/25/2023,FALSE,,0,0,0
2303,3392,47,Female,Cheddar Cheese,Dairy,2850000,Tehran,M,Silver,Fall,3.7,No,2-Day Shipping,No,No,6,0,Every 3 Months,Female_Montana_47,11/24/2023,TRUE,Yalda Festival,0,1,0
2300,3393,53,Female,Fresh Bread,Bakery,3700000,Kerman,XL,Blue,Winter,4.4,No,Free Shipping,No,No,6,0,Bi-Weekly,Female_New Jersey_53,12/23/2023,FALSE,,0,0,0
2304,3394,60,Female,Milk 1L,Dairy,4500000,Yazd,M,Gold,Fall,3.1,No,Next Day Air,No,No,50,0,Monthly,Female_Arizona_60,10/2/2023,FALSE,,0,0,0
2305,3395,31,Female,Frozen Pizza,Frozen,4900000,Ahvaz,S,Yellow,Spring,4.2,No,Store Pickup,No,No,9,0,Annually,Female_Vermont_31,7/14/2023,TRUE,Summer Sale Iran,0,1,1
2306,3396,44,Female,Sugar 1kg,Grocery,2150000,Tabriz,M,Silver,Winter,3.1,No,Free Shipping,No,No,15,0,Every 3 Months,Female_Colorado_44,3/22/2023,TRUE,Festival Norooz,0,1,0
2307,3397,29,Female,Cola 1.5L,Beverages,1850000,Tehran,XL,Black,Winter,5,No,Next Day Air,No,No,5,0,Quarterly,Female_Tennessee_29,3/26/2023,TRUE,Festival Norooz,0,1,1
2308,3398,19,Female,Tea Box,Grocery,1900000,Sari,L,Yellow,Summer,2.7,No,Standard,No,No,13,0,Bi-Weekly,Female_New Jersey_19,8/6/2023,FALSE,,0,0,0
2309,3399,54,Female,Shampoo,Personal Care,3000000,Bandar Abbas,L,Pink,Winter,3.8,No,Standard,No,No,44,1,Fortnightly,Female_Montana_54,11/16/2023,FALSE,,0,0,0
2010,3400,40,Female,Orange Juice,Beverages,2750000,Qom,XL,Yellow,Winter,3.3,No,Standard,No,No,36,0,Annually,Female_Montana_40,8/29/2023,FALSE,,0,0,0
2310,3401,39,Female,Laundry Detergent,Household,2550000,Isfahan,M,Lavender,Fall,4.8,No,Free Shipping,No,No,18,0,Fortnightly,Female_Nevada_39,10/2/2023,FALSE,,0,0,0
2311,3402,44,Female,Milk 1L,Dairy,3550000,Ahvaz,L,Peach,Winter,3.4,No,Standard,No,No,39,0,Weekly,Female_Nevada_44,12/8/2023,FALSE,,0,0,0
2312,3403,22,Female,Rice 10kg,Grocery,3050000,Bandar Abbas,M,Black,Spring,4.4,No,2-Day Shipping,No,No,11,0,Every 3 Months,Female_Louisiana_22,7/19/2023,TRUE,Summer Sale Iran,0,1,0
2287,3404,30,Female,Toothpaste,Personal Care,3250000,Qom,M,Olive,Summer,3.9,No,Standard,No,No,1,1,Bi-Weekly,Female_Illinois_30,2/5/2023,FALSE,,0,0,0
2313,3405,69,Female,Mixed Nuts,Snacks,1700000,Qom,L,Olive,Fall,3.9,No,2-Day Shipping,No,No,34,0,Annually,Female_South Carolina_69,8/22/2023,FALSE,,0,0,0
2314,3406,28,Female,Body Wash,Personal Care,4350000,Tabriz,M,White,Summer,4.2,No,Store Pickup,No,No,47,0,Bi-Weekly,Female_Washington_28,4/28/2023,FALSE,,0,0,0
1851,3407,57,Female,Potato Chips,Snacks,3950000,Bandar Abbas,M,Red,Spring,4,No,Store Pickup,No,No,24,0,Quarterly,Female_Nebraska_57,5/29/2023,FALSE,,0,0,0
2315,3408,46,Female,Frozen Pizza,Frozen,2300000,Arak,S,Purple,Spring,2.6,No,Store Pickup,No,No,20,1,Quarterly,Female_Alabama_46,8/11/2023,FALSE,,0,0,0
2316,3409,48,Female,Chocolate Bar,Snacks,3600000,Yazd,L,Purple,Summer,4.4,No,Standard,No,No,11,0,Annually,Female_Montana_48,12/6/2023,FALSE,,0,0,0
2317,3410,24,Female,Chocolate Bar,Snacks,4650000,Urmia,M,Teal,Summer,3.2,No,Next Day Air,No,No,3,0,Every 3 Months,Female_Minnesota_24,6/25/2023,FALSE,,0,0,0
1744,3411,50,Female,Body Wash,Personal Care,3800000,Sari,L,Teal,Summer,4.3,No,Free Shipping,No,No,38,0,Bi-Weekly,Female_Ohio_50,7/1/2023,FALSE,,0,0,0
2318,3412,29,Female,Fresh Bread,Bakery,2800000,Bandar Abbas,L,Gray,Winter,4.9,No,2-Day Shipping,No,No,45,1,Weekly,Female_New York_29,4/2/2023,FALSE,,0,0,0
2162,3413,61,Female,Rice 10kg,Grocery,4150000,Isfahan,M,Magenta,Fall,3.8,No,Store Pickup,No,No,31,0,Quarterly,Female_Indiana_61,6/21/2023,FALSE,,0,0,0
2319,3414,34,Female,Cheddar Cheese,Dairy,4500000,Sari,XL,Black,Winter,2.5,No,Express,No,No,16,0,Bi-Weekly,Female_Delaware_34,6/3/2023,FALSE,,0,0,0
2117,3415,27,Female,Baguette,Bakery,4700000,Bandar Abbas,M,Maroon,Spring,4.9,No,Next Day Air,No,No,3,0,Quarterly,Female_Connecticut_27,5/19/2023,FALSE,,0,0,0
2320,3416,38,Female,Chocolate Bar,Snacks,3400000,Isfahan,M,Gold,Fall,3,No,2-Day Shipping,No,No,15,0,Annually,Female_New York_38,2/20/2023,FALSE,,0,0,0
2321,3417,25,Female,Shampoo,Personal Care,2650000,Sari,M,Purple,Spring,3.2,No,Store Pickup,No,No,11,0,Every 3 Months,Female_Alabama_25,3/28/2023,TRUE,Festival Norooz,0,1,0
2322,3418,54,Female,Pasta Pack,Grocery,1750000,Arak,M,Blue,Summer,2.9,No,2-Day Shipping,No,No,22,0,Fortnightly,Female_Massachusetts_54,9/25/2023,FALSE,,0,0,0
2323,3419,53,Female,Chocolate Bar,Snacks,1500000,Tabriz,M,Beige,Summer,2.8,No,Free Shipping,No,No,35,0,Annually,Female_South Carolina_53,8/7/2023,FALSE,,0,0,0
2324,3420,23,Female,Fresh Bread,Bakery,1300000,Kerman,L,Indigo,Winter,3.1,No,Store Pickup,No,No,5,0,Bi-Weekly,Female_West Virginia_23,5/17/2023,FALSE,,0,0,0
2325,3421,19,Female,Orange Juice,Beverages,3000000,Karaj,M,Purple,Winter,3.4,No,Express,No,No,35,0,Bi-Weekly,Female_Kentucky_19,1/5/2023,FALSE,,0,0,0
2199,3422,57,Female,Pasta Pack,Grocery,1500000,Kerman,M,Maroon,Summer,2.9,No,Free Shipping,No,No,27,0,Weekly,Female_New Jersey_57,12/23/2023,FALSE,,0,0,0
1916,3423,19,Female,Baguette,Bakery,4550000,Urmia,L,Beige,Winter,3.2,No,Next Day Air,No,No,9,0,Monthly,Female_New York_19,10/30/2023,FALSE,,0,0,0
2326,3424,33,Female,Body Wash,Personal Care,3550000,Bandar Abbas,M,Brown,Spring,3.8,No,Next Day Air,No,No,21,0,Bi-Weekly,Female_Massachusetts_33,12/19/2023,FALSE,,0,0,0
2327,3425,33,Female,Yogurt Bucket,Dairy,3200000,Hamedan,L,Green,Summer,3.6,No,2-Day Shipping,No,No,23,0,Monthly,Female_Florida_33,7/30/2023,FALSE,,0,0,0
2328,3426,38,Female,Mineral Water 1.5L,Beverages,2700000,Bandar Abbas,M,Blue,Summer,4.3,No,Next Day Air,No,No,3,0,Bi-Weekly,Female_Michigan_38,9/25/2023,FALSE,,0,0,0
2329,3427,47,Female,Mixed Nuts,Snacks,1750000,Tehran,XL,Magenta,Fall,4.8,No,2-Day Shipping,No,No,31,0,Annually,Female_Oregon_47,6/9/2023,FALSE,,0,0,0
2330,3428,39,Female,Sugar 1kg,Grocery,1900000,Mashhad,XL,Turquoise,Winter,2.5,No,Store Pickup,No,No,44,1,Annually,Female_Michigan_39,11/28/2023,TRUE,Yalda Festival,0,1,0
2331,3429,32,Female,Laundry Detergent,Household,3450000,Shiraz,M,Gray,Fall,2.5,No,Next Day Air,No,No,20,0,Monthly,Female_Washington_32,7/6/2023,FALSE,,0,0,0
2332,3430,27,Female,Pasta Pack,Grocery,4800000,Shiraz,S,Purple,Winter,4.6,No,Express,No,No,34,0,Weekly,Female_Alaska_27,2/5/2023,FALSE,,0,0,0
2333,3431,67,Female,Yogurt Bucket,Dairy,3650000,Shiraz,M,Lavender,Winter,4.2,No,Next Day Air,No,No,17,0,Every 3 Months,Female_Montana_67,10/16/2023,FALSE,,0,0,0
2334,3432,46,Female,Dishwashing Liquid,Household,2450000,Yazd,S,Green,Summer,4.2,No,Express,No,No,20,0,Annually,Female_New Mexico_46,10/5/2023,FALSE,,0,0,0
2335,3433,36,Female,Frozen Chicken,Frozen,2200000,Yazd,M,Gray,Summer,4.8,No,2-Day Shipping,No,No,46,0,Every 3 Months,Female_Connecticut_36,10/26/2023,FALSE,,0,0,0
2336,3434,62,Female,Frozen Chicken,Frozen,4650000,Yazd,M,Yellow,Spring,4.5,No,Free Shipping,No,No,28,0,Annually,Female_Alaska_62,7/12/2023,TRUE,Summer Sale Iran,1,1,0
2275,3435,31,Female,Fresh Bread,Bakery,3600000,Hamedan,S,Orange,Summer,3.3,No,2-Day Shipping,No,No,6,0,Fortnightly,Female_Ohio_31,9/20/2023,FALSE,,0,0,0
1689,3436,68,Female,Shampoo,Personal Care,4550000,Kermanshah,M,Beige,Summer,2.7,No,2-Day Shipping,No,No,50,0,Bi-Weekly,Female_Montana_68,2/23/2023,FALSE,,0,0,0
1851,3437,57,Female,Dishwashing Liquid,Household,4150000,Rasht,L,Peach,Winter,2.8,No,2-Day Shipping,No,No,41,0,Monthly,Female_Nebraska_57,8/12/2023,FALSE,,0,0,0
2337,3438,22,Female,Baguette,Bakery,3100000,Karaj,S,Green,Winter,3.5,No,2-Day Shipping,No,No,50,0,Annually,Female_Oklahoma_22,9/15/2023,FALSE,,0,0,0
2338,3439,26,Female,Mineral Water 1.5L,Beverages,3550000,Isfahan,M,Violet,Fall,3,No,Store Pickup,No,No,33,0,Monthly,Female_Kentucky_26,11/8/2023,FALSE,,0,0,0
2339,3440,43,Female,Yogurt Bucket,Dairy,4650000,Kermanshah,M,Gray,Summer,4.5,No,Express,No,No,25,0,Quarterly,Female_Idaho_43,1/22/2023,FALSE,,0,0,0
1948,3441,45,Female,Frozen Pizza,Frozen,3150000,Karaj,L,Magenta,Fall,4.3,No,2-Day Shipping,No,No,2,0,Weekly,Female_Maryland_45,10/19/2023,FALSE,,0,0,0
2340,3442,64,Female,Pasta Pack,Grocery,4800000,Kermanshah,XL,Charcoal,Fall,4.1,No,Standard,No,No,15,0,Annually,Female_Tennessee_64,8/8/2023,FALSE,,0,0,0
1751,3443,28,Female,Laundry Detergent,Household,3900000,Kermanshah,M,Violet,Spring,4.3,No,Next Day Air,No,No,12,0,Weekly,Female_Michigan_28,4/27/2023,FALSE,,0,0,0
2341,3444,47,Female,Pasta Pack,Grocery,1200000,Isfahan,L,Silver,Summer,5,No,Free Shipping,No,No,28,1,Bi-Weekly,Female_Tennessee_47,2/2/2023,FALSE,,0,0,0
2165,3445,53,Female,Rice 10kg,Grocery,3150000,Sari,S,Green,Summer,3.8,No,2-Day Shipping,No,No,12,0,Bi-Weekly,Female_Rhode Island_53,7/30/2023,FALSE,,0,0,0
2027,3446,42,Female,Sunflower Oil,Grocery,2900000,Karaj,M,Magenta,Fall,4.9,No,Standard,No,No,3,0,Annually,Female_Florida_42,1/3/2023,FALSE,,0,0,0
2342,3447,51,Female,Body Wash,Personal Care,2750000,Yazd,S,Purple,Spring,5,No,2-Day Shipping,No,No,20,1,Weekly,Female_Louisiana_51,12/31/2023,FALSE,,0,0,0
2343,3448,62,Female,Frozen Chicken,Frozen,2900000,Rasht,M,Blue,Fall,4.3,No,Express,No,No,3,0,Bi-Weekly,Female_Arkansas_62,4/12/2023,FALSE,,0,0,0
2344,3449,18,Female,Dishwashing Liquid,Household,1400000,Urmia,S,Yellow,Winter,4.1,No,Express,No,No,32,0,Fortnightly,Female_Kentucky_18,4/6/2023,FALSE,,0,0,0
2345,3450,48,Female,Laundry Detergent,Household,1850000,Karaj,M,Brown,Spring,4.5,No,Standard,No,No,35,1,Monthly,Female_Kansas_48,11/3/2023,FALSE,,0,0,0
2346,3451,20,Female,Rice 10kg,Grocery,3900000,Hamedan,M,Pink,Spring,3.6,No,Store Pickup,No,No,31,0,Monthly,Female_Vermont_20,6/26/2023,FALSE,,0,0,0
2347,3452,32,Female,Paper Towel Pack,Household,3650000,Isfahan,XL,Silver,Fall,3,No,Free Shipping,No,No,13,0,Annually,Female_Nevada_32,4/1/2023,FALSE,,0,0,0
2236,3453,26,Female,Mineral Water 1.5L,Beverages,1000000,Sari,M,Indigo,Spring,3.7,No,Next Day Air,No,No,3,0,Fortnightly,Female_Oklahoma_26,12/30/2023,FALSE,,0,0,0
2348,3454,31,Female,Frozen Pizza,Frozen,3000000,Rasht,L,Pink,Winter,4.3,No,Standard,No,No,48,0,Bi-Weekly,Female_Alabama_31,10/4/2023,FALSE,,0,0,0
2094,3455,55,Female,Baguette,Bakery,3550000,Tabriz,S,Lavender,Fall,4.6,No,Store Pickup,No,No,15,0,Bi-Weekly,Female_Louisiana_55,11/18/2023,FALSE,,0,0,0
1672,3456,49,Female,Sugar 1kg,Grocery,4450000,Urmia,M,Orange,Fall,4.7,No,Standard,No,No,13,0,Annually,Female_Ohio_49,11/30/2023,TRUE,Yalda Festival,1,1,0
2349,3457,42,Female,Fresh Bread,Bakery,2650000,Tehran,M,Red,Fall,4.6,No,Express,No,No,21,0,Monthly,Female_Texas_42,10/7/2023,FALSE,,0,0,0
1922,3458,64,Female,Mixed Nuts,Snacks,4350000,Karaj,M,Gray,Summer,3,No,Express,No,No,29,1,Fortnightly,Female_Maryland_64,8/30/2023,FALSE,,0,0,0
2350,3459,68,Female,Cheddar Cheese,Dairy,1850000,Kerman,L,Violet,Spring,3.4,No,Standard,No,No,24,0,Quarterly,Female_West Virginia_68,10/17/2023,FALSE,,0,0,0
2351,3460,68,Female,Orange Juice,Beverages,1850000,Shiraz,L,Green,Fall,3.8,No,Express,No,No,21,0,Annually,Female_Ohio_68,2/19/2023,FALSE,,0,0,0
2352,3461,41,Female,Rice 10kg,Grocery,3900000,Rasht,M,Gold,Spring,3.1,No,Express,No,No,5,0,Bi-Weekly,Female_Indiana_41,3/11/2023,FALSE,,0,0,0
1837,3462,51,Female,Chocolate Bar,Snacks,1150000,Yazd,S,Maroon,Spring,4.4,No,Standard,No,No,47,1,Quarterly,Female_Wyoming_51,9/5/2023,FALSE,,0,0,0
2353,3463,44,Female,Laundry Detergent,Household,3650000,Urmia,L,Olive,Spring,4.5,No,Standard,No,No,34,0,Every 3 Months,Female_Michigan_44,11/28/2023,TRUE,Yalda Festival,0,1,0
2152,3464,27,Female,Paper Towel Pack,Household,1350000,Arak,M,Yellow,Fall,2.8,No,2-Day Shipping,No,No,45,0,Fortnightly,Female_Maine_27,10/10/2023,FALSE,,0,0,0
2354,3465,36,Female,Baguette,Bakery,2950000,Kerman,S,Peach,Winter,2.7,No,Next Day Air,No,No,12,0,Annually,Female_Utah_36,6/29/2023,FALSE,,0,0,0
2148,3466,19,Female,Milk 1L,Dairy,2650000,Isfahan,M,Gold,Spring,3.4,No,Standard,No,No,31,0,Weekly,Female_Iowa_19,5/13/2023,FALSE,,0,0,0
2355,3467,49,Female,Orange Juice,Beverages,2100000,Sari,S,Purple,Summer,4.6,No,Standard,No,No,43,0,Annually,Female_Maryland_49,6/3/2023,FALSE,,0,0,0
2356,3468,18,Female,Orange Juice,Beverages,2250000,Tabriz,M,Charcoal,Fall,5,No,Next Day Air,No,No,5,0,Annually,Female_Texas_18,7/21/2023,FALSE,,0,0,0
2357,3469,36,Female,Frozen Chicken,Frozen,4450000,Tehran,S,Indigo,Winter,3.5,No,Standard,No,No,36,0,Quarterly,Female_Ohio_36,4/29/2023,FALSE,,0,0,0
2358,3470,36,Female,Dishwashing Liquid,Household,4250000,Karaj,L,Magenta,Fall,3.3,No,Store Pickup,No,No,12,1,Annually,Female_North Dakota_36,7/4/2023,FALSE,,0,0,0
2230,3471,19,Female,Chocolate Bar,Snacks,3450000,Kerman,S,Olive,Summer,4.5,No,Free Shipping,No,No,31,1,Bi-Weekly,Female_West Virginia_19,6/23/2023,FALSE,,0,0,0
2359,3472,43,Female,Frozen Chicken,Frozen,3300000,Hamedan,S,Blue,Spring,3.1,No,Store Pickup,No,No,31,1,Bi-Weekly,Female_North Carolina_43,8/25/2023,FALSE,,0,0,0
2360,3473,31,Female,Orange Juice,Beverages,2100000,Shiraz,S,White,Summer,4,No,Free Shipping,No,No,15,0,Weekly,Female_Georgia_31,12/12/2023,FALSE,,0,0,0
2189,3474,63,Female,Tea Box,Grocery,2000000,Qazvin,M,Cyan,Spring,2.5,No,Express,No,No,11,1,Weekly,Female_Kansas_63,4/24/2023,FALSE,,0,0,0
2361,3475,41,Female,Milk 1L,Dairy,4100000,Rasht,M,Cyan,Winter,4.4,No,Store Pickup,No,No,18,0,Monthly,Female_Maine_41,2/9/2023,FALSE,,0,0,0
2362,3476,48,Female,Cola 1.5L,Beverages,4400000,Karaj,M,Orange,Spring,4.4,No,Express,No,No,9,1,Quarterly,Female_South Carolina_48,12/23/2023,FALSE,,0,0,0
2363,3477,68,Female,Dishwashing Liquid,Household,4950000,Qom,XL,Orange,Summer,3.2,No,Free Shipping,No,No,11,1,Weekly,Female_South Carolina_68,10/9/2023,FALSE,,0,0,0
2364,3478,53,Female,Rice 10kg,Grocery,4250000,Qazvin,S,Teal,Spring,3.8,No,Store Pickup,No,No,38,0,Bi-Weekly,Female_Kentucky_53,7/28/2023,FALSE,,0,0,0
2365,3479,36,Female,Baguette,Bakery,2850000,Karaj,M,Magenta,Fall,4.6,No,Store Pickup,No,No,42,0,Quarterly,Female_Arizona_36,4/6/2023,FALSE,,0,0,0
2366,3480,46,Female,Tea Box,Grocery,2800000,Qom,S,Orange,Summer,4.9,No,Standard,No,No,41,1,Monthly,Female_New York_46,6/11/2023,FALSE,,0,0,0
2173,3481,21,Female,Fresh Bread,Bakery,3950000,Arak,L,Peach,Winter,3.5,No,Free Shipping,No,No,45,0,Monthly,Female_New Hampshire_21,4/1/2023,FALSE,,0,0,0
1664,3482,52,Female,Laundry Detergent,Household,3350000,Tehran,S,Maroon,Summer,3.4,No,Store Pickup,No,No,41,0,Bi-Weekly,Female_Ohio_52,6/30/2023,FALSE,,0,0,0
2367,3483,66,Female,Rice 10kg,Grocery,3050000,Bandar Abbas,M,Gold,Winter,3.9,No,Next Day Air,No,No,35,0,Weekly,Female_Hawaii_66,10/10/2023,FALSE,,0,0,0
2082,3484,19,Female,Tea Box,Grocery,1850000,Qom,L,White,Winter,3.9,No,Express,No,No,21,0,Every 3 Months,Female_Texas_19,9/12/2023,FALSE,,0,0,0
2368,3485,44,Female,Yogurt Bucket,Dairy,3750000,Mashhad,L,Gray,Fall,4.2,No,Free Shipping,No,No,13,0,Bi-Weekly,Female_Illinois_44,11/6/2023,FALSE,,0,0,0
2369,3486,50,Female,Cola 1.5L,Beverages,1050000,Shiraz,XL,Brown,Winter,3.4,No,Standard,No,No,23,0,Fortnightly,Female_Massachusetts_50,12/18/2023,FALSE,,0,0,0
2370,3487,51,Female,Sunflower Oil,Grocery,4450000,Isfahan,L,Charcoal,Winter,4.9,No,Standard,No,No,6,0,Weekly,Female_North Carolina_51,7/29/2023,FALSE,,0,0,0
2371,3488,25,Female,Tea Box,Grocery,1200000,Bandar Abbas,L,Beige,Fall,2.9,No,Store Pickup,No,No,39,0,Annually,Female_West Virginia_25,8/20/2023,FALSE,,0,0,0
2050,3489,62,Female,Body Wash,Personal Care,1350000,Bandar Abbas,XL,Teal,Spring,4.9,No,Store Pickup,No,No,7,1,Quarterly,Female_Delaware_62,12/29/2023,FALSE,,0,0,0
2372,3490,48,Female,Tea Box,Grocery,1300000,Karaj,L,Black,Summer,4.6,No,2-Day Shipping,No,No,32,0,Every 3 Months,Female_Idaho_48,7/7/2023,FALSE,,0,0,0
2373,3491,62,Female,Potato Chips,Snacks,4100000,Rasht,M,Violet,Spring,3.6,No,Store Pickup,No,No,43,0,Quarterly,Female_Oregon_62,1/6/2023,FALSE,,0,0,0
2374,3492,22,Female,Dishwashing Liquid,Household,1400000,Sari,M,Orange,Winter,4.3,No,Express,No,No,15,1,Monthly,Female_Maine_22,11/11/2023,FALSE,,0,0,0
2375,3493,48,Female,Tea Box,Grocery,3250000,Hamedan,M,Turquoise,Fall,4.6,No,Standard,No,No,48,0,Annually,Female_South Dakota_48,5/25/2023,FALSE,,0,0,0
2376,3494,48,Female,Cola 1.5L,Beverages,4100000,Kermanshah,XL,Black,Winter,4.7,No,Store Pickup,No,No,35,0,Weekly,Female_New Mexico_48,9/24/2023,FALSE,,0,0,0
2268,3495,62,Female,Paper Towel Pack,Household,1900000,Mashhad,M,Silver,Winter,3.5,No,Free Shipping,No,No,41,0,Quarterly,Female_Washington_62,10/28/2023,FALSE,,0,0,0
2377,3496,24,Female,Pasta Pack,Grocery,1650000,Urmia,XL,Gray,Spring,2.8,No,Free Shipping,No,No,14,1,Weekly,Female_Georgia_24,10/19/2023,FALSE,,0,0,0
2378,3497,39,Female,Potato Chips,Snacks,1900000,Qom,M,Pink,Summer,4,No,Free Shipping,No,No,22,0,Monthly,Female_Idaho_39,8/16/2023,FALSE,,0,0,0
2379,3498,35,Female,Mixed Nuts,Snacks,2400000,Kerman,M,Red,Spring,4.3,No,Store Pickup,No,No,16,0,Every 3 Months,Female_Colorado_35,1/13/2023,FALSE,,0,0,0
2103,3499,47,Female,Cheddar Cheese,Dairy,1750000,Isfahan,M,Lavender,Summer,3.8,No,Standard,No,No,2,0,Bi-Weekly,Female_Kentucky_47,8/16/2023,FALSE,,0,0,0
2380,3500,22,Female,Yogurt Bucket,Dairy,1450000,Urmia,L,Indigo,Fall,3,No,Next Day Air,No,No,13,0,Every 3 Months,Female_New Jersey_22,2/10/2023,FALSE,,0,0,0
2381,3501,38,Female,Mineral Water 1.5L,Beverages,2400000,Qom,S,Silver,Fall,4.6,No,Next Day Air,No,No,38,0,Fortnightly,Female_Oregon_38,2/6/2023,FALSE,,0,0,0
2382,3502,53,Female,Sugar 1kg,Grocery,4350000,Bandar Abbas,M,Silver,Fall,4.8,No,Standard,No,No,43,0,Weekly,Female_Nebraska_53,1/13/2023,FALSE,,0,0,0
2383,3503,31,Female,Pasta Pack,Grocery,3100000,Qazvin,M,Green,Fall,4.7,No,Next Day Air,No,No,26,0,Quarterly,Female_Massachusetts_31,1/30/2023,FALSE,,0,0,0
2384,3504,31,Female,Sunflower Oil,Grocery,4800000,Qom,M,Pink,Spring,3.9,No,Free Shipping,No,No,39,1,Weekly,Female_Nebraska_31,10/3/2023,FALSE,,0,0,0
2080,3505,65,Female,Laundry Detergent,Household,2050000,Hamedan,S,Violet,Fall,4,No,Next Day Air,No,No,50,0,Monthly,Female_Hawaii_65,10/15/2023,FALSE,,0,0,0
2385,3506,48,Female,Frozen Chicken,Frozen,2100000,Tabriz,L,Red,Winter,3.7,No,2-Day Shipping,No,No,40,0,Every 3 Months,Female_Indiana_48,1/28/2023,FALSE,,0,0,0
2386,3507,18,Female,Toothpaste,Personal Care,2850000,Sari,L,Olive,Winter,3.7,No,2-Day Shipping,No,No,12,1,Fortnightly,Female_Illinois_18,1/3/2023,FALSE,,0,0,0
2387,3508,46,Female,Pasta Pack,Grocery,3250000,Kerman,S,Purple,Spring,4.2,No,Store Pickup,No,No,33,0,Every 3 Months,Female_Colorado_46,3/4/2023,FALSE,,0,0,0
2388,3509,52,Female,Sugar 1kg,Grocery,2700000,Qom,M,Gray,Fall,4.7,No,Standard,No,No,49,0,Weekly,Female_Pennsylvania_52,7/3/2023,FALSE,,0,0,0
1744,3510,50,Female,Milk 1L,Dairy,1100000,Bandar Abbas,L,Brown,Winter,4.3,No,Next Day Air,No,No,43,0,Bi-Weekly,Female_Ohio_50,4/18/2023,FALSE,,0,0,0
2389,3511,49,Female,Dishwashing Liquid,Household,4800000,Arak,S,Orange,Fall,4.9,No,2-Day Shipping,No,No,14,0,Monthly,Female_Pennsylvania_49,11/5/2023,FALSE,,0,0,0
2390,3512,69,Female,Fresh Bread,Bakery,4050000,Rasht,M,Blue,Summer,3.9,No,2-Day Shipping,No,No,21,0,Every 3 Months,Female_Mississippi_69,4/15/2023,FALSE,,0,0,0
2391,3513,36,Female,Potato Chips,Snacks,2300000,Tabriz,M,White,Fall,3.4,No,Free Shipping,No,No,31,0,Quarterly,Female_Kentucky_36,4/8/2023,FALSE,,0,0,0
2392,3514,30,Female,Milk 1L,Dairy,3700000,Tehran,XL,Charcoal,Spring,4.2,No,Store Pickup,No,No,29,0,Fortnightly,Female_Alaska_30,3/3/2023,FALSE,,0,0,0
2393,3515,25,Female,Milk 1L,Dairy,2500000,Mashhad,XL,Gray,Winter,4.7,No,Express,No,No,32,1,Monthly,Female_Georgia_25,9/7/2023,FALSE,,0,0,0
2394,3516,19,Female,Frozen Chicken,Frozen,4000000,Tabriz,XL,Charcoal,Winter,4,No,Next Day Air,No,No,16,0,Bi-Weekly,Female_South Dakota_19,12/24/2023,FALSE,,0,0,0
2395,3517,34,Female,Frozen Pizza,Frozen,2800000,Hamedan,S,White,Summer,4,No,Free Shipping,No,No,38,0,Bi-Weekly,Female_South Carolina_34,6/21/2023,FALSE,,0,0,0
2307,3518,29,Female,Frozen Chicken,Frozen,3450000,Arak,M,Orange,Winter,3.1,No,Next Day Air,No,No,34,0,Every 3 Months,Female_Tennessee_29,9/18/2023,FALSE,,0,0,0
2396,3519,50,Female,Sunflower Oil,Grocery,4850000,Ahvaz,M,Black,Spring,4.2,No,Standard,No,No,30,0,Quarterly,Female_Colorado_50,5/16/2023,FALSE,,0,0,0
2397,3520,31,Female,Shampoo,Personal Care,3300000,Bandar Abbas,M,White,Winter,3.7,No,Next Day Air,No,No,14,0,Fortnightly,Female_Wisconsin_31,1/22/2023,FALSE,,0,0,0
2398,3521,41,Female,Mixed Nuts,Snacks,3500000,Yazd,S,Brown,Spring,3.1,No,Express,No,No,33,0,Monthly,Female_Georgia_41,6/11/2023,FALSE,,0,0,0
2399,3522,52,Female,Tea Box,Grocery,2500000,Qazvin,M,Pink,Winter,3.7,No,Store Pickup,No,No,35,0,Weekly,Female_Maryland_52,2/9/2023,FALSE,,0,0,0
2400,3523,27,Female,Paper Towel Pack,Household,4250000,Sari,M,Yellow,Spring,3.2,No,Store Pickup,No,No,13,1,Quarterly,Female_New Jersey_27,9/16/2023,FALSE,,0,0,0
2401,3524,49,Female,Frozen Chicken,Frozen,2950000,Urmia,M,Cyan,Summer,2.8,No,Standard,No,No,30,1,Fortnightly,Female_Nevada_49,10/21/2023,FALSE,,0,0,0
2402,3525,69,Female,Rice 10kg,Grocery,3700000,Isfahan,L,Silver,Summer,2.9,No,Free Shipping,No,No,30,0,Monthly,Female_Michigan_69,5/12/2023,FALSE,,0,0,0
2403,3526,45,Female,Laundry Detergent,Household,1900000,Sari,L,Olive,Winter,3.5,No,Standard,No,No,47,0,Annually,Female_Wyoming_45,10/22/2023,FALSE,,0,0,0
2404,3527,20,Female,Sugar 1kg,Grocery,4950000,Karaj,M,Olive,Spring,3.8,No,Express,No,No,1,0,Every 3 Months,Female_Massachusetts_20,3/14/2023,FALSE,,0,0,0
2405,3528,25,Female,Orange Juice,Beverages,4850000,Hamedan,S,Charcoal,Spring,4.7,No,Free Shipping,No,No,1,1,Weekly,Female_Washington_25,1/11/2023,FALSE,,0,0,0
2406,3529,38,Female,Orange Juice,Beverages,3350000,Rasht,L,Gray,Summer,4.5,No,Free Shipping,No,No,33,0,Annually,Female_Maine_38,1/14/2023,FALSE,,0,0,0
2407,3530,55,Female,Dishwashing Liquid,Household,1000000,Arak,S,Maroon,Winter,3.9,No,Next Day Air,No,No,43,0,Weekly,Female_Montana_55,5/27/2023,FALSE,,0,0,0
1914,3531,62,Female,Frozen Chicken,Frozen,2250000,Yazd,L,Black,Spring,3.4,No,Express,No,No,37,0,Weekly,Female_Oklahoma_62,12/22/2023,FALSE,,0,0,0
2249,3532,54,Female,Frozen Pizza,Frozen,2600000,Ahvaz,XL,Violet,Winter,4.6,No,2-Day Shipping,No,No,23,1,Quarterly,Female_North Dakota_54,7/7/2023,FALSE,,0,0,0
2408,3533,61,Female,Shampoo,Personal Care,3400000,Isfahan,L,Indigo,Fall,4.6,No,Standard,No,No,12,0,Annually,Female_Connecticut_61,10/26/2023,FALSE,,0,0,0
2409,3534,50,Female,Milk 1L,Dairy,4900000,Mashhad,L,Yellow,Fall,4.7,No,Standard,No,No,30,0,Fortnightly,Female_Texas_50,12/22/2023,FALSE,,0,0,0
2410,3535,65,Female,Rice 10kg,Grocery,4150000,Rasht,M,Gray,Fall,3.2,No,Express,No,No,7,1,Weekly,Female_Delaware_65,12/31/2023,FALSE,,0,0,0
2411,3536,68,Female,Baguette,Bakery,2550000,Kermanshah,M,Red,Summer,5,No,Express,No,No,20,0,Monthly,Female_Mississippi_68,6/23/2023,FALSE,,0,0,0
2258,3537,55,Female,Paper Towel Pack,Household,1050000,Karaj,L,Peach,Spring,4.5,No,Express,No,No,10,0,Monthly,Female_Minnesota_55,2/3/2023,FALSE,,0,0,0
1870,3538,57,Female,Laundry Detergent,Household,4600000,Qom,M,Gray,Spring,3.5,No,Standard,No,No,40,0,Every 3 Months,Female_Georgia_57,8/12/2023,FALSE,,0,0,0
2412,3539,56,Female,Yogurt Bucket,Dairy,3150000,Qazvin,S,White,Spring,4.5,No,Store Pickup,No,No,21,0,Monthly,Female_Iowa_56,2/20/2023,FALSE,,0,0,0
2318,3540,29,Female,Toothpaste,Personal Care,2800000,Qazvin,S,Green,Spring,3.2,No,Express,No,No,17,0,Bi-Weekly,Female_New York_29,8/9/2023,FALSE,,0,0,0
2062,3541,24,Female,Mixed Nuts,Snacks,4750000,Yazd,M,Magenta,Spring,4.6,No,Free Shipping,No,No,5,0,Weekly,Female_Nevada_24,7/10/2023,TRUE,Summer Sale Iran,0,1,1
2413,3542,59,Female,Chocolate Bar,Snacks,3300000,Tabriz,M,Olive,Winter,4,No,Next Day Air,No,No,22,0,Annually,Female_Virginia_59,12/3/2023,FALSE,,0,0,0
2414,3543,62,Female,Sunflower Oil,Grocery,1400000,Arak,S,Olive,Spring,4.2,No,Express,No,No,5,0,Weekly,Female_Idaho_62,2/8/2023,FALSE,,0,0,0
1915,3544,58,Female,Sugar 1kg,Grocery,4150000,Shiraz,M,Blue,Winter,4.1,No,Standard,No,No,18,0,Every 3 Months,Female_Colorado_58,8/5/2023,FALSE,,0,0,0
2415,3545,64,Female,Frozen Chicken,Frozen,2750000,Kermanshah,XL,Charcoal,Fall,3.6,No,2-Day Shipping,No,No,42,1,Every 3 Months,Female_Wisconsin_64,10/29/2023,FALSE,,0,0,0
2416,3546,48,Female,Milk 1L,Dairy,1400000,Ahvaz,M,Yellow,Spring,3.7,No,2-Day Shipping,No,No,22,0,Annually,Female_Connecticut_48,11/20/2023,TRUE,Yalda Festival,1,1,0
2417,3547,60,Female,Cola 1.5L,Beverages,3950000,Karaj,M,Violet,Summer,3.6,No,Free Shipping,No,No,37,0,Bi-Weekly,Female_Kansas_60,8/20/2023,FALSE,,0,0,0
2388,3548,52,Female,Cola 1.5L,Beverages,1550000,Tabriz,L,Magenta,Summer,3.8,No,Standard,No,No,23,0,Annually,Female_Pennsylvania_52,12/7/2023,FALSE,,0,0,0
2418,3549,63,Female,Chocolate Bar,Snacks,1850000,Yazd,M,Red,Fall,3,No,Standard,No,No,47,0,Fortnightly,Female_Utah_63,5/20/2023,FALSE,,0,0,0
2169,3550,44,Female,Yogurt Bucket,Dairy,1700000,Qom,M,Cyan,Summer,3.4,No,2-Day Shipping,No,No,11,0,Fortnightly,Female_Oregon_44,8/5/2023,FALSE,,0,0,0
2419,3551,63,Female,Yogurt Bucket,Dairy,3700000,Tehran,S,Orange,Winter,4.8,No,Standard,No,No,32,1,Weekly,Female_West Virginia_63,9/7/2023,FALSE,,0,0,0
2420,3552,66,Female,Mixed Nuts,Snacks,1550000,Tehran,L,Black,Spring,2.6,No,Store Pickup,No,No,20,0,Weekly,Female_Montana_66,10/16/2023,FALSE,,0,0,0
2421,3553,22,Female,Cola 1.5L,Beverages,3300000,Sari,M,Blue,Winter,2.9,No,Next Day Air,No,No,3,0,Quarterly,Female_Kentucky_22,8/3/2023,FALSE,,0,0,0
2072,3554,62,Female,Sugar 1kg,Grocery,4950000,Qazvin,M,Charcoal,Spring,4.9,No,Free Shipping,No,No,32,0,Weekly,Female_Minnesota_62,9/1/2023,FALSE,,0,0,0
2422,3555,39,Female,Frozen Pizza,Frozen,2750000,Isfahan,M,Indigo,Spring,5,No,Free Shipping,No,No,5,0,Fortnightly,Female_Louisiana_39,11/4/2023,FALSE,,0,0,0
2423,3556,25,Female,Toothpaste,Personal Care,1150000,Yazd,L,Silver,Spring,4.6,No,Next Day Air,No,No,45,1,Quarterly,Female_Delaware_25,7/27/2023,FALSE,,0,0,0
2424,3557,70,Female,Laundry Detergent,Household,4400000,Shiraz,M,Brown,Fall,4.2,No,Express,No,No,43,1,Bi-Weekly,Female_Arizona_70,1/15/2023,FALSE,,0,0,0
2425,3558,52,Female,Orange Juice,Beverages,1300000,Mashhad,M,Peach,Summer,4.9,No,Next Day Air,No,No,1,0,Every 3 Months,Female_Nevada_52,2/16/2023,FALSE,,0,0,0
2426,3559,68,Female,Laundry Detergent,Household,4700000,Ahvaz,L,Magenta,Summer,4.8,No,Standard,No,No,9,0,Quarterly,Female_Alaska_68,4/9/2023,FALSE,,0,0,0
2427,3560,18,Female,Sugar 1kg,Grocery,1250000,Sari,M,Beige,Fall,3,No,Next Day Air,No,No,13,0,Every 3 Months,Female_Utah_18,2/2/2023,FALSE,,0,0,0
2428,3561,18,Female,Baguette,Bakery,4800000,Rasht,XL,Violet,Fall,3.5,No,Express,No,No,5,0,Annually,Female_Kansas_18,3/28/2023,TRUE,Festival Norooz,0,1,0
2429,3562,63,Female,Milk 1L,Dairy,1450000,Qom,L,Black,Spring,3.4,No,Standard,No,No,39,0,Fortnightly,Female_North Carolina_63,6/14/2023,FALSE,,0,0,0
2430,3563,47,Female,Shampoo,Personal Care,1800000,Bandar Abbas,M,Cyan,Winter,3.4,No,Free Shipping,No,No,7,0,Weekly,Female_Maryland_47,11/25/2023,TRUE,Yalda Festival,1,1,0
2431,3564,43,Female,Potato Chips,Snacks,4500000,Yazd,M,Green,Summer,4.9,No,Standard,No,No,8,0,Every 3 Months,Female_Maine_43,10/29/2023,FALSE,,0,0,0
2058,3565,60,Female,Toothpaste,Personal Care,1900000,Hamedan,S,Brown,Summer,4.4,No,Free Shipping,No,No,40,0,Annually,Female_Illinois_60,4/14/2023,FALSE,,0,0,0
2389,3566,49,Female,Toothpaste,Personal Care,2600000,Tabriz,S,Gray,Spring,4.2,No,Store Pickup,No,No,35,0,Monthly,Female_Pennsylvania_49,6/20/2023,FALSE,,0,0,0
2177,3567,28,Female,Shampoo,Personal Care,4400000,Kermanshah,S,Orange,Spring,3.1,No,Next Day Air,No,No,14,0,Monthly,Female_Alaska_28,6/15/2023,FALSE,,0,0,0
1845,3568,32,Female,Milk 1L,Dairy,2800000,Tabriz,S,Silver,Summer,4,No,Next Day Air,No,No,26,0,Monthly,Female_New Mexico_32,2/17/2023,FALSE,,0,0,0
2432,3569,29,Female,Milk 1L,Dairy,3550000,Tabriz,M,Purple,Spring,4.8,No,Next Day Air,No,No,14,0,Quarterly,Female_Arkansas_29,8/28/2023,FALSE,,0,0,0
2433,3570,35,Female,Baguette,Bakery,4700000,Isfahan,M,Olive,Fall,3.3,No,Express,No,No,9,0,Fortnightly,Female_Alaska_35,4/8/2023,FALSE,,0,0,0
2434,3571,23,Female,Frozen Chicken,Frozen,4850000,Kermanshah,XL,Teal,Winter,4.7,No,Standard,No,No,32,0,Annually,Female_Louisiana_23,12/2/2023,FALSE,,0,0,0
2435,3572,70,Female,Potato Chips,Snacks,1350000,Karaj,M,White,Summer,3.2,No,Standard,No,No,15,0,Every 3 Months,Female_North Dakota_70,3/4/2023,FALSE,,0,0,0
2436,3573,23,Female,Yogurt Bucket,Dairy,1400000,Arak,M,Black,Spring,5,No,Standard,No,No,25,0,Monthly,Female_Rhode Island_23,2/6/2023,FALSE,,0,0,0
2437,3574,43,Female,Frozen Pizza,Frozen,3350000,Ahvaz,L,Maroon,Fall,4.9,No,Free Shipping,No,No,27,0,Monthly,Female_Connecticut_43,7/21/2023,FALSE,,0,0,0
2318,3575,29,Female,Pasta Pack,Grocery,3500000,Qom,M,Cyan,Fall,4.9,No,Express,No,No,39,0,Quarterly,Female_New York_29,11/19/2023,FALSE,,0,0,0
2438,3576,61,Female,Rice 10kg,Grocery,4750000,Tabriz,M,Violet,Fall,3.7,No,Express,No,No,49,0,Bi-Weekly,Female_Kentucky_61,2/22/2023,FALSE,,0,0,0
2439,3577,29,Female,Toothpaste,Personal Care,1200000,Rasht,L,Yellow,Spring,3,No,Express,No,No,12,0,Bi-Weekly,Female_Maine_29,5/19/2023,FALSE,,0,0,0
2440,3578,66,Female,Laundry Detergent,Household,1750000,Bandar Abbas,S,Yellow,Winter,2.6,No,Standard,No,No,13,0,Weekly,Female_Missouri_66,5/17/2023,FALSE,,0,0,0
2441,3579,46,Female,Frozen Pizza,Frozen,1100000,Mashhad,L,Olive,Winter,2.6,No,Standard,No,No,22,0,Quarterly,Female_Georgia_46,4/26/2023,FALSE,,0,0,0
2442,3580,34,Female,Frozen Chicken,Frozen,3300000,Shiraz,L,Olive,Fall,4.8,No,Standard,No,No,19,0,Every 3 Months,Female_Arizona_34,2/13/2023,FALSE,,0,0,0
2443,3581,51,Female,Rice 10kg,Grocery,4150000,Karaj,M,Magenta,Summer,3.2,No,2-Day Shipping,No,No,3,1,Bi-Weekly,Female_New Hampshire_51,3/28/2023,TRUE,Festival Norooz,0,1,0
2444,3582,26,Female,Laundry Detergent,Household,4750000,Arak,M,Orange,Fall,4.9,No,Next Day Air,No,No,50,0,Weekly,Female_Georgia_26,5/3/2023,FALSE,,0,0,0
2445,3583,23,Female,Baguette,Bakery,2050000,Qom,S,Beige,Summer,3.4,No,2-Day Shipping,No,No,15,0,Annually,Female_California_23,7/22/2023,FALSE,,0,0,0
2446,3584,52,Female,Shampoo,Personal Care,3850000,Urmia,L,Brown,Summer,2.7,No,Store Pickup,No,No,44,0,Every 3 Months,Female_Arizona_52,3/10/2023,FALSE,,0,0,0
2447,3585,39,Female,Cheddar Cheese,Dairy,2600000,Qazvin,L,Indigo,Fall,4.8,No,Express,No,No,48,0,Monthly,Female_Florida_39,12/28/2023,FALSE,,0,0,0
2448,3586,39,Female,Fresh Bread,Bakery,2050000,Qom,XL,Gray,Winter,4.1,No,Standard,No,No,4,0,Bi-Weekly,Female_New York_39,1/25/2023,FALSE,,0,0,0
1789,3587,33,Female,Frozen Pizza,Frozen,1400000,Ahvaz,M,Yellow,Winter,4.6,No,Store Pickup,No,No,12,0,Bi-Weekly,Female_Idaho_33,11/20/2023,TRUE,Yalda Festival,2,1,0
2449,3588,33,Female,Toothpaste,Personal Care,4500000,Arak,S,Violet,Summer,4.4,No,Standard,No,No,33,0,Annually,Female_Virginia_33,9/10/2023,FALSE,,0,0,0
2450,3589,23,Female,Milk 1L,Dairy,2750000,Ahvaz,M,Magenta,Spring,3.5,No,2-Day Shipping,No,No,40,1,Annually,Female_Michigan_23,2/9/2023,FALSE,,0,0,0
1987,3590,31,Female,Fresh Bread,Bakery,3650000,Kerman,M,Blue,Spring,4.8,No,Next Day Air,No,No,38,1,Every 3 Months,Female_New Hampshire_31,4/12/2023,FALSE,,0,0,0
2451,3591,27,Female,Sunflower Oil,Grocery,4350000,Qom,M,Gray,Fall,2.9,No,2-Day Shipping,No,No,19,0,Every 3 Months,Female_South Dakota_27,3/15/2023,FALSE,,0,0,0
2375,3592,48,Female,Frozen Pizza,Frozen,4450000,Tabriz,M,Gold,Winter,3.2,No,2-Day Shipping,No,No,38,0,Quarterly,Female_South Dakota_48,10/3/2023,FALSE,,0,0,0
1749,3593,61,Female,Sunflower Oil,Grocery,4100000,Urmia,L,Lavender,Spring,4.4,No,2-Day Shipping,No,No,18,0,Fortnightly,Female_New Jersey_61,3/28/2023,TRUE,Festival Norooz,0,1,2
2452,3594,63,Female,Yogurt Bucket,Dairy,4000000,Hamedan,M,Black,Spring,4.6,No,Next Day Air,No,No,24,0,Monthly,Female_Wyoming_63,5/11/2023,FALSE,,0,0,0
2453,3595,19,Female,Cheddar Cheese,Dairy,4350000,Kerman,L,Charcoal,Summer,2.6,No,2-Day Shipping,No,No,29,0,Quarterly,Female_Alabama_19,5/8/2023,FALSE,,0,0,0
2454,3596,21,Female,Mixed Nuts,Snacks,2050000,Karaj,M,Violet,Spring,3.1,No,Store Pickup,No,No,14,0,Annually,Female_South Dakota_21,3/13/2023,FALSE,,0,0,0
2455,3597,28,Female,Potato Chips,Snacks,4150000,Urmia,M,Charcoal,Spring,4.3,No,Standard,No,No,44,1,Fortnightly,Female_South Carolina_28,5/20/2023,FALSE,,0,0,0
2228,3598,29,Female,Fresh Bread,Bakery,3550000,Kerman,M,Maroon,Summer,3.1,No,Standard,No,No,18,0,Quarterly,Female_New Mexico_29,6/1/2023,FALSE,,0,0,0
2456,3599,23,Female,Chocolate Bar,Snacks,3800000,Yazd,XL,Purple,Spring,4.6,No,Store Pickup,No,No,19,0,Bi-Weekly,Female_Connecticut_23,7/8/2023,FALSE,,0,0,0
2457,3600,37,Female,Dishwashing Liquid,Household,1700000,Sari,S,Peach,Spring,4.6,No,Express,No,No,4,1,Weekly,Female_Kansas_37,8/4/2023,FALSE,,0,0,0
2226,3601,67,Female,Baguette,Bakery,4050000,Ahvaz,XL,Olive,Spring,2.7,No,Free Shipping,No,No,25,1,Bi-Weekly,Female_South Carolina_67,7/19/2023,TRUE,Summer Sale Iran,0,1,1
2458,3602,34,Female,Yogurt Bucket,Dairy,2350000,Kermanshah,M,Indigo,Summer,3,No,Next Day Air,No,No,3,0,Monthly,Female_North Carolina_34,6/20/2023,FALSE,,0,0,0
2459,3603,58,Female,Shampoo,Personal Care,1800000,Sari,S,Magenta,Summer,3.3,No,Store Pickup,No,No,40,0,Quarterly,Female_Wyoming_58,3/18/2023,FALSE,,0,0,0
2460,3604,45,Female,Dishwashing Liquid,Household,2550000,Karaj,M,Gold,Spring,2.7,No,Free Shipping,No,No,5,1,Weekly,Female_Louisiana_45,10/24/2023,FALSE,,0,0,0
1978,3605,63,Female,Shampoo,Personal Care,4300000,Tehran,M,Orange,Fall,3.3,No,Standard,No,No,17,0,Annually,Female_Louisiana_63,8/19/2023,FALSE,,0,0,0
2461,3606,68,Female,Fresh Bread,Bakery,2050000,Shiraz,M,Gold,Fall,4.3,No,Store Pickup,No,No,36,0,Every 3 Months,Female_Alabama_68,1/1/2023,FALSE,,0,0,0
2462,3607,41,Female,Tea Box,Grocery,4500000,Tehran,XL,Purple,Fall,4.8,No,Express,No,No,41,0,Annually,Female_Minnesota_41,4/15/2023,FALSE,,0,0,0
2463,3608,50,Female,Milk 1L,Dairy,4650000,Rasht,L,Charcoal,Fall,3.3,No,Standard,No,No,20,0,Bi-Weekly,Female_New Mexico_50,2/3/2023,FALSE,,0,0,0
2464,3609,24,Female,Cheddar Cheese,Dairy,2800000,Ahvaz,M,Cyan,Fall,4.3,No,Next Day Air,No,No,2,1,Every 3 Months,Female_Tennessee_24,8/18/2023,FALSE,,0,0,0
2465,3610,21,Female,Sunflower Oil,Grocery,1950000,Arak,M,Cyan,Summer,3,No,2-Day Shipping,No,No,31,0,Monthly,Female_New Mexico_21,6/5/2023,FALSE,,0,0,0
2356,3611,18,Female,Mineral Water 1.5L,Beverages,4300000,Sari,XL,Green,Fall,4.8,No,2-Day Shipping,No,No,23,0,Fortnightly,Female_Texas_18,11/6/2023,FALSE,,0,0,0
2466,3612,63,Female,Mineral Water 1.5L,Beverages,4100000,Yazd,M,Silver,Spring,2.9,No,Standard,No,No,30,0,Annually,Female_Washington_63,3/24/2023,TRUE,Festival Norooz,0,1,0
2467,3613,47,Female,Paper Towel Pack,Household,1450000,Qazvin,M,Teal,Summer,3.6,No,Standard,No,No,26,1,Every 3 Months,Female_Michigan_47,5/3/2023,FALSE,,0,0,0
2101,3614,58,Female,Orange Juice,Beverages,1350000,Yazd,M,Magenta,Fall,3.5,No,Store Pickup,No,No,40,0,Annually,Female_Minnesota_58,9/22/2023,FALSE,,0,0,0
2468,3615,46,Female,Toothpaste,Personal Care,1250000,Bandar Abbas,L,Maroon,Spring,4.7,No,2-Day Shipping,No,No,19,0,Annually,Female_Delaware_46,1/6/2023,FALSE,,0,0,0
2469,3616,35,Female,Rice 10kg,Grocery,1550000,Rasht,M,Gold,Winter,4.4,No,Free Shipping,No,No,4,0,Monthly,Female_California_35,1/20/2023,FALSE,,0,0,0
2253,3617,42,Female,Paper Towel Pack,Household,1150000,Bandar Abbas,L,Purple,Winter,3.3,No,Store Pickup,No,No,33,0,Fortnightly,Female_Wisconsin_42,2/12/2023,FALSE,,0,0,0
2245,3618,48,Female,Potato Chips,Snacks,2350000,Yazd,M,Lavender,Fall,4.3,No,Express,No,No,29,0,Monthly,Female_Kentucky_48,5/18/2023,FALSE,,0,0,0
2470,3619,28,Female,Frozen Chicken,Frozen,3350000,Kermanshah,M,Maroon,Fall,4,No,2-Day Shipping,No,No,47,0,Bi-Weekly,Female_Nevada_28,7/27/2023,FALSE,,0,0,0
2471,3620,44,Female,Body Wash,Personal Care,3750000,Kerman,S,Magenta,Winter,4.9,No,2-Day Shipping,No,No,50,0,Weekly,Female_North Carolina_44,11/10/2023,FALSE,,0,0,0
2472,3621,60,Female,Sunflower Oil,Grocery,4100000,Bandar Abbas,M,Turquoise,Summer,2.9,No,Express,No,No,28,0,Fortnightly,Female_Louisiana_60,5/27/2023,FALSE,,0,0,0
2473,3622,38,Female,Toothpaste,Personal Care,1600000,Kermanshah,XL,Silver,Summer,4,No,2-Day Shipping,No,No,5,1,Fortnightly,Female_New Jersey_38,9/14/2023,FALSE,,0,0,0
1669,3623,46,Female,Potato Chips,Snacks,2050000,Arak,M,Purple,Fall,4.3,No,Store Pickup,No,No,12,0,Annually,Female_Wisconsin_46,12/14/2023,FALSE,,0,0,0
2474,3624,39,Female,Mineral Water 1.5L,Beverages,4450000,Qazvin,M,Violet,Winter,2.7,No,2-Day Shipping,No,No,4,0,Weekly,Female_Arkansas_39,1/1/2023,FALSE,,0,0,0
2475,3625,22,Female,Paper Towel Pack,Household,4100000,Kermanshah,XL,Peach,Fall,5,No,Store Pickup,No,No,22,0,Bi-Weekly,Female_Texas_22,9/16/2023,FALSE,,0,0,0
2368,3626,44,Female,Paper Towel Pack,Household,4950000,Mashhad,L,Green,Winter,4.4,No,Express,No,No,32,0,Weekly,Female_Illinois_44,5/30/2023,FALSE,,0,0,0
2390,3627,69,Female,Dishwashing Liquid,Household,4900000,Tehran,L,Teal,Fall,3.5,No,Express,No,No,32,0,Quarterly,Female_Mississippi_69,3/25/2023,TRUE,Festival Norooz,0,1,1
1762,3628,39,Female,Yogurt Bucket,Dairy,2700000,Sari,M,Silver,Winter,3.3,No,Next Day Air,No,No,48,1,Every 3 Months,Female_Delaware_39,5/1/2023,FALSE,,0,0,0
2476,3629,53,Female,Milk 1L,Dairy,4400000,Sari,L,Purple,Summer,3.8,No,Free Shipping,No,No,35,0,Monthly,Female_Georgia_53,6/10/2023,FALSE,,0,0,0
2477,3630,52,Female,Sunflower Oil,Grocery,2150000,Mashhad,L,Lavender,Summer,4.5,No,Standard,No,No,44,0,Fortnightly,Female_Kansas_52,9/13/2023,FALSE,,0,0,0
2478,3631,65,Female,Pasta Pack,Grocery,3650000,Karaj,M,Lavender,Winter,4.8,No,Store Pickup,No,No,29,1,Weekly,Female_Oklahoma_65,8/5/2023,FALSE,,0,0,0
2479,3632,48,Female,Rice 10kg,Grocery,2500000,Hamedan,M,Peach,Fall,2.9,No,Store Pickup,No,No,26,0,Monthly,Female_New Jersey_48,9/30/2023,FALSE,,0,0,0
2480,3633,27,Female,Baguette,Bakery,3650000,Sari,L,Green,Spring,3.2,No,Express,No,No,3,0,Quarterly,Female_Utah_27,11/29/2023,TRUE,Yalda Festival,0,1,0
2261,3634,39,Female,Cola 1.5L,Beverages,2550000,Rasht,M,Orange,Spring,2.8,No,Free Shipping,No,No,1,0,Bi-Weekly,Female_Montana_39,10/8/2023,FALSE,,0,0,0
2481,3635,59,Female,Dishwashing Liquid,Household,1100000,Bandar Abbas,M,Pink,Winter,3.3,No,Standard,No,No,17,0,Annually,Female_Ohio_59,8/22/2023,FALSE,,0,0,0
2482,3636,52,Female,Pasta Pack,Grocery,1600000,Tabriz,L,Cyan,Fall,3.3,No,Free Shipping,No,No,17,0,Fortnightly,Female_Colorado_52,3/14/2023,FALSE,,0,0,0
2483,3637,50,Female,Paper Towel Pack,Household,1900000,Qazvin,L,Lavender,Summer,4.2,No,2-Day Shipping,No,No,36,1,Weekly,Female_California_50,6/10/2023,FALSE,,0,0,0
2484,3638,32,Female,Tea Box,Grocery,3300000,Ahvaz,L,Yellow,Winter,3.6,No,Express,No,No,32,0,Fortnightly,Female_Utah_32,8/21/2023,FALSE,,0,0,0
2485,3639,40,Female,Shampoo,Personal Care,1000000,Bandar Abbas,M,Olive,Spring,4.6,No,Express,No,No,50,0,Bi-Weekly,Female_Kansas_40,7/2/2023,FALSE,,0,0,0
2486,3640,26,Female,Fresh Bread,Bakery,2200000,Tehran,M,Brown,Summer,3.6,No,2-Day Shipping,No,No,39,0,Annually,Female_Illinois_26,9/11/2023,FALSE,,0,0,0
2487,3641,47,Female,Laundry Detergent,Household,1550000,Tehran,L,Pink,Spring,4,No,Next Day Air,No,No,17,0,Monthly,Female_Minnesota_47,7/13/2023,TRUE,Summer Sale Iran,0,1,0
2488,3642,51,Female,Shampoo,Personal Care,2250000,Yazd,M,Cyan,Fall,2.7,No,Free Shipping,No,No,39,0,Every 3 Months,Female_New York_51,12/22/2023,FALSE,,0,0,0
2489,3643,47,Female,Mineral Water 1.5L,Beverages,3550000,Qazvin,L,Maroon,Summer,4.4,No,Store Pickup,No,No,5,0,Annually,Female_Arizona_47,4/25/2023,FALSE,,0,0,0
2490,3644,53,Female,Baguette,Bakery,4800000,Hamedan,XL,Magenta,Fall,3.2,No,Standard,No,No,47,0,Annually,Female_Tennessee_53,1/1/2023,FALSE,,0,0,0
2491,3645,35,Female,Yogurt Bucket,Dairy,1600000,Tabriz,M,Violet,Winter,2.6,No,Next Day Air,No,No,18,0,Weekly,Female_Arkansas_35,6/9/2023,FALSE,,0,0,0
2492,3646,38,Female,Mineral Water 1.5L,Beverages,4500000,Isfahan,L,Silver,Summer,3.4,No,Free Shipping,No,No,31,0,Every 3 Months,Female_Colorado_38,2/24/2023,FALSE,,0,0,0
1979,3647,69,Female,Orange Juice,Beverages,3400000,Isfahan,M,Maroon,Spring,5,No,2-Day Shipping,No,No,39,0,Fortnightly,Female_Nevada_69,3/9/2023,FALSE,,0,0,0
2493,3648,47,Female,Yogurt Bucket,Dairy,2250000,Urmia,M,Gray,Winter,2.9,No,Store Pickup,No,No,12,0,Weekly,Female_Kansas_47,9/12/2023,FALSE,,0,0,0
1966,3649,31,Female,Shampoo,Personal Care,3350000,Rasht,M,White,Winter,5,No,Free Shipping,No,No,45,1,Bi-Weekly,Female_New York_31,1/27/2023,FALSE,,0,0,0
2494,3650,68,Female,Cola 1.5L,Beverages,2850000,Rasht,M,Brown,Fall,4.4,No,Standard,No,No,33,0,Fortnightly,Female_Minnesota_68,9/10/2023,FALSE,,0,0,0
1844,3651,51,Female,Mineral Water 1.5L,Beverages,3000000,Ahvaz,M,Silver,Summer,3.5,No,2-Day Shipping,No,No,3,0,Annually,Female_Ohio_51,11/2/2023,FALSE,,0,0,0
2495,3652,20,Female,Sunflower Oil,Grocery,1600000,Tabriz,M,Yellow,Spring,3.8,No,Express,No,No,5,0,Every 3 Months,Female_Arizona_20,4/15/2023,FALSE,,0,0,0
2496,3653,27,Female,Body Wash,Personal Care,1450000,Mashhad,S,Magenta,Fall,3.8,No,Store Pickup,No,No,23,0,Monthly,Female_Kentucky_27,4/19/2023,FALSE,,0,0,0
2497,3654,67,Female,Cola 1.5L,Beverages,1000000,Qazvin,M,Blue,Spring,3.9,No,Next Day Air,No,No,39,0,Fortnightly,Female_Minnesota_67,11/2/2023,FALSE,,0,0,0
2085,3655,21,Female,Body Wash,Personal Care,4900000,Kerman,M,Green,Winter,3.3,No,Next Day Air,No,No,10,0,Annually,Female_Arkansas_21,7/12/2023,TRUE,Summer Sale Iran,0,2,0
2498,3656,20,Female,Fresh Bread,Bakery,1350000,Sari,M,Yellow,Fall,2.9,No,Next Day Air,No,No,4,0,Bi-Weekly,Female_Wyoming_20,9/1/2023,FALSE,,0,0,0
2499,3657,35,Female,Paper Towel Pack,Household,3350000,Sari,XL,Cyan,Spring,3.7,No,2-Day Shipping,No,No,18,0,Monthly,Female_North Dakota_35,6/15/2023,FALSE,,0,0,0
2500,3658,58,Female,Mixed Nuts,Snacks,4100000,Mashhad,L,Gold,Winter,3.7,No,Express,No,No,1,0,Every 3 Months,Female_Alabama_58,11/20/2023,TRUE,Yalda Festival,0,1,0
2501,3659,28,Female,Body Wash,Personal Care,3600000,Hamedan,M,Magenta,Fall,4.6,No,Standard,No,No,18,0,Fortnightly,Female_Mississippi_28,8/2/2023,FALSE,,0,0,0
1929,3660,27,Female,Laundry Detergent,Household,3850000,Urmia,S,Gray,Fall,4.9,No,Store Pickup,No,No,46,0,Annually,Female_Illinois_27,3/27/2023,TRUE,Festival Norooz,1,1,1
2502,3661,19,Female,Shampoo,Personal Care,3700000,Shiraz,L,Indigo,Winter,3.1,No,2-Day Shipping,No,No,13,0,Fortnightly,Female_Arkansas_19,5/31/2023,FALSE,,0,0,0
2189,3662,63,Female,Cola 1.5L,Beverages,1950000,Isfahan,S,White,Winter,3.5,No,Next Day Air,No,No,5,0,Fortnightly,Female_Kansas_63,7/17/2023,TRUE,Summer Sale Iran,1,1,1
1758,3663,69,Female,Baguette,Bakery,4000000,Qom,M,Indigo,Spring,4.9,No,Next Day Air,No,No,11,0,Weekly,Female_Rhode Island_69,12/21/2023,FALSE,,0,0,0
2503,3664,65,Female,Mixed Nuts,Snacks,2950000,Tehran,M,Green,Summer,4.4,No,Express,No,No,49,0,Weekly,Female_Florida_65,10/27/2023,FALSE,,0,0,0
2504,3665,63,Female,Frozen Pizza,Frozen,3400000,Yazd,M,Turquoise,Fall,4.4,No,Store Pickup,No,No,1,0,Fortnightly,Female_Missouri_63,4/17/2023,FALSE,,0,0,0
1794,3666,28,Female,Frozen Chicken,Frozen,3850000,Ahvaz,M,Peach,Fall,3.4,No,Next Day Air,No,No,11,0,Quarterly,Female_North Carolina_28,8/26/2023,FALSE,,0,0,0
2505,3667,67,Female,Potato Chips,Snacks,2500000,Kermanshah,M,Olive,Winter,3,No,2-Day Shipping,No,No,47,1,Every 3 Months,Female_Alabama_67,4/5/2023,FALSE,,0,0,0
2506,3668,51,Female,Orange Juice,Beverages,2250000,Karaj,L,Cyan,Fall,2.6,No,Next Day Air,No,No,20,0,Monthly,Female_Washington_51,12/11/2023,FALSE,,0,0,0
2507,3669,59,Female,Cola 1.5L,Beverages,3550000,Karaj,XL,Magenta,Summer,3.2,No,Store Pickup,No,No,18,0,Annually,Female_Michigan_59,1/2/2023,FALSE,,0,0,0
2405,3670,25,Female,Chocolate Bar,Snacks,2600000,Qazvin,S,Silver,Fall,4.6,No,Store Pickup,No,No,43,0,Quarterly,Female_Washington_25,7/29/2023,FALSE,,0,0,0
2305,3671,31,Female,Cola 1.5L,Beverages,2500000,Tehran,S,White,Winter,3.8,No,Free Shipping,No,No,4,0,Every 3 Months,Female_Vermont_31,8/24/2023,FALSE,,0,0,0
2508,3672,62,Female,Laundry Detergent,Household,3300000,Mashhad,L,Pink,Summer,4.8,No,2-Day Shipping,No,No,20,0,Quarterly,Female_Illinois_62,8/25/2023,FALSE,,0,0,0
2488,3673,51,Female,Sugar 1kg,Grocery,4050000,Yazd,S,Pink,Fall,4.5,No,Free Shipping,No,No,7,0,Monthly,Female_New York_51,5/15/2023,FALSE,,0,0,0
2509,3674,32,Female,Frozen Pizza,Frozen,1400000,Ahvaz,M,Pink,Summer,4.2,No,2-Day Shipping,No,No,31,0,Fortnightly,Female_Rhode Island_32,5/20/2023,FALSE,,0,0,0
2510,3675,35,Female,Shampoo,Personal Care,3250000,Qazvin,M,Blue,Winter,2.7,No,2-Day Shipping,No,No,41,0,Fortnightly,Female_Washington_35,6/8/2023,FALSE,,0,0,0
2511,3676,70,Female,Pasta Pack,Grocery,4000000,Karaj,M,White,Winter,4.5,No,Express,No,No,3,0,Monthly,Female_Virginia_70,8/13/2023,FALSE,,0,0,0
2512,3677,19,Female,Orange Juice,Beverages,4700000,Tehran,S,Teal,Spring,4.9,No,Free Shipping,No,No,16,0,Monthly,Female_Wisconsin_19,11/8/2023,FALSE,,0,0,0
2513,3678,32,Female,Toothpaste,Personal Care,1500000,Shiraz,M,Gray,Fall,2.8,No,Standard,No,No,43,1,Annually,Female_Michigan_32,7/9/2023,FALSE,,0,0,0
2514,3679,56,Female,Frozen Pizza,Frozen,2250000,Urmia,S,Beige,Fall,3.5,No,Standard,No,No,29,0,Fortnightly,Female_Texas_56,9/17/2023,FALSE,,0,0,0
1971,3680,53,Female,Milk 1L,Dairy,4550000,Rasht,M,Violet,Summer,2.5,No,Store Pickup,No,No,5,1,Bi-Weekly,Female_Idaho_53,5/31/2023,FALSE,,0,0,0
1945,3681,22,Female,Milk 1L,Dairy,1800000,Qom,S,Blue,Winter,2.9,No,Standard,No,No,30,0,Quarterly,Female_Iowa_22,8/12/2023,FALSE,,0,0,0
2044,3682,26,Female,Orange Juice,Beverages,3650000,Kermanshah,XL,Magenta,Fall,4.2,No,Next Day Air,No,No,33,0,Monthly,Female_Connecticut_26,6/15/2023,FALSE,,0,0,0
2515,3683,42,Female,Fresh Bread,Bakery,3000000,Rasht,M,Maroon,Fall,4.6,No,Store Pickup,No,No,46,0,Bi-Weekly,Female_Wyoming_42,6/22/2023,FALSE,,0,0,0
2121,3684,30,Female,Laundry Detergent,Household,3850000,Isfahan,M,Purple,Winter,3,No,Free Shipping,No,No,17,0,Fortnightly,Female_Mississippi_30,8/18/2023,FALSE,,0,0,0
2070,3685,29,Female,Tea Box,Grocery,4300000,Kermanshah,L,Charcoal,Spring,4.4,No,Free Shipping,No,No,47,0,Bi-Weekly,Female_Pennsylvania_29,8/23/2023,FALSE,,0,0,0
2341,3686,47,Female,Frozen Chicken,Frozen,2100000,Tabriz,L,Red,Summer,2.6,No,Standard,No,No,17,1,Bi-Weekly,Female_Tennessee_47,1/18/2023,FALSE,,0,0,0
2516,3687,59,Female,Paper Towel Pack,Household,3500000,Tehran,M,Charcoal,Spring,4.8,No,Free Shipping,No,No,17,1,Bi-Weekly,Female_Louisiana_59,10/9/2023,FALSE,,0,0,0
2065,3688,34,Female,Chocolate Bar,Snacks,2200000,Rasht,L,Lavender,Summer,2.9,No,Next Day Air,No,No,28,0,Every 3 Months,Female_Arkansas_34,9/20/2023,FALSE,,0,0,0
2012,3689,52,Female,Body Wash,Personal Care,4550000,Rasht,L,White,Spring,3,No,Next Day Air,No,No,8,1,Monthly,Female_West Virginia_52,4/28/2023,FALSE,,0,0,0
2517,3690,47,Female,Cheddar Cheese,Dairy,1500000,Sari,L,Red,Fall,4.5,No,Standard,No,No,8,0,Quarterly,Female_South Carolina_47,8/17/2023,FALSE,,0,0,0
1964,3691,24,Female,Dishwashing Liquid,Household,1150000,Urmia,S,Violet,Fall,3.7,No,Store Pickup,No,No,4,0,Bi-Weekly,Female_Kansas_24,9/17/2023,FALSE,,0,0,0
2518,3692,63,Female,Yogurt Bucket,Dairy,1050000,Tehran,XL,Orange,Summer,4.8,No,Next Day Air,No,No,24,0,Weekly,Female_Michigan_63,10/26/2023,FALSE,,0,0,0
2022,3693,59,Female,Mixed Nuts,Snacks,1700000,Sari,L,Turquoise,Spring,4.8,No,Free Shipping,No,No,29,1,Fortnightly,Female_Alabama_59,7/13/2023,TRUE,Summer Sale Iran,0,1,1
2519,3694,66,Female,Potato Chips,Snacks,2300000,Qazvin,M,Violet,Summer,4.7,No,2-Day Shipping,No,No,10,0,Weekly,Female_South Dakota_66,8/22/2023,FALSE,,0,0,0
2520,3695,45,Female,Orange Juice,Beverages,2050000,Kermanshah,M,Blue,Winter,2.6,No,Express,No,No,11,0,Bi-Weekly,Female_Rhode Island_45,3/18/2023,FALSE,,0,0,0
2521,3696,38,Female,Baguette,Bakery,1650000,Bandar Abbas,M,White,Fall,4.6,No,Standard,No,No,18,0,Fortnightly,Female_Florida_38,10/23/2023,FALSE,,0,0,0
1872,3697,63,Female,Cheddar Cheese,Dairy,2400000,Kermanshah,L,Turquoise,Fall,3.4,No,Next Day Air,No,No,26,0,Annually,Female_Connecticut_63,12/6/2023,FALSE,,0,0,0
2522,3698,55,Female,Cheddar Cheese,Dairy,3300000,Qazvin,L,Pink,Winter,3,No,Standard,No,No,39,1,Weekly,Female_Pennsylvania_55,1/28/2023,FALSE,,0,0,0
2523,3699,25,Female,Potato Chips,Snacks,2700000,Mashhad,XL,Maroon,Spring,4,No,2-Day Shipping,No,No,4,0,Annually,Female_California_25,5/26/2023,FALSE,,0,0,0
2524,3700,51,Female,Rice 10kg,Grocery,2750000,Kermanshah,M,Olive,Fall,2.6,No,Store Pickup,No,No,24,0,Weekly,Female_Oklahoma_51,3/26/2023,TRUE,Festival Norooz,0,1,0
2525,3701,28,Female,Chocolate Bar,Snacks,4200000,Tabriz,XL,Charcoal,Summer,3.4,No,Store Pickup,No,No,2,0,Every 3 Months,Female_North Dakota_28,7/28/2023,FALSE,,0,0,0
2334,3702,46,Female,Yogurt Bucket,Dairy,3300000,Mashhad,M,Charcoal,Spring,4.5,No,Store Pickup,No,No,36,1,Annually,Female_New Mexico_46,12/25/2023,FALSE,,0,0,0
2526,3703,58,Female,Sunflower Oil,Grocery,3250000,Kerman,M,Indigo,Spring,2.7,No,Store Pickup,No,No,36,0,Weekly,Female_South Carolina_58,8/19/2023,FALSE,,0,0,0
2527,3704,30,Female,Pasta Pack,Grocery,4150000,Qazvin,S,Teal,Fall,2.9,No,Standard,No,No,23,0,Every 3 Months,Female_Michigan_30,1/2/2023,FALSE,,0,0,0
2150,3705,68,Female,Milk 1L,Dairy,3050000,Qazvin,L,Black,Winter,4,No,Store Pickup,No,No,36,0,Quarterly,Female_Missouri_68,2/8/2023,FALSE,,0,0,0
2528,3706,28,Female,Yogurt Bucket,Dairy,3250000,Isfahan,L,Teal,Summer,3.2,No,Free Shipping,No,No,2,0,Annually,Female_Colorado_28,7/16/2023,TRUE,Summer Sale Iran,0,1,0
2529,3707,26,Female,Sugar 1kg,Grocery,2750000,Qazvin,M,Green,Spring,4,No,Store Pickup,No,No,17,1,Bi-Weekly,Female_Kansas_26,8/15/2023,FALSE,,0,0,0
1715,3708,35,Female,Rice 10kg,Grocery,3950000,Sari,M,Gold,Fall,3.4,No,2-Day Shipping,No,No,19,0,Weekly,Female_Illinois_35,6/9/2023,FALSE,,0,0,0
2530,3709,40,Female,Potato Chips,Snacks,4800000,Bandar Abbas,M,Red,Fall,4.9,No,Express,No,No,41,0,Monthly,Female_South Carolina_40,5/24/2023,FALSE,,0,0,0
1860,3710,31,Female,Yogurt Bucket,Dairy,2150000,Karaj,M,Silver,Fall,3.6,No,Free Shipping,No,No,27,0,Quarterly,Female_Utah_31,10/30/2023,FALSE,,0,0,0
2531,3711,60,Female,Fresh Bread,Bakery,2000000,Isfahan,M,Yellow,Summer,3.6,No,2-Day Shipping,No,No,32,0,Fortnightly,Female_Hawaii_60,5/27/2023,FALSE,,0,0,0
2532,3712,69,Female,Mineral Water 1.5L,Beverages,3100000,Karaj,XL,Peach,Fall,3.2,No,Free Shipping,No,No,33,1,Annually,Female_Texas_69,9/1/2023,FALSE,,0,0,0
1990,3713,51,Female,Fresh Bread,Bakery,3600000,Rasht,M,Turquoise,Spring,3.7,No,2-Day Shipping,No,No,24,0,Quarterly,Female_Oregon_51,9/12/2023,FALSE,,0,0,0
2533,3714,49,Female,Potato Chips,Snacks,4350000,Sari,M,Peach,Spring,2.6,No,Express,No,No,31,0,Every 3 Months,Female_Arizona_49,3/30/2023,TRUE,Festival Norooz,0,1,0
2534,3715,18,Female,Rice 10kg,Grocery,1550000,Tabriz,S,Peach,Winter,3.9,No,Express,No,No,35,0,Weekly,Female_New York_18,7/18/2023,TRUE,Summer Sale Iran,0,1,0
2535,3716,63,Female,Laundry Detergent,Household,1700000,Karaj,S,Orange,Fall,3.4,No,Free Shipping,No,No,2,0,Monthly,Female_Nebraska_63,7/18/2023,TRUE,Summer Sale Iran,0,1,0
2536,3717,57,Female,Cola 1.5L,Beverages,2650000,Tabriz,M,Charcoal,Fall,3.4,No,Next Day Air,No,No,42,0,Every 3 Months,Female_Vermont_57,5/3/2023,FALSE,,0,0,0
1948,3718,45,Female,Potato Chips,Snacks,4250000,Hamedan,XL,White,Summer,4.2,No,Express,No,No,47,0,Every 3 Months,Female_Maryland_45,12/21/2023,FALSE,,0,0,0
2537,3719,36,Female,Laundry Detergent,Household,2500000,Arak,L,Turquoise,Fall,2.9,No,Standard,No,No,44,0,Bi-Weekly,Female_Tennessee_36,11/26/2023,TRUE,Yalda Festival,0,1,0
2538,3720,20,Female,Frozen Pizza,Frozen,4550000,Urmia,M,Red,Summer,4.1,No,Free Shipping,No,No,8,0,Every 3 Months,Female_Pennsylvania_20,1/24/2023,FALSE,,0,0,0
2539,3721,21,Female,Chocolate Bar,Snacks,2800000,Hamedan,M,Peach,Fall,3.6,No,Free Shipping,No,No,13,0,Quarterly,Female_South Carolina_21,2/12/2023,FALSE,,0,0,0
2540,3722,62,Female,Milk 1L,Dairy,3000000,Bandar Abbas,L,Pink,Fall,4,No,Next Day Air,No,No,10,1,Annually,Female_Connecticut_62,4/29/2023,FALSE,,0,0,0
1886,3723,23,Female,Mixed Nuts,Snacks,1700000,Bandar Abbas,XL,Yellow,Fall,4,No,Standard,No,No,1,0,Fortnightly,Female_Kentucky_23,12/4/2023,FALSE,,0,0,0
2541,3724,26,Female,Fresh Bread,Bakery,1500000,Urmia,M,Beige,Spring,3.6,No,Free Shipping,No,No,1,0,Monthly,Female_Rhode Island_26,12/27/2023,FALSE,,0,0,0
2542,3725,30,Female,Body Wash,Personal Care,3550000,Qazvin,L,Green,Winter,3.1,No,Express,No,No,18,0,Annually,Female_Colorado_30,12/14/2023,FALSE,,0,0,0
2543,3726,18,Female,Frozen Pizza,Frozen,5000000,Hamedan,S,Turquoise,Winter,4.4,No,Next Day Air,No,No,2,0,Annually,Female_Oklahoma_18,7/24/2023,FALSE,,0,0,0
2544,3727,47,Female,Laundry Detergent,Household,4250000,Kermanshah,XL,Orange,Fall,4.3,No,Next Day Air,No,No,36,0,Every 3 Months,Female_Idaho_47,10/21/2023,FALSE,,0,0,0
2361,3728,41,Female,Sugar 1kg,Grocery,4150000,Tehran,M,Gold,Summer,3.5,No,Next Day Air,No,No,17,0,Bi-Weekly,Female_Maine_41,5/25/2023,FALSE,,0,0,0
2545,3729,62,Female,Chocolate Bar,Snacks,1550000,Urmia,L,Red,Winter,3,No,Standard,No,No,1,0,Annually,Female_Vermont_62,4/16/2023,FALSE,,0,0,0
1861,3730,28,Female,Mineral Water 1.5L,Beverages,4100000,Isfahan,M,Teal,Spring,4.7,No,2-Day Shipping,No,No,50,1,Quarterly,Female_Rhode Island_28,8/11/2023,FALSE,,0,0,0
2546,3731,46,Female,Dishwashing Liquid,Household,3950000,Tehran,M,Teal,Summer,2.5,No,2-Day Shipping,No,No,3,0,Bi-Weekly,Female_Florida_46,9/18/2023,FALSE,,0,0,0
2547,3732,54,Female,Fresh Bread,Bakery,3100000,Yazd,M,Lavender,Spring,3.1,No,2-Day Shipping,No,No,45,0,Quarterly,Female_West Virginia_54,12/7/2023,FALSE,,0,0,0
2548,3733,36,Female,Body Wash,Personal Care,4600000,Urmia,L,Pink,Spring,3.3,No,Free Shipping,No,No,28,0,Annually,Female_Indiana_36,4/2/2023,FALSE,,0,0,0
2549,3734,25,Female,Toothpaste,Personal Care,2900000,Karaj,M,Maroon,Fall,4.7,No,Next Day Air,No,No,6,0,Every 3 Months,Female_Illinois_25,10/22/2023,FALSE,,0,0,0
2550,3735,38,Female,Dishwashing Liquid,Household,4400000,Arak,M,Beige,Spring,3.4,No,Next Day Air,No,No,33,0,Every 3 Months,Female_California_38,8/30/2023,FALSE,,0,0,0
2551,3736,38,Female,Baguette,Bakery,2200000,Arak,L,Orange,Spring,3.1,No,2-Day Shipping,No,No,29,0,Annually,Female_Massachusetts_38,11/24/2023,TRUE,Yalda Festival,0,1,0
1999,3737,42,Female,Toothpaste,Personal Care,2800000,Qom,M,Red,Spring,4.6,No,Store Pickup,No,No,2,0,Every 3 Months,Female_Idaho_42,2/11/2023,FALSE,,0,0,0
2325,3738,19,Female,Paper Towel Pack,Household,1150000,Tehran,S,Maroon,Winter,4.9,No,Free Shipping,No,No,43,0,Bi-Weekly,Female_Kentucky_19,11/13/2023,FALSE,,0,0,0
2319,3739,34,Female,Laundry Detergent,Household,2250000,Ahvaz,M,Brown,Spring,2.7,No,Free Shipping,No,No,48,1,Fortnightly,Female_Delaware_34,2/6/2023,FALSE,,0,0,0
1930,3740,38,Female,Milk 1L,Dairy,1550000,Kerman,M,Olive,Fall,4.2,No,Free Shipping,No,No,43,0,Weekly,Female_Idaho_38,6/22/2023,FALSE,,0,0,0
2265,3741,42,Female,Mineral Water 1.5L,Beverages,4800000,Ahvaz,M,Silver,Summer,2.6,No,Store Pickup,No,No,26,0,Bi-Weekly,Female_Virginia_42,8/22/2023,FALSE,,0,0,0
2552,3742,58,Female,Frozen Chicken,Frozen,4800000,Qazvin,M,Purple,Spring,3.2,No,2-Day Shipping,No,No,26,0,Bi-Weekly,Female_Arizona_58,10/23/2023,FALSE,,0,0,0
1811,3743,56,Female,Mixed Nuts,Snacks,4000000,Bandar Abbas,M,Gray,Fall,4.4,No,Standard,No,No,50,0,Bi-Weekly,Female_Maryland_56,10/12/2023,FALSE,,0,0,0
2414,3744,62,Female,Sugar 1kg,Grocery,1400000,Hamedan,L,Cyan,Fall,3.6,No,Free Shipping,No,No,36,0,Quarterly,Female_Idaho_62,11/19/2023,FALSE,,0,0,0
2553,3745,24,Female,Mineral Water 1.5L,Beverages,2550000,Rasht,M,Gray,Summer,2.7,No,Next Day Air,No,No,26,0,Fortnightly,Female_New Jersey_24,12/10/2023,FALSE,,0,0,0
2554,3746,60,Female,Milk 1L,Dairy,2050000,Kermanshah,L,Gold,Spring,4.3,No,Express,No,No,2,0,Monthly,Female_Washington_60,6/14/2023,FALSE,,0,0,0
1971,3747,53,Female,Orange Juice,Beverages,4950000,Rasht,XL,Cyan,Summer,2.6,No,Next Day Air,No,No,49,0,Monthly,Female_Idaho_53,1/18/2023,FALSE,,0,0,0
2541,3748,26,Female,Frozen Pizza,Frozen,2650000,Arak,L,Olive,Spring,4.3,No,Store Pickup,No,No,32,0,Bi-Weekly,Female_Rhode Island_26,4/26/2023,FALSE,,0,0,0
2319,3749,34,Female,Chocolate Bar,Snacks,1250000,Tabriz,M,Violet,Fall,3.9,No,2-Day Shipping,No,No,3,0,Annually,Female_Delaware_34,1/26/2023,FALSE,,0,0,0
2555,3750,24,Female,Cheddar Cheese,Dairy,4750000,Shiraz,L,Yellow,Winter,2.9,No,2-Day Shipping,No,No,38,0,Every 3 Months,Female_Alaska_24,4/25/2023,FALSE,,0,0,0
2556,3751,42,Female,Dishwashing Liquid,Household,4400000,Kermanshah,M,Gold,Fall,3.1,No,Free Shipping,No,No,5,0,Monthly,Female_Arizona_42,8/29/2023,FALSE,,0,0,0
1927,3752,36,Female,Cola 1.5L,Beverages,4850000,Hamedan,S,Silver,Fall,4.2,No,Free Shipping,No,No,8,0,Every 3 Months,Female_Alabama_36,9/26/2023,FALSE,,0,0,0
2557,3753,24,Female,Laundry Detergent,Household,4050000,Isfahan,L,Pink,Winter,4.1,No,2-Day Shipping,No,No,43,0,Weekly,Female_Washington_24,9/16/2023,FALSE,,0,0,0
2422,3754,39,Female,Baguette,Bakery,1300000,Qom,S,Turquoise,Winter,4.2,No,Next Day Air,No,No,22,0,Fortnightly,Female_Louisiana_39,4/13/2023,FALSE,,0,0,0
2084,3755,46,Female,Mixed Nuts,Snacks,2050000,Kerman,M,Turquoise,Summer,4.4,No,Express,No,No,10,1,Every 3 Months,Female_Nebraska_46,8/13/2023,FALSE,,0,0,0
2558,3756,64,Female,Toothpaste,Personal Care,4650000,Karaj,M,Peach,Fall,3.4,No,Free Shipping,No,No,26,0,Monthly,Female_Pennsylvania_64,11/25/2023,TRUE,Yalda Festival,0,1,0
2559,3757,64,Female,Sugar 1kg,Grocery,3450000,Bandar Abbas,L,Teal,Spring,4.8,No,Express,No,No,42,0,Bi-Weekly,Female_South Carolina_64,8/15/2023,FALSE,,0,0,0
2560,3758,61,Female,Chocolate Bar,Snacks,2200000,Sari,L,Red,Fall,4.5,No,2-Day Shipping,No,No,33,1,Weekly,Female_California_61,5/9/2023,FALSE,,0,0,0
2162,3759,61,Female,Cheddar Cheese,Dairy,2700000,Mashhad,S,Black,Spring,2.7,No,Store Pickup,No,No,23,0,Quarterly,Female_Indiana_61,12/6/2023,FALSE,,0,0,0
2561,3760,44,Female,Rice 10kg,Grocery,3050000,Yazd,M,Pink,Spring,3.5,No,Store Pickup,No,No,30,0,Quarterly,Female_Missouri_44,4/3/2023,FALSE,,0,0,0
2562,3761,65,Female,Cola 1.5L,Beverages,4000000,Ahvaz,M,Peach,Fall,3.1,No,Next Day Air,No,No,36,0,Weekly,Female_Connecticut_65,1/20/2023,FALSE,,0,0,0
2563,3762,60,Female,Dishwashing Liquid,Household,1500000,Qom,M,Green,Summer,2.8,No,Next Day Air,No,No,3,0,Every 3 Months,Female_Nevada_60,10/22/2023,FALSE,,0,0,0
2564,3763,65,Female,Shampoo,Personal Care,4700000,Hamedan,L,Green,Fall,2.9,No,Store Pickup,No,No,13,0,Annually,Female_New York_65,7/20/2023,TRUE,Summer Sale Iran,0,1,0
2565,3764,27,Female,Dishwashing Liquid,Household,1200000,Arak,XL,Red,Winter,4.5,No,Standard,No,No,38,1,Every 3 Months,Female_Oklahoma_27,9/13/2023,FALSE,,0,0,0
2566,3765,36,Female,Frozen Pizza,Frozen,1050000,Yazd,M,Maroon,Fall,3.5,No,Next Day Air,No,No,19,0,Monthly,Female_South Dakota_36,6/22/2023,FALSE,,0,0,0
2567,3766,22,Female,Shampoo,Personal Care,2600000,Arak,M,Green,Summer,4.3,No,Standard,No,No,14,0,Bi-Weekly,Female_Missouri_22,12/6/2023,FALSE,,0,0,0
2568,3767,62,Female,Frozen Chicken,Frozen,2950000,Bandar Abbas,M,Black,Fall,4.9,No,Next Day Air,No,No,43,0,Annually,Female_Texas_62,7/9/2023,FALSE,,0,0,0
2569,3768,59,Female,Pasta Pack,Grocery,2550000,Urmia,XL,Black,Summer,3.1,No,Free Shipping,No,No,10,0,Fortnightly,Female_New York_59,4/5/2023,FALSE,,0,0,0
2019,3769,50,Female,Milk 1L,Dairy,1750000,Sari,M,Yellow,Winter,4,No,Free Shipping,No,No,34,0,Quarterly,Female_Vermont_50,4/20/2023,FALSE,,0,0,0
2570,3770,51,Female,Rice 10kg,Grocery,4350000,Shiraz,L,Green,Summer,3.6,No,Standard,No,No,31,0,Annually,Female_Arizona_51,1/12/2023,FALSE,,0,0,0
2571,3771,23,Female,Dishwashing Liquid,Household,2100000,Qazvin,L,Black,Summer,4,No,Store Pickup,No,No,34,0,Weekly,Female_Montana_23,2/14/2023,FALSE,,0,0,0
2572,3772,21,Female,Orange Juice,Beverages,4300000,Yazd,M,Red,Winter,2.6,No,Express,No,No,28,0,Bi-Weekly,Female_Oklahoma_21,9/5/2023,FALSE,,0,0,0
2573,3773,44,Female,Dishwashing Liquid,Household,1300000,Yazd,L,Yellow,Fall,3.1,No,Next Day Air,No,No,35,1,Annually,Female_New Hampshire_44,11/21/2023,TRUE,Yalda Festival,0,1,0
2574,3774,25,Female,Body Wash,Personal Care,3000000,Urmia,M,Violet,Summer,3.5,No,Store Pickup,No,No,41,1,Quarterly,Female_Wisconsin_25,11/15/2023,FALSE,,0,0,0
2575,3775,57,Female,Paper Towel Pack,Household,4150000,Arak,S,Cyan,Winter,3.9,No,Standard,No,No,48,0,Fortnightly,Female_Alaska_57,4/9/2023,FALSE,,0,0,0
2576,3776,41,Female,Sugar 1kg,Grocery,3150000,Sari,S,Pink,Spring,2.7,No,2-Day Shipping,No,No,45,1,Quarterly,Female_South Dakota_41,5/17/2023,FALSE,,0,0,0
2577,3777,19,Female,Yogurt Bucket,Dairy,1250000,Qazvin,L,Olive,Spring,4.1,No,Standard,No,No,10,0,Fortnightly,Female_Alaska_19,1/29/2023,FALSE,,0,0,0
2578,3778,43,Female,Chocolate Bar,Snacks,3250000,Arak,M,Maroon,Fall,4.3,No,Express,No,No,9,1,Weekly,Female_Utah_43,4/30/2023,FALSE,,0,0,0
2579,3779,25,Female,Shampoo,Personal Care,3000000,Bandar Abbas,M,Cyan,Fall,2.9,No,Free Shipping,No,No,30,0,Annually,Female_South Dakota_25,5/8/2023,FALSE,,0,0,0
2580,3780,60,Female,Yogurt Bucket,Dairy,3750000,Isfahan,XL,Lavender,Spring,4,No,Express,No,No,45,0,Annually,Female_California_60,4/29/2023,FALSE,,0,0,0
2581,3781,54,Female,Shampoo,Personal Care,2850000,Hamedan,L,Yellow,Fall,4.1,No,Free Shipping,No,No,41,0,Quarterly,Female_Mississippi_54,11/7/2023,FALSE,,0,0,0
1710,3782,52,Female,Frozen Chicken,Frozen,4950000,Shiraz,M,Pink,Winter,3.7,No,Standard,No,No,40,0,Fortnightly,Female_Tennessee_52,5/27/2023,FALSE,,0,0,0
1924,3783,40,Female,Yogurt Bucket,Dairy,2250000,Ahvaz,L,Orange,Spring,2.8,No,Free Shipping,No,No,42,0,Fortnightly,Female_Alabama_40,1/13/2023,FALSE,,0,0,0
2582,3784,39,Female,Milk 1L,Dairy,3300000,Mashhad,XL,Orange,Summer,3.2,No,Free Shipping,No,No,17,0,Fortnightly,Female_Maine_39,5/27/2023,FALSE,,0,0,0
2583,3785,54,Female,Frozen Chicken,Frozen,2650000,Ahvaz,M,Violet,Winter,4.5,No,Next Day Air,No,No,4,0,Annually,Female_Virginia_54,9/19/2023,FALSE,,0,0,0
2584,3786,64,Female,Chocolate Bar,Snacks,4700000,Qom,L,Lavender,Winter,3.8,No,Standard,No,No,6,1,Monthly,Female_New Hampshire_64,12/18/2023,FALSE,,0,0,0
2585,3787,31,Female,Yogurt Bucket,Dairy,2350000,Shiraz,L,Yellow,Fall,3.6,No,2-Day Shipping,No,No,22,0,Weekly,Female_Tennessee_31,12/13/2023,FALSE,,0,0,0
2586,3788,37,Female,Frozen Chicken,Frozen,4000000,Karaj,M,Pink,Fall,3.6,No,2-Day Shipping,No,No,46,0,Every 3 Months,Female_New York_37,8/8/2023,FALSE,,0,0,0
2587,3789,43,Female,Chocolate Bar,Snacks,3250000,Arak,XL,Teal,Spring,3.2,No,Next Day Air,No,No,27,0,Monthly,Female_Kansas_43,11/2/2023,FALSE,,0,0,0
2588,3790,56,Female,Potato Chips,Snacks,3750000,Kermanshah,M,Magenta,Summer,3.8,No,Express,No,No,18,0,Every 3 Months,Female_North Dakota_56,2/2/2023,FALSE,,0,0,0
2332,3791,27,Female,Shampoo,Personal Care,2250000,Bandar Abbas,XL,Beige,Summer,4.4,No,Standard,No,No,31,0,Weekly,Female_Alaska_27,12/27/2023,FALSE,,0,0,0
2589,3792,40,Female,Dishwashing Liquid,Household,2550000,Arak,M,Gray,Spring,3.7,No,Store Pickup,No,No,1,0,Weekly,Female_Texas_40,1/16/2023,FALSE,,0,0,0
2590,3793,43,Female,Dishwashing Liquid,Household,2900000,Isfahan,S,Turquoise,Summer,2.6,No,Express,No,No,2,0,Fortnightly,Female_Massachusetts_43,4/4/2023,FALSE,,0,0,0
2050,3794,62,Female,Mineral Water 1.5L,Beverages,1000000,Shiraz,M,Pink,Fall,4,No,Standard,No,No,46,0,Annually,Female_Delaware_62,3/16/2023,FALSE,,0,0,0
2591,3795,44,Female,Baguette,Bakery,4100000,Tehran,M,Violet,Summer,3.6,No,2-Day Shipping,No,No,27,0,Weekly,Female_South Dakota_44,1/20/2023,FALSE,,0,0,0
2592,3796,45,Female,Paper Towel Pack,Household,4600000,Urmia,M,Charcoal,Spring,2.5,No,Express,No,No,3,1,Weekly,Female_Arkansas_45,6/23/2023,FALSE,,0,0,0
2031,3797,40,Female,Paper Towel Pack,Household,4050000,Hamedan,M,Lavender,Fall,3.2,No,Free Shipping,No,No,47,0,Quarterly,Female_Utah_40,11/13/2023,FALSE,,0,0,0
2593,3798,68,Female,Body Wash,Personal Care,2200000,Karaj,M,Gray,Summer,2.5,No,Next Day Air,No,No,20,1,Quarterly,Female_California_68,6/9/2023,FALSE,,0,0,0
2594,3799,63,Female,Shampoo,Personal Care,3600000,Tabriz,S,Brown,Winter,3.2,No,Next Day Air,No,No,23,0,Annually,Female_Rhode Island_63,10/13/2023,FALSE,,0,0,0
2595,3800,60,Female,Yogurt Bucket,Dairy,1300000,Qom,L,Violet,Winter,2.6,No,Store Pickup,No,No,13,0,Monthly,Female_Oklahoma_60,10/8/2023,FALSE,,0,0,0
2596,3801,19,Female,Cola 1.5L,Beverages,1300000,Tabriz,M,Turquoise,Fall,4.8,No,Next Day Air,No,No,12,0,Bi-Weekly,Female_Vermont_19,9/17/2023,FALSE,,0,0,0
2338,3802,26,Female,Yogurt Bucket,Dairy,4200000,Hamedan,M,Peach,Spring,5,No,Store Pickup,No,No,36,0,Fortnightly,Female_Kentucky_26,7/8/2023,FALSE,,0,0,0
2597,3803,70,Female,Orange Juice,Beverages,3600000,Qom,S,Turquoise,Spring,3.2,No,2-Day Shipping,No,No,1,0,Monthly,Female_Illinois_70,2/7/2023,FALSE,,0,0,0
2416,3804,48,Female,Laundry Detergent,Household,2750000,Urmia,M,Violet,Spring,3.6,No,Standard,No,No,14,0,Weekly,Female_Connecticut_48,3/18/2023,FALSE,,0,0,0
2170,3805,37,Female,Pasta Pack,Grocery,3850000,Qom,M,Olive,Fall,2.7,No,2-Day Shipping,No,No,45,1,Annually,Female_Florida_37,1/25/2023,FALSE,,0,0,0
2479,3806,48,Female,Mixed Nuts,Snacks,2850000,Kerman,M,Green,Fall,3.1,No,Standard,No,No,31,0,Quarterly,Female_New Jersey_48,1/24/2023,FALSE,,0,0,0
2598,3807,18,Female,Rice 10kg,Grocery,3550000,Urmia,M,Teal,Spring,3,No,Standard,No,No,41,0,Weekly,Female_Missouri_18,2/5/2023,FALSE,,0,0,0
2328,3808,38,Female,Rice 10kg,Grocery,1950000,Arak,L,Peach,Spring,2.9,No,Next Day Air,No,No,36,0,Annually,Female_Michigan_38,5/4/2023,FALSE,,0,0,0
2599,3809,33,Female,Sugar 1kg,Grocery,1400000,Sari,M,Pink,Winter,4.7,No,Express,No,No,6,0,Bi-Weekly,Female_Washington_33,11/8/2023,FALSE,,0,0,0
2600,3810,57,Female,Yogurt Bucket,Dairy,1650000,Yazd,S,Maroon,Winter,3.7,No,Standard,No,No,28,0,Annually,Female_New York_57,5/13/2023,FALSE,,0,0,0
1669,3811,46,Female,Pasta Pack,Grocery,3950000,Qazvin,L,Peach,Fall,3.9,No,Free Shipping,No,No,29,0,Monthly,Female_Wisconsin_46,4/14/2023,FALSE,,0,0,0
1807,3812,46,Female,Tea Box,Grocery,1500000,Kerman,M,Maroon,Winter,4,No,Standard,No,No,14,1,Monthly,Female_Idaho_46,11/27/2023,TRUE,Yalda Festival,3,1,0
2601,3813,50,Female,Dishwashing Liquid,Household,3750000,Yazd,M,Pink,Spring,2.8,No,Next Day Air,No,No,7,0,Every 3 Months,Female_Michigan_50,3/8/2023,FALSE,,0,0,0
1969,3814,61,Female,Shampoo,Personal Care,4450000,Ahvaz,M,Orange,Summer,4.1,No,Express,No,No,31,0,Bi-Weekly,Female_Georgia_61,9/3/2023,FALSE,,0,0,0
2602,3815,45,Female,Mineral Water 1.5L,Beverages,4750000,Arak,M,Orange,Winter,4.2,No,Free Shipping,No,No,26,0,Every 3 Months,Female_Michigan_45,5/24/2023,FALSE,,0,0,0
2035,3816,32,Female,Tea Box,Grocery,2200000,Qazvin,M,Brown,Fall,4.3,No,Express,No,No,12,0,Fortnightly,Female_Maine_32,8/6/2023,FALSE,,0,0,0
1833,3817,29,Female,Rice 10kg,Grocery,4300000,Shiraz,S,Silver,Summer,4.3,No,Store Pickup,No,No,45,0,Fortnightly,Female_Maryland_29,1/5/2023,FALSE,,0,0,0
2440,3818,66,Female,Tea Box,Grocery,4550000,Tehran,M,Magenta,Fall,2.6,No,Express,No,No,40,0,Annually,Female_Missouri_66,10/11/2023,FALSE,,0,0,0
2603,3819,70,Female,Cheddar Cheese,Dairy,2050000,Bandar Abbas,XL,Indigo,Winter,3.8,No,Free Shipping,No,No,42,1,Monthly,Female_Oregon_70,3/6/2023,FALSE,,0,0,0
2136,3820,36,Female,Mixed Nuts,Snacks,4950000,Yazd,S,Gold,Spring,2.9,No,Express,No,No,45,1,Quarterly,Female_Arkansas_36,5/26/2023,FALSE,,0,0,0
2604,3821,34,Female,Orange Juice,Beverages,3250000,Hamedan,M,Purple,Winter,5,No,Standard,No,No,34,0,Quarterly,Female_New Hampshire_34,9/29/2023,FALSE,,0,0,0
2605,3822,20,Female,Yogurt Bucket,Dairy,2400000,Urmia,M,Gold,Summer,4.6,No,Free Shipping,No,No,34,0,Every 3 Months,Female_Oregon_20,8/6/2023,FALSE,,0,0,0
2606,3823,70,Female,Paper Towel Pack,Household,2050000,Tabriz,S,Gold,Spring,3.2,No,Free Shipping,No,No,17,0,Every 3 Months,Female_Kansas_70,3/5/2023,FALSE,,0,0,0
2483,3824,50,Female,Dishwashing Liquid,Household,2100000,Isfahan,M,Gold,Summer,3,No,Standard,No,No,27,0,Weekly,Female_California_50,11/24/2023,TRUE,Yalda Festival,1,1,0
2607,3825,54,Female,Pasta Pack,Grocery,1300000,Mashhad,M,Olive,Summer,4,No,Free Shipping,No,No,31,0,Quarterly,Female_Georgia_54,4/16/2023,FALSE,,0,0,0
2127,3826,49,Female,Tea Box,Grocery,1750000,Arak,L,Green,Fall,4.1,No,Express,No,No,47,0,Fortnightly,Female_Hawaii_49,11/2/2023,FALSE,,0,0,0
2086,3827,50,Female,Sunflower Oil,Grocery,1550000,Tabriz,M,Gray,Summer,4,No,Express,No,No,25,0,Annually,Female_Montana_50,3/7/2023,FALSE,,0,0,0
2608,3828,62,Female,Cheddar Cheese,Dairy,3650000,Rasht,M,Red,Summer,4.1,No,Standard,No,No,47,1,Fortnightly,Female_Montana_62,5/3/2023,FALSE,,0,0,0
2609,3829,42,Female,Dishwashing Liquid,Household,4100000,Tehran,M,Charcoal,Spring,3.4,No,Free Shipping,No,No,8,1,Weekly,Female_Mississippi_42,10/26/2023,FALSE,,0,0,0
2133,3830,69,Female,Potato Chips,Snacks,1600000,Isfahan,M,Indigo,Spring,2.9,No,Free Shipping,No,No,32,0,Fortnightly,Female_Washington_69,10/7/2023,FALSE,,0,0,0
2192,3831,22,Female,Sugar 1kg,Grocery,1350000,Isfahan,M,Indigo,Summer,3,No,2-Day Shipping,No,No,33,0,Every 3 Months,Female_Pennsylvania_22,6/29/2023,FALSE,,0,0,0
2610,3832,36,Female,Mineral Water 1.5L,Beverages,4300000,Isfahan,L,Silver,Spring,4,No,Next Day Air,No,No,16,0,Every 3 Months,Female_Nevada_36,5/23/2023,FALSE,,0,0,0
2611,3833,64,Female,Cheddar Cheese,Dairy,1900000,Mashhad,XL,Purple,Winter,4.8,No,2-Day Shipping,No,No,27,1,Weekly,Female_Kansas_64,4/2/2023,FALSE,,0,0,0
2612,3834,44,Female,Orange Juice,Beverages,4650000,Isfahan,L,Gray,Summer,4.6,No,Free Shipping,No,No,17,0,Every 3 Months,Female_Arizona_44,1/10/2023,FALSE,,0,0,0
2283,3835,43,Female,Tea Box,Grocery,2950000,Urmia,M,Magenta,Winter,4.1,No,2-Day Shipping,No,No,17,1,Quarterly,Female_Tennessee_43,7/5/2023,FALSE,,0,0,0
2613,3836,58,Female,Milk 1L,Dairy,2900000,Mashhad,L,Silver,Winter,2.6,No,Express,No,No,28,0,Bi-Weekly,Female_Pennsylvania_58,7/31/2023,FALSE,,0,0,0
2336,3837,62,Female,Baguette,Bakery,4200000,Qom,M,Violet,Spring,2.5,No,Free Shipping,No,No,38,0,Fortnightly,Female_Alaska_62,3/15/2023,FALSE,,0,0,0
2614,3838,45,Female,Toothpaste,Personal Care,5000000,Isfahan,M,Green,Spring,4.8,No,Free Shipping,No,No,33,0,Fortnightly,Female_New Mexico_45,3/10/2023,FALSE,,0,0,0
1920,3839,47,Female,Sugar 1kg,Grocery,1250000,Qazvin,L,Green,Summer,4.2,No,Express,No,No,24,0,Every 3 Months,Female_Rhode Island_47,9/13/2023,FALSE,,0,0,0
2615,3840,66,Female,Cheddar Cheese,Dairy,1450000,Kermanshah,M,Peach,Spring,3.9,No,Free Shipping,No,No,14,0,Quarterly,Female_Connecticut_66,6/23/2023,FALSE,,0,0,0
2616,3841,30,Female,Mixed Nuts,Snacks,2100000,Rasht,M,Turquoise,Spring,3.7,No,Express,No,No,5,0,Fortnightly,Female_Idaho_30,1/14/2023,FALSE,,0,0,0
2411,3842,68,Female,Shampoo,Personal Care,2850000,Tehran,L,Pink,Fall,4.2,No,2-Day Shipping,No,No,8,0,Monthly,Female_Mississippi_68,6/13/2023,FALSE,,0,0,0
2379,3843,35,Female,Dishwashing Liquid,Household,4200000,Bandar Abbas,L,Lavender,Winter,4.2,No,Next Day Air,No,No,42,0,Monthly,Female_Colorado_35,3/26/2023,TRUE,Festival Norooz,1,1,0
2014,3844,64,Female,Sugar 1kg,Grocery,3550000,Shiraz,L,Silver,Winter,4,No,Free Shipping,No,No,48,0,Every 3 Months,Female_Georgia_64,1/21/2023,FALSE,,0,0,0
2617,3845,30,Female,Sugar 1kg,Grocery,4350000,Mashhad,S,Cyan,Fall,5,No,Next Day Air,No,No,40,0,Quarterly,Female_Montana_30,7/21/2023,FALSE,,0,0,0
2282,3846,58,Female,Yogurt Bucket,Dairy,2600000,Urmia,M,Green,Winter,4.9,No,Standard,No,No,46,0,Annually,Female_California_58,1/25/2023,FALSE,,0,0,0
2618,3847,57,Female,Paper Towel Pack,Household,2900000,Karaj,L,Orange,Summer,4,No,Express,No,No,40,0,Every 3 Months,Female_Pennsylvania_57,2/11/2023,FALSE,,0,0,0
2619,3848,60,Female,Sugar 1kg,Grocery,1700000,Kerman,S,Blue,Fall,3.2,No,2-Day Shipping,No,No,31,0,Fortnightly,Female_Delaware_60,11/16/2023,FALSE,,0,0,0
2620,3849,22,Female,Frozen Chicken,Frozen,3000000,Kerman,M,Magenta,Winter,3,No,Next Day Air,No,No,39,1,Every 3 Months,Female_New Hampshire_22,10/11/2023,FALSE,,0,0,0
2546,3850,46,Female,Milk 1L,Dairy,3400000,Qazvin,S,Cyan,Winter,2.6,No,Express,No,No,36,0,Fortnightly,Female_Florida_46,10/12/2023,FALSE,,0,0,0
2621,3851,27,Female,Frozen Chicken,Frozen,3700000,Ahvaz,L,Indigo,Summer,4.4,No,2-Day Shipping,No,No,25,0,Every 3 Months,Female_Mississippi_27,11/3/2023,FALSE,,0,0,0
2086,3852,50,Female,Cheddar Cheese,Dairy,4150000,Mashhad,M,Pink,Summer,3.9,No,Free Shipping,No,No,24,0,Annually,Female_Montana_50,10/11/2023,FALSE,,0,0,0
1786,3853,65,Female,Chocolate Bar,Snacks,3950000,Ahvaz,M,Peach,Fall,4,No,2-Day Shipping,No,No,19,0,Weekly,Female_Mississippi_65,8/21/2023,FALSE,,0,0,0
2295,3854,61,Female,Orange Juice,Beverages,3800000,Yazd,M,Lavender,Fall,4,No,Store Pickup,No,No,49,0,Bi-Weekly,Female_Tennessee_61,3/28/2023,TRUE,Festival Norooz,0,1,1
2622,3855,57,Female,Frozen Pizza,Frozen,1000000,Rasht,M,Black,Spring,4.2,No,Free Shipping,No,No,4,0,Annually,Female_Florida_57,2/23/2023,FALSE,,0,0,0
2623,3856,40,Female,Rice 10kg,Grocery,3050000,Hamedan,XL,Lavender,Summer,4.4,No,Next Day Air,No,No,36,1,Quarterly,Female_Illinois_40,4/16/2023,FALSE,,0,0,0
2624,3857,39,Female,Yogurt Bucket,Dairy,3900000,Tabriz,S,Brown,Summer,2.5,No,Free Shipping,No,No,8,0,Quarterly,Female_Virginia_39,8/8/2023,FALSE,,0,0,0
2349,3858,42,Female,Milk 1L,Dairy,1050000,Tabriz,S,Yellow,Summer,3.1,No,Store Pickup,No,No,29,0,Every 3 Months,Female_Texas_42,7/3/2023,FALSE,,0,0,0
2625,3859,30,Female,Yogurt Bucket,Dairy,3850000,Yazd,M,Olive,Winter,3.5,No,Store Pickup,No,No,26,0,Quarterly,Female_Missouri_30,11/8/2023,FALSE,,0,0,0
1786,3860,65,Female,Pasta Pack,Grocery,4400000,Bandar Abbas,S,Blue,Fall,3,No,2-Day Shipping,No,No,47,0,Bi-Weekly,Female_Mississippi_65,3/25/2023,TRUE,Festival Norooz,0,1,2
2618,3861,57,Female,Mixed Nuts,Snacks,3200000,Qazvin,M,Turquoise,Summer,4.4,No,Next Day Air,No,No,44,1,Annually,Female_Pennsylvania_57,1/23/2023,FALSE,,0,0,0
2626,3862,64,Female,Baguette,Bakery,2850000,Qazvin,M,Yellow,Spring,4.9,No,Standard,No,No,49,0,Monthly,Female_Wyoming_64,8/11/2023,FALSE,,0,0,0
2627,3863,56,Female,Mineral Water 1.5L,Beverages,2450000,Tehran,L,Turquoise,Winter,2.8,No,Next Day Air,No,No,9,0,Monthly,Female_Idaho_56,10/29/2023,FALSE,,0,0,0
2628,3864,40,Female,Cola 1.5L,Beverages,1750000,Mashhad,M,Orange,Summer,3.3,No,Free Shipping,No,No,28,1,Fortnightly,Female_New Hampshire_40,9/27/2023,FALSE,,0,0,0
2629,3865,55,Female,Chocolate Bar,Snacks,4950000,Shiraz,S,Blue,Winter,4.9,No,Express,No,No,1,0,Fortnightly,Female_Wyoming_55,11/27/2023,TRUE,Yalda Festival,0,1,0
1668,3866,25,Female,Frozen Chicken,Frozen,2100000,Rasht,M,Olive,Spring,4.2,No,Store Pickup,No,No,28,1,Every 3 Months,Female_Nebraska_25,3/11/2023,FALSE,,0,0,0
2630,3867,58,Female,Potato Chips,Snacks,1600000,Shiraz,M,Beige,Winter,3.3,No,2-Day Shipping,No,No,33,0,Fortnightly,Female_Alaska_58,5/26/2023,FALSE,,0,0,0
2631,3868,46,Female,Paper Towel Pack,Household,1050000,Bandar Abbas,L,Lavender,Summer,2.7,No,Standard,No,No,28,0,Monthly,Female_Maryland_46,9/7/2023,FALSE,,0,0,0
2632,3869,18,Female,Mixed Nuts,Snacks,1450000,Qazvin,XL,Magenta,Winter,3.3,No,2-Day Shipping,No,No,9,1,Annually,Female_Maryland_18,2/9/2023,FALSE,,0,0,0
2633,3870,26,Female,Orange Juice,Beverages,3200000,Tabriz,L,Cyan,Spring,3.8,No,Free Shipping,No,No,28,0,Annually,Female_Arizona_26,9/21/2023,FALSE,,0,0,0
2634,3871,61,Female,Shampoo,Personal Care,2300000,Qazvin,L,Lavender,Fall,3.2,No,Next Day Air,No,No,19,1,Every 3 Months,Female_Ohio_61,9/10/2023,FALSE,,0,0,0
2258,3872,55,Female,Cheddar Cheese,Dairy,4850000,Arak,M,Black,Fall,4.1,No,2-Day Shipping,No,No,20,0,Every 3 Months,Female_Minnesota_55,11/21/2023,TRUE,Yalda Festival,2,1,0
2635,3873,41,Female,Toothpaste,Personal Care,4700000,Mashhad,M,Green,Spring,4.3,No,Standard,No,No,3,1,Monthly,Female_New Hampshire_41,1/10/2023,FALSE,,0,0,0
2636,3874,42,Female,Potato Chips,Snacks,2150000,Ahvaz,L,Silver,Summer,4,No,Standard,No,No,22,0,Weekly,Female_Louisiana_42,3/9/2023,FALSE,,0,0,0
2637,3875,70,Female,Rice 10kg,Grocery,2700000,Tabriz,XL,Beige,Summer,3.9,No,2-Day Shipping,No,No,33,0,Bi-Weekly,Female_Nevada_70,5/29/2023,FALSE,,0,0,0
2638,3876,63,Female,Orange Juice,Beverages,2550000,Tehran,M,Pink,Winter,3.3,No,2-Day Shipping,No,No,21,0,Annually,Female_New Hampshire_63,2/27/2023,FALSE,,0,0,0
2200,3877,60,Female,Body Wash,Personal Care,4250000,Arak,S,Cyan,Fall,2.6,No,2-Day Shipping,No,No,7,1,Annually,Female_Wisconsin_60,10/22/2023,FALSE,,0,0,0
2470,3878,28,Female,Laundry Detergent,Household,4800000,Tehran,M,Olive,Spring,4.2,No,Next Day Air,No,No,46,0,Monthly,Female_Nevada_28,5/9/2023,FALSE,,0,0,0
2639,3879,60,Female,Frozen Chicken,Frozen,2100000,Kerman,M,Pink,Summer,3.4,No,2-Day Shipping,No,No,24,0,Annually,Female_South Carolina_60,8/1/2023,FALSE,,0,0,0
1734,3880,26,Female,Mineral Water 1.5L,Beverages,3150000,Kerman,L,Maroon,Winter,4.1,No,Free Shipping,No,No,6,0,Quarterly,Female_Florida_26,12/31/2023,FALSE,,0,0,0
2640,3881,42,Female,Mixed Nuts,Snacks,1000000,Qazvin,M,Red,Winter,3.9,No,Free Shipping,No,No,40,0,Monthly,Female_Massachusetts_42,4/22/2023,FALSE,,0,0,0
2021,3882,56,Female,Tea Box,Grocery,1250000,Qom,L,Silver,Spring,2.8,No,2-Day Shipping,No,No,17,0,Weekly,Female_Georgia_56,7/17/2023,TRUE,Summer Sale Iran,0,1,1
2499,3883,35,Female,Frozen Pizza,Frozen,4750000,Urmia,L,Blue,Fall,2.6,No,Free Shipping,No,No,24,1,Fortnightly,Female_North Dakota_35,12/3/2023,FALSE,,0,0,0
2098,3884,34,Female,Orange Juice,Beverages,1900000,Kerman,XL,Purple,Fall,4,No,Next Day Air,No,No,22,1,Fortnightly,Female_North Dakota_34,6/19/2023,FALSE,,0,0,0
2430,3885,47,Female,Potato Chips,Snacks,1450000,Shiraz,M,Brown,Fall,4.9,No,Express,No,No,3,0,Weekly,Female_Maryland_47,3/13/2023,FALSE,,0,0,0
2641,3886,49,Female,Baguette,Bakery,3200000,Qazvin,L,Purple,Winter,3.2,No,Free Shipping,No,No,39,1,Quarterly,Female_New Mexico_49,7/24/2023,FALSE,,0,0,0
2642,3887,37,Female,Dishwashing Liquid,Household,4600000,Tabriz,S,Brown,Summer,3.9,No,Express,No,No,40,0,Quarterly,Female_Iowa_37,9/16/2023,FALSE,,0,0,0
2485,3888,40,Female,Toothpaste,Personal Care,1700000,Tehran,M,Charcoal,Spring,2.7,No,Express,No,No,1,0,Quarterly,Female_Kansas_40,1/8/2023,FALSE,,0,0,0
2643,3889,45,Female,Mineral Water 1.5L,Beverages,3450000,Mashhad,M,Violet,Spring,3.4,No,Standard,No,No,14,0,Bi-Weekly,Female_Virginia_45,8/9/2023,FALSE,,0,0,0
2575,3890,57,Female,Dishwashing Liquid,Household,3250000,Kermanshah,S,Yellow,Spring,3.5,No,Express,No,No,49,0,Annually,Female_Alaska_57,6/21/2023,FALSE,,0,0,0
2644,3891,35,Female,Mixed Nuts,Snacks,4050000,Ahvaz,XL,Green,Winter,2.6,No,Standard,No,No,33,0,Annually,Female_Nebraska_35,10/3/2023,FALSE,,0,0,0
1873,3892,36,Female,Body Wash,Personal Care,1500000,Urmia,L,Peach,Winter,4.7,No,Free Shipping,No,No,6,0,Quarterly,Female_Colorado_36,8/4/2023,FALSE,,0,0,0
2645,3893,35,Female,Yogurt Bucket,Dairy,4300000,Rasht,L,Indigo,Summer,3.5,No,Standard,No,No,5,0,Fortnightly,Female_Michigan_35,8/17/2023,FALSE,,0,0,0
2646,3894,21,Female,Cola 1.5L,Beverages,3200000,Qazvin,L,White,Fall,3.3,No,Store Pickup,No,No,29,0,Bi-Weekly,Female_Massachusetts_21,5/13/2023,FALSE,,0,0,0
2615,3895,66,Female,Paper Towel Pack,Household,3900000,Kermanshah,L,White,Spring,3.9,No,2-Day Shipping,No,No,44,0,Every 3 Months,Female_Connecticut_66,10/18/2023,FALSE,,0,0,0
2647,3896,40,Female,Chocolate Bar,Snacks,1400000,Kerman,L,Turquoise,Summer,4.2,No,2-Day Shipping,No,No,32,0,Weekly,Female_Virginia_40,4/6/2023,FALSE,,0,0,0
2648,3897,52,Female,Baguette,Bakery,2450000,Arak,L,White,Spring,4.5,No,Store Pickup,No,No,41,0,Bi-Weekly,Female_Iowa_52,9/13/2023,FALSE,,0,0,0
2649,3898,46,Female,Rice 10kg,Grocery,1650000,Yazd,L,Green,Spring,2.9,No,Standard,No,No,24,0,Quarterly,Female_New Jersey_46,11/30/2023,TRUE,Yalda Festival,0,1,0
2201,3899,44,Female,Dishwashing Liquid,Household,3850000,Qom,S,Brown,Summer,3.8,No,Express,No,No,24,0,Weekly,Female_Minnesota_44,10/21/2023,FALSE,,0,0,0
2650,3900,52,Female,Mineral Water 1.5L,Beverages,4050000,Tehran,M,Beige,Spring,3.1,No,Store Pickup,No,No,33,0,Quarterly,Female_California_52,9/12/2023,FALSE,,0,0,0
